1156;9;0;23;9.1;8649;09:37:33.07;0;5.52285;86.32126;1;6.50;0;0;5;1;0;0;0;0;6;3;2180745307;0;0;0;62;0
1561;9;0;33;9.3;7877;09:37:33.58;0;66.65874;-41.97447;1;7.1;0;0;5;1;0;0;0;0;6;3;2180745358;0;0;0;62;0
1618;9;0;43;9.9;5410;09:37:33.57;0;-17.42463;51.21901;1;7.1;0;0;5;1;0;0;0;0;6;3;2180745357;0;0;0;62;0
1704;9;0;18;9.6;6510;09:37:33.90;0;-64.64914;-7.71049;1;7.32;0;0;5;1;0;0;0;0;6;3;2180745390;0;0;0;62;0
857;9;0;38;9.1;8847;09:37:33.45;0;-42.52880;-77.58837;1;6.88;0;0;5;1;0;0;0;0;6;3;2180745345;0;0;0;62;0
1156;8;0;23;8.6;10723;09:37:32.04;0;-61.31224;87.97431;1;5.47;0;0;5;1;0;0;0;0;7;3;2180745204;0;0;0;62;0
288;8;0;28;8.5;10898;09:37:33.63;0;-11.12168;-108.41364;1;7.6;0;0;5;1;0;0;0;0;6;3;2180745363;0;0;0;62;0
1561;8;0;33;8.7;10321;09:37:32.48;0;101.86566;16.60936;1;5.91;0;0;5;1;0;0;0;0;7;3;2180745248;0;0;0;62;0
857;10;0;38;10.5;2184;09:37:32.52;1;-21.67107;2.72084;1;5.95;0;0;5;1;0;0;0;0;7;3;2180745252;0;0;0;62;0
1618;9;0;43;9.6;6564;09:37:32.57;0;39.61043;-52.35351;1;6.0;0;0;5;1;0;0;0;0;7;3;2180745257;0;0;0;62;0
1704;10;0;18;10.6;1648;09:37:32.57;1;9.83234;13.22847;1;5.99;0;0;5;1;0;0;0;0;7;3;2180745257;0;0;0;62;0
878;8;0;13;8.4;11312;09:37:34.14;0;-55.89538;-98.34640;1;7.57;0;0;5;1;0;0;0;0;6;3;2180745414;0;0;0;62;0
288;10;0;28;10.1;4744;09:37:32.76;0;28.08475;-38.24239;1;6.18;0;0;5;1;0;0;0;0;7;3;2180745276;0;0;0;62;0
1561;10;0;33;10.5;2130;09:37:31.43;1;9.98633;18.81497;1;4.86;0;0;5;1;0;0;0;0;8;3;2180745143;0;0;0;62;0
878;8;0;13;8.8;9817;09:37:33.15;0;-39.65843;-89.80543;1;6.57;0;0;5;1;0;0;0;0;7;3;2180745315;0;0;0;62;0
1156;9;0;23;9.8;5804;09:37:31.02;0;-49.30152;30.63204;1;4.45;0;0;5;1;0;0;0;0;8;3;2180745102;0;0;0;62;0
1618;9;0;43;9.3;7892;09:37:31.63;0;-39.96525;-68.05652;1;5.6;0;0;5;1;0;0;0;0;8;3;2180745163;0;0;0;62;0
878;10;0;13;10.2;3847;09:37:32.21;0;-23.21155;30.68693;1;5.63;0;0;5;1;0;0;0;0;8;3;2180745221;0;0;0;62;0
1704;10;0;18;10.5;2137;09:37:31.32;1;10.84632;-18.41851;1;4.74;0;0;5;1;0;0;0;0;8;3;2180745132;0;0;0;62;0
1156;10;0;23;10.2;4020;09:37:29.97;0;13.29250;37.94026;1;3.40;0;0;5;1;0;0;0;0;9;3;2180744997;0;0;0;62;0
288;10;0;28;10.6;2098;09:37:31.85;1;17.10958;12.15866;1;5.28;0;0;5;1;0;0;0;0;8;3;2180745185;0;0;0;62;0
857;9;0;38;9.2;8109;09:37:31.47;0;-57.36198;-57.32423;1;4.90;0;0;5;1;0;0;0;0;8;3;2180745147;0;0;0;62;0
878;9;0;13;9.5;6977;09:37:31.34;0;45.24284;53.11474;1;4.76;0;0;5;1;0;0;0;0;9;3;2180745134;0;0;0;62;0
1561;9;0;33;9.5;7056;09:37:30.33;0;41.45877;-57.10726;1;3.76;0;0;5;1;0;0;0;0;9;3;2180745033;0;0;0;62;0
1704;9;0;18;9.8;5812;09:37:30.11;0;-13.45889;-56.54383;1;3.53;0;0;5;1;0;0;0;0;9;3;2180745011;0;0;0;62;0
1156;10;0;23;10.2;4071;09:37:28.73;0;-5.49615;40.33904;1;2.16;0;0;5;1;0;1;0;0;10;3;2180744873;0;0;0;62;0
857;10;0;38;10.5;2317;09:37:30.44;1;22.81984;4.02688;1;3.87;0;0;5;1;0;0;0;0;9;3;2180745044;0;0;0;62;0
1618;10;0;43;10.1;4721;09:37:30.62;0;-11.84663;-45.70054;1;4.5;0;0;5;1;0;0;0;0;9;3;2180745062;0;0;0;62;0
288;10;0;28;10.2;3778;09:37:31.01;0;-30.43919;22.38835;1;4.43;0;0;5;1;0;0;0;0;9;3;2180745101;0;0;0;62;0
1561;10;0;33;10.0;4885;09:37:29.17;0;45.70684;-17.24460;1;2.60;0;0;5;1;0;1;0;0;10;3;2180744917;0;0;0;62;0
878;9;0;13;9.5;7218;09:37:30.34;0;-37.89964;61.44040;1;3.76;0;0;5;1;0;1;0;0;10;3;2180745034;0;0;0;62;0
1704;10;0;18;10.4;2845;09:37:28.56;0;22.69730;-17.16315;1;1.98;0;0;5;1;0;1;0;0;10;3;2180744856;0;0;0;62;0
288;10;0;28;10.3;3325;09:37:29.92;0;-7.29711;32.44079;1;3.35;0;0;5;1;0;1;0;0;10;3;2180744992;0;0;0;62;0
857;8;0;38;8.7;10156;09:37:29.18;0;17.82092;99.99429;1;2.61;0;0;5;1;0;1;0;0;10;3;2180744918;0;0;0;62;0
1618;8;0;43;8.8;9743;09:37:29.37;0;15.59590;96.18099;1;2.80;0;0;5;1;0;1;0;0;10;3;2180744937;0;0;0;62;0
1704;9;1;18;9.6;6612;09:40:13.63;0;-26.65421;-60.51210;1;7.45;0;0;5;1;0;0;1;1;14;3;2180761363;0;0;0;62;0
288;9;1;28;9.4;7342;09:40:12.94;0;-67.80190;-28.18769;1;6.77;0;0;5;1;0;0;1;1;14;3;2180761294;0;0;0;62;0
1561;9;1;33;9.7;6465;09:40:12.90;0;55.85001;32.56431;1;6.73;0;0;5;1;0;0;1;1;14;3;2180761290;0;0;0;62;0
1618;7;1;43;7.6;14775;09:40:13.19;0;-84.47106;-121.22950;1;7.1;0;0;5;1;0;0;1;1;14;3;2180761319;0;0;0;62;0
878;10;1;13;10.4;3148;09:40:13.43;0;-15.84545;-27.21261;1;7.25;0;0;5;1;0;0;1;1;14;3;2180761343;0;0;0;62;0
1156;9;1;23;9.8;5711;09:40:13.08;0;8.56354;-56.46978;1;6.91;0;0;5;1;0;0;1;1;14;3;2180761308;0;0;0;62;0
857;10;1;38;10.2;4170;09:40:13.10;0;-11.42670;40.10499;1;6.93;0;0;5;1;0;0;1;1;14;3;2180761310;0;0;0;62;0
878;9;1;13;9.9;5332;09:40:12.26;0;-10.96153;52.18372;1;6.9;0;0;5;1;0;0;1;1;15;3;2180761226;0;0;0;62;0
288;10;1;28;10.0;5276;09:40:12.00;0;-20.91036;-48.44274;1;5.83;0;0;5;1;0;0;1;1;15;3;2180761200;0;0;0;62;0
1561;10;1;33;10.1;4475;09:40:11.89;0;-33.84456;-29.27642;1;5.72;0;0;5;1;0;0;1;1;15;3;2180761189;0;0;0;62;0
1704;10;1;18;10.9;500;09:40:12.36;1;3.30917;-3.75635;1;6.18;0;0;5;1;0;0;1;1;15;3;2180761236;0;0;0;62;0
1156;10;1;23;10.5;2130;09:40:12.09;1;-1.43790;21.25660;1;5.92;0;0;5;1;0;0;1;1;15;3;2180761209;0;0;0;62;0
857;9;1;38;9.9;5509;09:40:12.05;0;-8.38450;-54.45423;1;5.87;0;0;5;1;0;0;1;1;15;3;2180761205;0;0;0;62;0
1618;9;1;43;9.1;8790;09:40:11.92;0;20.42363;85.49587;1;5.75;0;0;5;1;0;0;1;1;15;3;2180761192;0;0;0;62;0
878;10;1;13;10.2;3897;09:40:11.28;0;-19.01903;-34.01965;1;5.10;0;0;5;1;0;0;1;1;16;3;2180761128;0;0;0;62;0
1156;10;1;23;10.1;4337;09:40:11.02;0;-43.27752;2.91346;1;4.85;0;0;5;1;0;0;1;1;16;3;2180761102;0;0;0;62;0
288;9;1;28;9.5;7058;09:40:10.89;0;-49.26078;-50.54674;1;4.72;0;0;5;1;0;0;1;1;16;3;2180761089;0;0;0;62;0
1704;10;1;18;10.6;1661;09:40:11.17;1;4.53465;-15.98042;1;4.99;0;0;5;1;0;0;1;1;16;3;2180761117;0;0;0;62;0
1156;10;1;23;10.7;1303;09:40:09.90;1;-12.95854;-1.37533;1;3.73;0;0;5;1;0;0;1;1;17;3;2180760990;0;0;0;62;0
1561;10;1;33;10.0;4849;09:40:10.94;0;34.70346;33.88024;1;4.77;0;0;5;1;0;0;1;1;16;3;2180761094;0;0;0;62;0
857;10;1;38;10.2;3710;09:40:10.96;0;18.50313;-32.16668;1;4.80;0;0;5;1;0;0;1;1;16;3;2180761096;0;0;0;62;0
1618;10;1;43;10.7;1268;09:40:10.91;1;12.67451;-0.47476;1;4.74;0;0;5;1;0;0;1;1;16;3;2180761091;0;0;0;62;0
878;9;1;13;9.9;5361;09:40:10.06;0;-52.62055;10.29998;1;3.89;0;0;5;1;0;0;1;1;17;3;2180761006;0;0;0;62;0
288;10;1;28;10.6;2055;09:40:09.81;1;-20.05154;4.51343;1;3.63;0;0;5;1;0;0;1;1;17;3;2180760981;0;0;0;62;0
1704;9;1;18;9.9;5603;09:40:09.81;0;-49.71553;-25.85022;1;3.63;0;0;5;1;0;0;1;1;17;3;2180760981;0;0;0;62;0
1618;10;1;43;10.6;2060;09:40:09.74;1;-10.15659;-17.93041;1;3.57;0;0;5;1;0;0;1;1;17;3;2180760974;0;0;0;62;0
1561;8;1;33;8.5;11206;09:40:09.81;0;94.37468;60.43354;1;3.64;0;0;5;1;0;0;1;1;17;3;2180760981;0;0;0;62;0
857;9;1;38;9.9;5600;09:40:09.83;0;10.83432;-54.94304;1;3.66;0;0;5;1;0;0;1;1;17;3;2180760983;0;0;0;62;0
878;10;1;13;10.7;1246;09:40:08.91;1;-2.44922;12.21876;1;2.73;0;0;5;1;0;1;1;1;18;3;2180760891;0;0;0;62;0
288;9;1;28;9.6;6628;09:40:08.72;0;-24.54227;61.57678;1;2.55;0;0;5;1;0;1;1;1;18;3;2180760872;0;0;0;62;0
1704;10;1;18;10.5;2523;09:40:08.37;1;21.37558;13.40798;1;2.19;0;0;5;1;0;1;1;1;18;3;2180760837;0;0;0;62;0
1156;10;1;23;10.0;5020;09:40:08.60;0;45.69180;20.79891;1;2.42;0;0;5;1;0;1;1;1;18;3;2180760860;0;0;0;62;0
1618;10;1;43;10.3;3350;09:40:08.45;0;-28.95942;16.85307;1;2.28;0;0;5;1;0;1;1;1;18;3;2180760845;0;0;0;62;0
1561;10;1;33;10.3;3484;09:40:08.69;0;0.60191;34.84271;1;2.53;0;0;5;1;0;1;1;1;18;3;2180760869;0;0;0;62;0
857;9;1;38;9.7;6234;09:40:08.59;0;25.25974;-56.99584;1;2.42;0;0;5;1;0;1;1;1;18;3;2180760859;0;0;0;62;0
878;10;1;13;10.7;1336;09:42:47.05;1;1.82579;13.24268;1;7.2;0;0;5;1;0;0;2;1;22;3;2180776705;0;0;0;62;0
1704;9;1;18;9.6;6491;09:42:47.02;0;-2.65463;-64.86194;1;6.99;0;0;5;1;0;0;2;1;22;3;2180776702;0;0;0;62;0
1156;9;1;23;9.3;7699;09:42:46.57;0;76.65233;-7.20391;1;6.55;0;0;5;1;0;0;2;1;22;3;2180776657;0;0;0;62;0
288;9;1;28;9.9;5333;09:42:46.34;0;14.69714;51.27084;1;6.31;0;0;5;1;0;0;2;1;22;3;2180776634;0;0;0;62;0
1561;10;1;33;10.7;1230;09:42:46.69;1;-10.24226;-6.82084;1;6.66;0;0;5;1;0;0;2;1;22;3;2180776669;0;0;0;62;0
857;9;1;38;9.0;9092;09:42:46.71;0;17.61494;-89.20383;1;6.69;0;0;5;1;0;0;2;1;22;3;2180776671;0;0;0;62;0
1618;9;1;43;9.4;7301;09:42:46.37;0;50.14665;53.07404;1;6.35;0;0;5;1;0;0;2;1;22;3;2180776637;0;0;0;62;0
878;9;1;13;9.5;6916;09:42:45.99;0;66.56770;18.76755;1;5.96;0;0;5;1;0;0;2;1;23;3;2180776599;0;0;0;62;0
1156;10;1;23;10.0;5093;09:42:45.64;0;24.34781;44.73781;1;5.61;0;0;5;1;0;0;2;1;23;3;2180776564;0;0;0;62;0
288;9;1;28;9.3;7845;09:42:45.38;0;21.11264;75.55702;1;5.36;0;0;5;1;0;0;2;1;23;3;2180776538;0;0;0;62;0
1618;9;1;43;9.9;5540;09:42:45.38;0;-20.30394;51.55002;1;5.36;0;0;5;1;0;0;2;1;23;3;2180776538;0;0;0;62;0
1704;10;1;18;10.3;3530;09:42:45.68;0;-24.67775;-25.24270;1;5.65;0;0;5;1;0;0;2;1;23;3;2180776568;0;0;0;62;0
1561;10;1;33;10.5;2300;09:42:45.75;1;-22.86434;-2.52392;1;5.73;0;0;5;1;0;0;2;1;23;3;2180776575;0;0;0;62;0
857;9;1;38;9.3;7867;09:42:45.79;0;66.30445;42.34167;1;5.77;0;0;5;1;0;0;2;1;23;3;2180776579;0;0;0;62;0
878;10;1;13;10.3;3261;09:42:44.82;0;-25.01576;-20.92440;1;4.79;0;0;5;1;0;0;2;1;24;3;2180776482;0;0;0;62;0
1156;9;1;23;9.9;5361;09:42:44.43;0;47.26090;-25.30906;1;4.41;0;0;5;1;0;0;2;1;24;3;2180776443;0;0;0;62;0
1618;9;1;43;9.8;5856;09:42:44.42;0;34.61013;47.24878;1;4.40;0;0;5;1;0;0;2;1;24;3;2180776442;0;0;0;62;0
1156;10;1;23;10.0;4958;09:42:43.38;0;-46.18832;-18.03170;1;3.35;0;0;5;1;0;0;2;1;25;3;2180776338;0;0;0;62;0
288;9;1;28;9.8;5735;09:42:44.50;0;-57.04894;5.96126;1;4.48;0;0;5;1;0;0;2;1;24;3;2180776450;0;0;0;62;0
1561;10;1;33;10.6;2081;09:42:44.80;1;15.84055;-13.49596;1;4.77;0;0;5;1;0;0;2;1;24;3;2180776480;0;0;0;62;0
857;10;1;38;10.4;3004;09:42:44.83;0;28.82949;8.46863;1;4.81;0;0;5;1;0;0;2;1;24;3;2180776483;0;0;0;62;0
878;10;1;13;10.5;2142;09:42:43.86;1;-12.80419;17.18215;1;3.83;0;0;5;1;0;0;2;1;25;3;2180776386;0;0;0;62;0
1704;9;1;18;9.9;5442;09:42:44.49;0;26.58982;-47.48433;1;4.46;0;0;5;1;0;0;2;1;24;3;2180776449;0;0;0;62;0
1561;10;1;33;10.7;1529;09:42:43.73;1;14.10104;-5.92851;1;3.71;0;0;5;1;0;0;2;1;25;3;2180776373;0;0;0;62;0
1618;9;1;43;9.8;5755;09:42:43.44;0;50.17065;28.20818;1;3.42;0;0;5;1;0;0;2;1;25;3;2180776344;0;0;0;62;0
1704;9;1;18;9.6;6607;09:42:43.39;0;-5.93750;-65.80902;1;3.36;0;0;5;1;0;0;2;1;25;3;2180776339;0;0;0;62;0
288;10;1;28;10.2;3972;09:42:43.50;0;-0.56376;-39.72531;1;3.48;0;0;5;1;0;0;2;1;25;3;2180776350;0;0;0;62;0
857;10;1;38;10.4;3100;09:42:43.77;0;-7.19038;-30.16260;1;3.75;0;0;5;1;0;0;2;1;25;3;2180776377;0;0;0;62;0
878;9;1;13;9.5;7104;09:42:42.72;0;-23.98043;66.87035;1;2.69;0;0;5;1;0;1;2;1;26;3;2180776272;0;0;0;62;0
1156;10;1;23;10.1;4303;09:42:42.17;0;23.63854;35.95574;1;2.15;0;0;5;1;0;1;2;1;26;3;2180776217;0;0;0;62;0
288;9;1;28;9.8;5895;09:42:42.42;0;7.15181;58.51819;1;2.39;0;0;5;1;0;1;2;1;26;3;2180776242;0;0;0;62;0
1561;9;1;33;9.3;7840;09:42:42.55;0;65.29295;43.40431;1;2.52;0;0;5;1;0;1;2;1;26;3;2180776255;0;0;0;62;0
857;10;1;38;10.3;3515;09:42:42.67;0;-5.03005;34.79192;1;2.64;0;0;5;1;0;1;2;1;26;3;2180776267;0;0;0;62;0
1618;9;1;43;9.9;5441;09:42:42.46;0;-38.03506;38.91824;1;2.43;0;0;5;1;0;1;2;1;26;3;2180776246;0;0;0;62;0
1704;10;1;18;10.3;3693;09:42:42.05;0;9.64186;35.65383;1;2.1;0;0;5;1;0;1;2;1;26;3;2180776205;0;0;0;62;0
288;9;1;28;9.5;6882;09:45:20.07;0;-11.44505;67.86922;1;5.26;0;0;5;1;0;0;3;1;30;3;2180792007;0;0;0;62;0
1561;10;1;33;10.3;3337;09:45:19.79;0;5.29836;-32.95085;1;4.98;0;0;5;1;0;0;3;1;30;3;2180791979;0;0;0;62;0
878;9;1;13;9.5;7162;09:45:20.57;0;56.31490;44.26610;1;5.74;0;0;5;1;0;0;3;1;30;3;2180792057;0;0;0;62;0
1704;10;1;18;10.0;5004;09:45:20.53;0;42.38973;-26.59976;1;5.70;0;0;5;1;0;0;3;1;30;3;2180792053;0;0;0;62;0
1156;9;1;23;9.7;6210;09:45:20.39;0;61.08854;11.20430;1;5.58;0;0;5;1;0;0;3;1;30;3;2180792039;0;0;0;62;0
857;9;1;38;9.5;6964;09:45:20.61;0;-69.63918;0.95542;1;5.79;0;0;5;1;0;0;3;1;30;3;2180792061;0;0;0;62;0
1618;9;1;43;9.9;5577;09:45:20.19;0;29.75002;47.17603;1;5.37;0;0;5;1;0;0;3;1;30;3;2180792019;0;0;0;62;0
288;10;1;28;10.6;1685;09:45:19.33;1;-0.59333;-16.84695;1;4.51;0;0;5;1;0;0;3;1;31;3;2180791933;0;0;0;62;0
878;8;1;13;8.1;12705;09:45:19.64;0;-109.67056;-64.14574;1;4.81;0;0;5;1;0;0;3;1;31;3;2180791964;0;0;0;62;0
1704;9;1;18;9.5;7070;09:45:19.63;0;70.47391;5.68141;1;4.80;0;0;5;1;0;0;3;1;31;3;2180791963;0;0;0;62;0
1156;9;1;23;9.1;8799;09:45:19.44;0;-70.93550;-52.06778;1;4.63;0;0;5;1;0;0;3;1;31;3;2180791944;0;0;0;62;0
1561;10;1;33;10.3;3495;09:45:19.14;0;31.87110;14.34459;1;4.32;0;0;5;1;0;0;3;1;31;3;2180791914;0;0;0;62;0
857;8;1;38;8.6;10628;09:45:19.73;0;-89.59366;57.17359;1;4.91;0;0;5;1;0;0;3;1;31;3;2180791973;0;0;0;62;0
1618;10;1;43;10.3;3377;09:45:19.48;0;-15.43690;30.04599;1;4.66;0;0;5;1;0;0;3;1;31;3;2180791948;0;0;0;62;0
1156;9;1;23;9.8;6029;09:45:18.60;0;44.86817;40.27384;1;3.78;0;0;5;1;0;0;3;1;32;3;2180791860;0;0;0;62;0
288;10;1;28;10.4;3060;09:45:18.47;0;-26.68493;14.99107;1;3.65;0;0;5;1;0;0;3;1;32;3;2180791847;0;0;0;62;0
878;9;1;13;9.9;5401;09:45:18.74;0;44.48295;30.63806;1;3.91;0;0;5;1;0;0;3;1;32;3;2180791874;0;0;0;62;0
857;10;1;38;10.4;2766;09:45:18.89;1;-17.01863;-21.80897;1;4.7;0;0;5;1;0;0;3;1;32;3;2180791889;0;0;0;62;0
1618;10;1;43;10.5;2292;09:45:18.72;1;5.01898;22.36979;1;3.90;0;0;5;1;0;0;3;1;32;3;2180791872;0;0;0;62;0
878;9;1;13;9.5;7278;09:45:17.84;0;-61.62352;-38.73121;1;3.1;0;0;5;1;0;0;3;1;33;3;2180791784;0;0;0;62;0
1156;10;1;23;10.2;4204;09:45:17.67;0;20.67577;-36.61481;1;2.86;0;0;5;1;0;0;3;1;33;3;2180791767;0;0;0;62;0
288;9;1;28;9.5;6939;09:45:17.69;0;-19.40188;-66.63026;1;2.87;0;0;5;1;0;0;3;1;33;3;2180791769;0;0;0;62;0
1561;10;1;33;10.2;4111;09:45:18.48;0;40.06499;-9.22331;1;3.66;0;0;5;1;0;0;3;1;32;3;2180791848;0;0;0;62;0
1704;10;1;18;10.3;3506;09:45:18.76;0;27.28647;-22.01586;1;3.93;0;0;5;1;0;0;3;1;32;3;2180791876;0;0;0;62;0
1561;9;1;33;9.0;9151;09:45:17.78;0;79.35799;45.58468;1;2.97;0;0;5;1;0;0;3;1;33;3;2180791778;0;0;0;62;0
857;10;1;38;10.0;5072;09:45:18.01;0;-50.28198;6.68559;1;3.19;0;0;5;1;0;0;3;1;33;3;2180791801;0;0;0;62;0
1618;10;1;43;10.1;4524;09:45:17.90;0;9.20471;44.29923;1;3.8;0;0;5;1;0;0;3;1;33;3;2180791790;0;0;0;62;0
1704;10;1;18;10.6;1844;09:45:17.82;1;-12.15809;13.86906;1;2.99;0;0;5;1;0;0;3;1;33;3;2180791782;0;0;0;62;0
1156;10;1;23;10.2;4198;09:45:16.67;0;-38.79852;16.04788;1;1.85;0;0;5;1;0;1;3;1;34;3;2180791667;0;0;0;62;0
288;8;1;28;8.0;12919;09:45:16.89;0;-4.46761;129.11829;1;2.8;0;0;5;1;0;1;3;1;34;3;2180791689;0;0;0;62;0
878;8;1;13;8.5;11207;09:45:16.93;0;-110.20894;-20.34488;1;2.10;0;0;5;1;0;1;3;1;34;3;2180791693;0;0;0;62;0
1561;9;1;33;9.8;5872;09:45:17.04;0;50.82490;29.41126;1;2.22;0;0;5;1;0;1;3;1;34;3;2180791704;0;0;0;62;0
1618;9;1;43;9.5;7108;09:45:16.89;0;1.03652;-71.07531;1;2.7;0;0;5;1;0;1;3;1;34;3;2180791689;0;0;0;62;0
1704;10;1;18;10.5;2465;09:45:16.58;1;19.11198;15.58137;1;1.75;0;0;5;1;0;1;3;1;34;3;2180791658;0;0;0;62;0
857;9;1;38;9.5;7240;09:45:17.10;0;-1.61543;72.38717;1;2.28;0;0;5;1;0;1;3;1;34;3;2180791710;0;0;0;62;0
288;8;1;28;8.4;11514;09:47:57.68;0;-114.55754;11.60449;1;5.22;0;0;5;1;0;0;4;1;38;3;2180807768;0;0;0;62;0
1618;10;1;43;10.1;4316;09:47:57.93;0;-40.93676;13.70155;1;5.46;0;0;5;1;0;0;4;1;38;3;2180807793;0;0;0;62;0
1704;9;1;18;9.5;7151;09:47:58.23;0;-70.91366;-9.22745;1;5.76;0;0;5;1;0;0;4;1;38;3;2180807823;0;0;0;62;0
1561;9;1;33;9.3;8002;09:47:58.08;0;-79.88030;-4.77717;1;5.62;0;0;5;1;0;0;4;1;38;3;2180807808;0;0;0;62;0
857;9;1;38;9.3;7828;09:47:57.87;0;-56.79606;-53.88051;1;5.41;0;0;5;1;0;0;4;1;38;3;2180807787;0;0;0;62;0
878;10;1;13;10.3;3477;09:47:57.98;0;-28.75233;-19.55794;1;5.50;0;0;5;1;0;0;4;1;38;3;2180807798;0;0;0;62;0
1156;10;1;23;10.4;3142;09:47:58.16;0;-31.39707;1.35770;1;5.70;0;0;5;1;0;0;4;1;38;3;2180807816;0;0;0;62;0
288;9;1;28;9.0;9163;09:47:56.89;0;-24.73643;-88.23555;1;4.43;0;0;5;1;0;0;4;1;39;3;2180807689;0;0;0;62;0
878;9;1;13;9.4;7493;09:47:57.22;0;-41.10743;-62.64903;1;4.75;0;0;5;1;0;0;4;1;39;3;2180807722;0;0;0;62;0
1704;10;1;18;10.4;2705;09:47:57.34;1;-23.08757;-14.10101;1;4.87;0;0;5;1;0;0;4;1;39;3;2180807734;0;0;0;62;0
1156;9;1;23;9.7;6299;09:47:57.38;0;34.56412;52.66458;1;4.92;0;0;5;1;0;0;4;1;39;3;2180807738;0;0;0;62;0
1561;9;1;33;9.3;7735;09:47:57.31;0;73.31057;24.67195;1;4.85;0;0;5;1;0;0;4;1;39;3;2180807731;0;0;0;62;0
857;10;1;38;10.5;2590;09:47:57.12;1;-12.54152;-22.66949;1;4.66;0;0;5;1;0;0;4;1;39;3;2180807712;0;0;0;62;0
1618;9;1;43;9.5;6963;09:47:57.12;0;-40.66262;56.52901;1;4.66;0;0;5;1;0;0;4;1;39;3;2180807712;0;0;0;62;0
288;10;1;28;10.0;5093;09:47:56.09;0;-33.59616;-38.28485;1;3.62;0;0;5;1;0;0;4;1;40;3;2180807609;0;0;0;62;0
878;10;1;13;10.0;4944;09:47:56.44;0;-48.32507;10.47602;1;3.96;0;0;5;1;0;0;4;1;40;3;2180807644;0;0;0;62;0
1156;9;1;23;9.6;6545;09:47:56.54;0;65.36424;3.44270;1;4.7;0;0;5;1;0;0;4;1;40;3;2180807654;0;0;0;62;0
857;9;1;38;9.4;7463;09:47:56.25;0;17.18844;72.62548;1;3.79;0;0;5;1;0;0;4;1;40;3;2180807625;0;0;0;62;0
1704;10;1;18;10.6;2068;09:47:56.37;1;-20.67787;-0.39237;1;3.90;0;0;5;1;0;0;4;1;40;3;2180807637;0;0;0;62;0
1156;10;1;23;10.4;3091;09:47:55.66;0;-10.72477;-28.99368;1;3.20;0;0;5;1;0;0;4;1;41;3;2180807566;0;0;0;62;0
1561;9;1;33;9.7;6126;09:47:56.52;0;53.77363;29.35350;1;4.6;0;0;5;1;0;0;4;1;40;3;2180807652;0;0;0;62;0
1618;9;1;43;9.6;6845;09:47:56.32;0;13.50717;67.10522;1;3.86;0;0;5;1;0;0;4;1;40;3;2180807632;0;0;0;62;0
878;10;1;13;10.3;3581;09:47:55.63;0;-35.79453;-1.14897;1;3.16;0;0;5;1;0;0;4;1;41;3;2180807563;0;0;0;62;0
288;9;1;28;9.1;8658;09:47:55.26;0;59.45919;62.93733;1;2.80;0;0;5;1;0;0;4;1;41;3;2180807526;0;0;0;62;0
857;9;1;38;9.7;6116;09:47:55.41;0;-39.06723;-47.06237;1;2.96;0;0;5;1;0;0;4;1;41;3;2180807541;0;0;0;62;0
1561;9;1;33;9.4;7499;09:47:55.78;0;74.32274;9.99947;1;3.32;0;0;5;1;0;0;4;1;41;3;2180807578;0;0;0;62;0
1618;10;1;43;10.1;4417;09:47:55.45;0;-9.00548;43.24712;1;2.99;0;0;5;1;0;0;4;1;41;3;2180807545;0;0;0;62;0
1704;9;1;18;9.6;6487;09:47:55.46;0;64.87498;-0.42536;1;2.99;0;0;5;1;0;0;4;1;41;3;2180807546;0;0;0;62;0
1156;8;1;23;8.4;11595;09:47:54.64;0;-22.30008;113.79300;1;2.18;0;0;5;1;0;1;4;1;42;3;2180807464;0;0;0;62;0
288;10;1;28;10.3;3278;09:47:54.47;0;-30.53969;-11.93584;1;2.1;0;0;5;1;0;1;4;1;42;3;2180807447;0;0;0;62;0
878;10;1;13;10.5;2262;09:47:54.74;1;4.76635;22.11780;1;2.27;0;0;5;1;0;1;4;1;42;3;2180807474;0;0;0;62;0
857;10;1;38;10.6;1795;09:47:54.51;1;-17.95641;0.24458;1;2.5;0;0;5;1;0;1;4;1;42;3;2180807451;0;0;0;62;0
1618;9;1;43;9.2;8222;09:47:54.56;0;-71.80215;-40.06101;1;2.10;0;0;5;1;0;1;4;1;42;3;2180807456;0;0;0;62;0
1704;8;1;18;8.7;10259;09:47:54.45;0;-63.14608;80.86339;1;1.98;0;0;5;1;0;1;4;1;42;3;2180807445;0;0;0;62;0
1561;10;1;33;10.2;3753;09:47:54.85;0;3.10917;-37.40423;1;2.39;0;0;5;1;0;1;4;1;42;3;2180807485;0;0;0;62;0
1561;9;1;33;9.9;5353;09:50:37.74;0;-53.35625;-4.39800;1;3.84;0;0;5;1;0;0;5;1;46;3;2180823774;0;0;0;62;0
1561;9;1;33;9.8;5986;09:50:37.29;0;-45.02135;-39.46196;1;3.38;0;0;5;1;0;0;5;1;47;3;2180823729;0;0;0;62;0
1561;8;1;33;8.5;11061;09:50:36.78;0;92.15262;61.18071;1;2.88;0;0;5;1;0;0;5;1;48;3;2180823678;0;0;0;62;0
288;9;1;28;9.7;6394;09:50:38.06;0;27.15859;-57.89240;1;0.6;0;0;5;1;0;0;5;1;46;3;2180823806;0;0;0;62;0
857;8;1;38;8.4;11368;09:50:38.01;0;-26.40729;-110.57908;1;0.2;0;0;5;1;0;0;5;1;46;3;2180823801;0;0;0;62;0
1618;10;1;43;10.0;4925;09:50:37.97;0;-46.88090;-15.11483;1;4.7;0;0;5;1;0;0;5;1;46;3;2180823797;0;0;0;62;0
878;0;1;13;0;0;09:50:45.91;0;0.00000;0.00000;1;0.0;0;1;5;1;0;0;5;1;46;3;2180824591;0;0;0;65535;0
1704;8;1;18;8.9;9375;09:50:38.20;0;-82.78570;-43.99810;1;0.19;0;0;5;1;0;0;5;1;46;3;2180823820;0;0;0;62;0
1156;9;1;23;9.7;6359;09:50:37.94;0;-17.79949;-61.05045;1;4.4;0;0;5;1;0;0;5;1;46;3;2180823794;0;0;0;62;0
1561;8;1;33;8.4;11479;09:50:36.22;0;-14.49096;113.87656;1;2.32;0;0;5;1;0;0;5;1;49;3;2180823622;0;0;0;62;0
878;10;1;13;10.6;1602;09:50:37.47;1;-15.21846;-5.02572;1;3.56;0;0;5;1;0;0;5;1;47;3;2180823747;0;0;0;62;0
288;8;1;28;8.1;12750;09:50:37.49;0;-101.52244;-77.14040;1;3.58;0;0;5;1;0;0;5;1;47;3;2180823749;0;0;0;62;0
878;10;1;13;10.3;3191;09:50:36.86;0;31.90481;-0.60117;1;2.95;0;0;5;1;0;0;5;1;48;3;2180823686;0;0;0;62;0
1704;9;1;18;9.8;5893;09:50:37.58;0;57.44136;-13.18055;1;3.67;0;0;5;1;0;0;5;1;47;3;2180823758;0;0;0;62;0
1156;10;1;23;10.2;4204;09:50:37.41;0;39.99044;-12.97619;1;3.50;0;0;5;1;0;0;5;1;47;3;2180823741;0;0;0;62;0
857;9;1;38;9.8;5936;09:50:37.39;0;-53.93923;24.79693;1;3.48;0;0;5;1;0;0;5;1;47;3;2180823739;0;0;0;62;0
1618;10;1;43;10.2;3840;09:50:37.43;0;-35.59165;-14.42949;1;3.53;0;0;5;1;0;0;5;1;47;3;2180823743;0;0;0;62;0
1156;10;1;23;10.2;4028;09:50:36.83;0;3.48346;-40.13428;1;2.92;0;0;5;1;0;0;5;1;48;3;2180823683;0;0;0;62;0
288;6;1;28;6.6;18658;09:50:36.87;0;-162.47317;-91.73880;1;2.96;0;0;5;1;0;0;5;1;48;3;2180823687;0;0;0;62;0
1561;9;1;33;9.5;6981;09:50:35.59;0;-42.33816;-55.50900;1;1.69;0;0;5;1;0;1;5;1;50;3;2180823559;0;0;0;62;0
857;9;1;38;9.8;5993;09:50:36.83;0;59.51339;-7.07183;1;2.92;0;0;5;1;0;0;5;1;48;3;2180823683;0;0;0;62;0
878;8;1;13;8.7;10390;09:50:36.25;0;80.14741;-66.13258;1;2.34;0;0;5;1;0;0;5;1;49;3;2180823625;0;0;0;62;0
1156;10;1;23;10.2;4059;09:50:36.25;0;39.19351;-10.59047;1;2.34;0;0;5;1;0;0;5;1;49;3;2180823625;0;0;0;62;0
288;10;1;28;10.0;4931;09:50:36.21;0;40.30723;28.40429;1;2.31;0;0;5;1;0;0;5;1;49;3;2180823621;0;0;0;62;0
1618;10;1;43;10.0;4996;09:50:36.88;0;49.89826;2.66505;1;2.98;0;0;5;1;0;0;5;1;48;3;2180823688;0;0;0;62;0
1704;9;1;18;9.0;8886;09:50:36.95;0;82.22924;-33.68477;1;3.4;0;0;5;1;0;0;5;1;48;3;2180823695;0;0;0;62;0
857;8;1;38;8.3;12019;09:50:36.30;0;14.61563;-119.29999;1;2.40;0;0;5;1;0;0;5;1;49;3;2180823630;0;0;0;62;0
288;8;1;28;8.5;10882;09:50:35.59;0;8.71789;108.47501;1;1.69;0;0;5;1;0;1;5;1;50;3;2180823559;0;0;0;62;0
1618;8;1;43;8.7;10167;09:50:36.29;0;-94.65860;37.10583;1;2.39;0;0;5;1;0;0;5;1;49;3;2180823629;0;0;0;62;0
878;0;1;13;0;0;09:50:45.95;0;0.00000;0.00000;1;0.0;0;1;5;1;0;1;5;1;50;3;2180824595;0;0;0;65535;0
1704;8;1;18;8.8;10013;09:50:36.29;0;66.61704;74.76511;1;2.38;0;0;5;1;0;0;5;1;49;3;2180823629;0;0;0;62;0
1156;10;1;23;10.6;1735;09:50:35.62;1;-7.80053;-15.50129;1;1.72;0;0;5;1;0;1;5;1;50;3;2180823562;0;0;0;62;0
857;9;1;38;9.9;5377;09:50:35.73;0;-18.74410;50.39852;1;1.83;0;0;5;1;0;1;5;1;50;3;2180823573;0;0;0;62;0
1618;10;1;43;10.3;3208;09:50:35.65;0;26.71297;-17.76404;1;1.75;0;0;5;1;0;1;5;1;50;3;2180823565;0;0;0;62;0
1704;10;1;18;10.2;3846;09:50:35.51;0;31.63014;21.88645;1;1.60;0;0;5;1;0;1;5;1;50;3;2180823551;0;0;0;62;0
1704;8;1;18;8.9;9510;09:53:22.96;0;-94.01006;14.39942;1;0.13;0;0;5;1;0;0;6;1;54;3;2180840296;0;0;0;62;0
288;9;1;28;9.4;7368;09:53:22.69;0;-45.62017;-57.86153;1;3.97;0;0;5;1;0;0;6;1;54;3;2180840269;0;0;0;62;0
1561;10;1;33;10.2;3976;09:53:22.76;0;24.12182;31.61291;1;4.4;0;0;5;1;0;0;6;1;54;3;2180840276;0;0;0;62;0
857;9;1;38;9.4;7671;09:53:22.77;0;15.51960;-75.12718;1;4.5;0;0;5;1;0;0;6;1;54;3;2180840277;0;0;0;62;0
1618;7;1;43;7.4;15401;09:53:22.99;0;-152.69271;20.12179;1;0.17;0;0;5;1;0;0;6;1;54;3;2180840299;0;0;0;62;0
878;0;1;13;0;20000;09:53:23.17;0;-172.80255;-88.20767;0;0.34;0;0;5;1;0;0;6;1;54;3;2180840317;0;0;0;62;0
1156;8;1;23;8.9;9347;09:53:22.74;0;-85.53129;-37.71714;1;4.2;0;0;5;1;0;0;6;1;54;3;2180840274;0;0;0;62;0
1156;9;1;23;9.7;6184;09:53:22.19;0;5.77307;-61.57698;1;3.47;0;0;5;1;0;0;6;1;55;3;2180840219;0;0;0;62;0
288;7;1;28;7.8;13948;09:53:22.10;0;-133.25219;-41.22032;1;3.38;0;0;5;1;0;0;6;1;55;3;2180840210;0;0;0;62;0
857;9;1;38;9.0;8922;09:53:22.25;0;-58.67713;-67.21181;1;3.53;0;0;5;1;0;0;6;1;55;3;2180840225;0;0;0;62;0
1618;10;1;43;10.1;4345;09:53:22.31;0;42.99908;6.26644;1;3.58;0;0;5;1;0;0;6;1;55;3;2180840231;0;0;0;62;0
878;9;1;13;9.6;6554;09:53:22.59;0;43.53065;-49.00234;1;3.86;0;0;5;1;0;0;6;1;55;3;2180840259;0;0;0;62;0
1704;10;1;18;10.0;4978;09:53:22.35;0;-48.95660;9.03711;1;3.62;0;0;5;1;0;0;6;1;55;3;2180840235;0;0;0;62;0
1561;10;1;33;10.1;4287;09:53:22.22;0;10.09505;-41.66777;1;3.50;0;0;5;1;0;0;6;1;55;3;2180840222;0;0;0;62;0
1618;8;1;43;8.4;11546;09:53:21.72;0;103.78963;50.60607;1;3.0;0;0;5;1;0;0;6;1;56;3;2180840172;0;0;0;62;0
878;9;1;13;9.3;7903;09:53:22.07;0;-77.81599;-13.83622;1;3.34;0;0;5;1;0;0;6;1;56;3;2180840207;0;0;0;62;0
1156;8;1;23;8.8;10064;09:53:21.62;0;-66.72055;-75.34535;1;2.90;0;0;5;1;0;0;6;1;56;3;2180840162;0;0;0;62;0
288;7;1;28;7.9;13367;09:53:21.49;0;-80.12718;-106.99952;1;2.77;0;0;5;1;0;0;6;1;56;3;2180840149;0;0;0;62;0
1561;8;1;33;8.6;10640;09:53:21.70;0;89.37542;57.74938;1;2.98;0;0;5;1;0;0;6;1;56;3;2180840170;0;0;0;62;0
857;9;1;38;9.0;9167;09:53:21.69;0;-88.93847;22.23282;1;2.97;0;0;5;1;0;0;6;1;56;3;2180840169;0;0;0;62;0
1704;8;1;18;8.6;10619;09:53:21.69;0;-30.13983;101.83062;1;2.96;0;0;5;1;0;0;6;1;56;3;2180840169;0;0;0;62;0
288;8;1;28;8.4;11463;09:53:20.97;0;-19.98636;112.87685;1;2.25;0;0;5;1;0;0;6;1;57;3;2180840097;0;0;0;62;0
1618;8;1;43;8.4;11587;09:53:21.18;0;-53.40336;102.83536;1;2.46;0;0;5;1;0;0;6;1;57;3;2180840118;0;0;0;62;0
878;7;1;13;7.1;16484;09:53:21.57;0;-126.98494;-105.10758;1;2.84;0;0;5;1;0;0;6;1;57;3;2180840157;0;0;0;62;0
1704;10;1;18;10.4;2826;09:53:21.03;0;28.19435;-1.99092;1;2.30;0;0;5;1;0;0;6;1;57;3;2180840103;0;0;0;62;0
1156;9;1;23;9.5;7203;09:53:21.01;0;69.22591;-19.91532;1;2.29;0;0;5;1;0;0;6;1;57;3;2180840101;0;0;0;62;0
288;8;1;28;8.2;12416;09:53:20.43;0;-11.80632;123.60131;1;1.71;0;0;5;1;0;7;6;1;58;3;2180840043;0;0;0;62;0
1561;9;1;33;9.8;5874;09:53:21.13;0;-48.88064;-32.59099;1;2.41;0;0;5;1;0;0;6;1;57;3;2180840113;0;0;0;62;0
857;9;1;38;9.7;6355;09:53:21.08;0;-63.33382;-5.33589;1;2.36;0;0;5;1;0;0;6;1;57;3;2180840108;0;0;0;62;0
878;9;1;13;9.7;6169;09:53:20.51;0;-39.67968;-47.24342;1;1.78;0;0;5;1;0;7;6;1;58;3;2180840051;0;0;0;62;0
1704;10;1;18;10.3;3411;09:53:20.28;0;-16.82914;29.67248;1;1.56;0;0;5;1;0;7;6;1;58;3;2180840028;0;0;0;62;0
1156;10;1;23;10.7;1337;09:53:20.37;1;-13.31053;-1.30053;1;1.65;0;0;5;1;0;7;6;1;58;3;2180840037;0;0;0;62;0
1561;9;1;33;9.9;5506;09:53:20.53;0;51.50269;-19.48927;1;1.81;0;0;5;1;0;7;6;1;58;3;2180840053;0;0;0;62;0
1618;9;1;43;9.4;7364;09:53:20.55;0;-16.36849;71.80702;1;1.83;0;0;5;1;0;7;6;1;58;3;2180840055;0;0;0;62;0
857;10;1;38;10.1;4422;09:53:20.53;0;33.44130;28.94180;1;1.81;0;0;5;1;0;7;6;1;58;3;2180840053;0;0;0;62;0
