0;8.4;0;12;0;6585;10:46:34.16;0;-31.05367;-58.07555;1;374.77;0;0;138;4;0;0;0;0;5;3;2302119416;0;0;0;63;0
0;8.0;0;20;0;7763;10:46:52.42;0;-19.45181;-75.16183;1;389.2;0;0;138;4;0;0;0;0;5;3;2302121242;0;0;0;63;0
0;9;0;21;9.7;3362;10:47:05.35;0;-16.11287;-29.50814;1;401.66;0;0;138;3;0;0;0;0;5;3;2302122535;0;0;0;63;0
0;8.7;0;12;0;5879;10:47:21.77;0;52.48671;-26.48440;1;422.38;0;0;138;4;0;0;0;0;6;3;2302124177;0;0;0;63;0
0;8.1;0;20;0;7430;10:47:27.00;0;-35.30737;-65.38528;1;423.60;0;0;138;4;0;0;0;0;6;3;2302124700;0;0;0;63;0
0;10;0;23;10.2;1989;10:47:40.57;0;12.17254;15.73140;1;435.99;0;0;138;3;0;0;0;0;5;3;2302126057;0;0;0;63;0
0;7.7;0;20;0;8477;10:47:56.07;0;-33.85223;-77.71873;1;452.67;0;0;138;4;0;0;0;0;7;3;2302127607;0;0;0;63;0
0;7;0;21;7.0;10125;10:48:03.51;0;14.85891;-100.15844;1;459.82;0;0;138;3;0;0;0;0;6;3;2302128351;0;0;0;63;0
0;9.1;0;14;0;4838;10:48:04.37;0;41.21003;25.35029;1;464.98;0;0;138;4;0;0;0;0;5;3;2302128437;0;0;0;63;0
0;9;0;23;9.8;3273;10:48:11.96;0;-24.61133;21.57659;1;467.38;0;0;138;3;0;0;0;0;6;3;2302129196;0;0;0;63;0
0;9.4;0;12;0;4210;10:48:13.53;0;12.70597;-40.13737;1;474.14;0;0;138;4;0;0;0;0;7;3;2302129353;0;0;0;63;0
0;8.3;0;11;0;6867;10:48:14.71;0;68.04663;9.26702;1;467.84;0;0;138;4;0;0;0;0;5;3;2302129471;0;0;0;63;0
0;10.5;0;14;0;1261;10:48:26.11;1;-2.02149;-12.45435;1;486.72;0;0;138;4;0;0;0;0;6;3;2302130611;0;0;0;63;0
0;9.4;0;20;0;4171;10:48:31.63;0;-9.10344;-40.70641;1;488.23;0;0;138;4;0;0;0;0;8;3;2302131163;0;0;0;63;0
0;10;0;23;10.5;1232;10:48:44.76;1;7.76736;-9.57286;1;500.18;0;0;138;3;0;0;0;0;7;3;2302132476;0;0;0;63;0
0;8.9;0;11;0;5354;10:48:47.92;0;-20.13010;-49.61346;1;501.5;0;0;138;4;0;0;0;0;6;3;2302132792;0;0;0;63;0
0;8.6;0;15;0;6100;10:48:56.93;0;-19.85552;57.68319;1;517.55;0;0;138;4;0;0;0;0;5;3;2302133693;0;0;0;63;0
0;10.0;0;12;0;2668;10:48:59.66;0;20.84641;-16.65507;1;520.27;0;0;138;4;0;0;0;0;8;3;2302133966;0;0;0;63;0
0;7.6;0;20;0;8673;10:48:59.59;0;-48.49233;-71.91449;1;516.19;0;0;138;4;0;0;0;0;9;3;2302133959;0;0;0;63;0
0;6.1;0;16;0;12516;10:49:00.63;0;0.19421;125.15995;1;518.27;0;0;138;4;0;0;0;0;5;3;2302134063;0;0;0;63;0
0;8;0;21;8.2;7070;10:49:05.43;0;-4.28377;-70.57333;1;521.74;0;0;138;3;0;0;0;0;7;3;2302134543;0;0;0;63;0
0;9;0;23;9.8;3229;10:49:14.61;0;-25.90394;-19.27895;1;530.3;0;0;138;3;0;0;0;0;8;3;2302135461;0;0;0;63;0
0;6.1;0;16;0;12434;10:49:16.19;0;-19.89605;122.74586;1;533.83;0;0;138;4;0;0;0;0;6;3;2302135619;0;0;0;63;0
0;8.0;0;15;0;7596;10:49:17.11;0;-12.62343;74.91004;1;537.73;0;0;138;4;0;0;0;0;6;3;2302135711;0;0;0;63;0
0;10.0;0;11;0;2673;10:49:22.22;0;-26.73562;-0.09790;1;535.35;0;0;138;4;0;0;0;0;7;3;2302136222;0;0;0;63;0
0;10.1;0;14;0;2480;10:49:24.71;0;16.97260;-18.08632;1;545.32;0;0;138;4;0;0;0;0;7;3;2302136471;0;0;0;63;0
0;8.4;0;15;0;6554;10:49:42.30;0;-33.55724;56.30532;1;562.92;0;0;138;4;0;0;0;0;7;3;2302138230;0;0;0;63;0
0;9.3;0;16;0;4505;10:49:44.89;0;21.17635;-39.76412;1;562.53;0;0;138;4;0;0;0;0;7;3;2302138489;0;0;0;63;0
0;9.4;0;14;0;4232;10:49:48.01;0;21.08206;-36.70367;1;568.62;0;0;138;4;0;0;0;0;8;3;2302138801;0;0;0;63;0
0;9;0;23;9.4;4209;10:49:49.26;0;-24.83393;-33.99193;1;564.68;0;0;138;3;0;0;0;0;9;3;2302138926;0;0;0;63;0
0;7.7;0;16;0;8418;10:50:01.77;0;22.21620;-81.19720;1;579.41;0;0;138;4;0;0;0;0;8;3;2302140177;0;0;0;63;0
0;9.6;0;15;0;3566;10:50:06.12;0;7.35873;34.89957;1;586.74;0;0;138;4;0;0;0;0;8;3;2302140612;0;0;0;63;0
0;9.5;0;14;0;3793;10:50:18.79;0;37.05844;-8.11532;1;599.40;0;0;138;4;0;0;0;0;9;3;2302141879;0;0;0;63;0
0;10.3;0;16;0;1681;10:50:18.72;0;16.30397;4.10592;1;596.36;0;0;138;4;0;0;0;0;9;3;2302141872;0;0;0;63;0
0;10.4;0;12;0;1654;10:50:19.89;0;-9.41299;-13.60258;1;600.50;0;0;138;4;0;0;0;0;9;3;2302141989;0;0;0;63;0
0;9.2;0;11;0;4567;10:50:25.80;0;42.03931;17.86421;1;598.93;0;0;138;4;0;0;0;0;8;3;2302142580;0;0;0;63;0
0;8.3;0;15;0;6865;10:50:30.74;0;-39.93542;55.84833;1;611.36;0;0;138;4;0;0;0;0;9;3;2302143074;0;0;0;63;0
0;9;0;23;9.3;4381;10:50:46.79;0;-5.59094;-43.45850;1;622.21;0;0;138;3;0;0;0;0;10;3;2302144679;0;0;0;63;0
0;10.2;0;11;0;2042;10:50:58.13;0;17.44756;-10.61080;1;631.26;0;0;138;4;0;0;0;0;9;3;2302145813;0;0;0;63;0
0;7;0;21;7.6;8701;10:50:58.65;0;-8.95412;-86.55343;1;634.96;0;0;138;3;0;0;0;0;8;3;2302145865;0;0;0;63;0
0;10;0;23;10.6;958;10:51:20.44;1;-9.52421;-1.08978;1;655.35;0;0;138;3;0;0;0;0;11;3;2302148044;0;0;0;63;0
0;9.4;0;14;0;4138;10:51:21.28;0;-35.49788;-21.28005;1;655.35;0;0;138;4;0;0;0;0;10;3;2302148128;0;0;0;63;0
0;4;0;18;4.9;15349;10:51:29.38;0;16.48356;-152.61033;1;20.94;0;0;6;0;0;0;0;0;6;3;2302148938;0;0;0;63;733
0;9.8;0;20;0;3180;10:51:31.09;0;17.74423;26.39378;1;22.66;0;0;138;4;0;0;0;0;10;3;2302149109;0;0;0;63;0
0;9.4;0;14;0;4048;10:51:50.88;0;10.68461;-39.04778;1;655.35;0;0;138;4;0;0;0;0;11;3;2302151088;0;0;0;63;0
0;10;0;23;10.5;1362;10:51:51.29;1;-2.98977;-13.29733;1;655.35;0;0;138;3;0;0;0;0;12;3;2302151129;0;0;0;63;0
0;7.6;0;16;0;8632;10:51:58.05;0;-32.55235;-79.94987;1;49.61;0;0;138;4;0;0;0;0;10;3;2302151805;0;0;0;63;0
0;9;0;21;9.1;4948;10:52:02.08;0;-5.19822;-49.21152;1;655.35;0;0;138;3;0;0;0;0;9;3;2302152208;0;0;0;63;0
0;9;0;18;9.0;5265;10:52:18.35;0;-49.36807;-18.30939;1;69.91;0;0;6;0;0;0;0;0;7;3;2302153835;0;0;0;63;733
0;8;0;23;8.6;6164;10:52:19.48;0;-0.40403;-61.64743;1;655.35;0;0;138;3;0;0;0;0;13;3;2302153948;0;0;0;63;0
0;10.0;0;14;0;2737;10:52:19.97;0;5.30141;-26.86047;1;655.35;0;0;138;4;0;0;0;0;12;3;2302153997;0;0;0;63;0
0;9.8;0;16;0;3254;10:52:21.33;0;32.10949;-5.28251;1;72.89;0;0;138;4;0;0;0;0;11;3;2302154133;0;0;0;63;0
0;8.0;0;12;0;7586;10:52:28.28;0;-46.15428;60.21194;1;655.35;0;0;138;4;0;0;0;0;10;3;2302154828;0;0;0;63;0
0;10.1;0;20;0;2406;10:52:34.29;0;-22.95250;-7.22574;1;85.86;0;0;138;4;0;0;0;0;11;3;2302155429;0;0;0;63;0
0;10.4;0;16;0;1580;10:52:39.97;0;9.54261;12.60020;1;91.53;0;0;138;4;0;0;0;0;12;3;2302155997;0;0;0;63;0
0;10;0;18;10.0;2631;10:52:41.10;0;14.72169;21.81004;1;92.66;0;0;6;0;0;0;0;0;8;3;2302156110;0;0;0;63;733
0;9;0;23;9.1;4944;10:52:43.52;0;-35.23315;-34.69374;1;655.35;0;0;138;3;0;0;0;0;14;3;2302156352;0;0;0;63;0
0;6.6;0;19;0;11243;10:52:43.09;0;-24.53910;-109.72168;1;94.65;0;0;138;4;0;0;0;0;5;3;2302156309;0;0;0;63;0
0;9.2;0;14;0;4610;10:52:48.42;0;18.84973;42.08075;1;655.35;0;0;138;4;0;0;0;0;13;3;2302156842;0;0;0;63;0
0;10.3;0;11;0;1844;10:52:51.24;0;15.55818;9.91254;1;655.35;0;0;138;4;0;0;0;0;10;3;2302157124;0;0;0;63;0
0;10.0;0;16;0;2722;10:52:56.71;0;-16.68727;-21.51486;1;108.27;0;0;138;4;0;0;0;0;13;3;2302157671;0;0;0;63;0
0;8.8;0;19;0;5607;10:53:05.34;0;-38.77280;-40.51089;1;116.90;0;0;138;4;0;0;0;0;6;3;2302158534;0;0;0;63;0
0;10;0;18;10.2;1956;10:53:07.08;0;-16.47726;10.55030;1;118.64;0;0;6;0;0;0;0;0;9;3;2302158708;0;0;0;63;733
0;9.4;0;20;0;4059;10:53:08.64;0;-40.22548;5.47216;1;120.21;0;0;138;4;0;0;0;0;12;3;2302158864;0;0;0;63;0
0;9.8;0;12;0;3046;10:53:11.73;0;13.70442;27.20692;1;655.35;0;0;138;4;0;0;0;0;11;3;2302159173;0;0;0;63;0
0;10.0;0;14;0;2708;10:53:19.97;0;-7.34004;-26.07370;1;655.35;0;0;138;4;0;0;0;0;14;3;2302159997;0;0;0;63;0
0;9;0;18;9.2;4603;10:53:33.89;0;1.68030;46.00391;1;145.45;0;0;6;0;0;0;0;0;10;3;2302161389;0;0;0;63;733
0;10.7;0;20;0;578;10:53:37.58;1;-4.89692;-3.07460;1;149.15;0;0;138;4;0;0;0;0;13;3;2302161758;0;0;0;63;0
0;10.0;0;19;0;2538;10:53:40.49;0;4.73005;-24.93670;1;152.5;0;0;138;4;0;0;0;0;7;3;2302162049;0;0;0;63;0
0;10.4;0;16;0;1495;10:53:43.01;1;4.64717;14.21516;1;154.57;0;0;138;4;0;0;0;0;14;3;2302162301;0;0;0;63;0
0;9.6;0;12;0;3672;10:53:49.83;0;-36.68951;1.63757;1;655.35;0;0;138;4;0;0;0;0;12;3;2302162983;0;0;0;63;0
0;10.0;0;11;0;2567;10:53:59.61;0;24.36409;-8.09849;1;655.35;0;0;138;4;0;0;0;0;11;3;2302163961;0;0;0;63;0
0;10;0;23;10.2;2048;10:54:00.87;0;19.82173;5.17775;1;655.35;0;0;138;3;0;0;0;0;15;3;2302164087;0;0;0;63;0
0;6.6;0;19;0;11205;10:54:05.27;0;-62.46415;-93.03494;1;176.83;0;0;138;4;0;0;0;0;8;3;2302164527;0;0;0;63;0
0;7;0;21;7.2;9561;10:54:14.73;0;-21.56018;-93.15132;1;655.35;0;0;138;3;0;0;0;0;10;3;2302165473;0;0;0;63;0
0;8.8;0;14;0;5537;10:54:28.86;0;-8.37228;54.74113;1;655.35;0;0;138;4;0;0;0;0;15;3;2302166886;0;0;0;63;0
0;9.4;0;12;0;4170;10:54:31.48;0;-27.32806;31.50291;1;655.35;0;0;138;4;0;0;0;0;13;3;2302167148;0;0;0;63;0
0;9.8;0;19;0;3277;10:54:34.01;0;3.54685;-32.58740;1;205.57;0;0;138;4;0;0;0;0;9;3;2302167401;0;0;0;63;0
0;10.5;0;11;0;1354;10:54:41.28;1;-13.09323;-3.47472;1;655.35;0;0;138;4;0;0;0;0;12;3;2302168128;0;0;0;63;0
0;10.7;0;20;0;764;10:54:48.68;1;-7.45933;1.68536;1;220.25;0;0;138;4;0;0;0;0;14;3;2302168868;0;0;0;63;0
0;9.6;0;14;0;3732;10:54:50.75;0;2.85663;37.21875;1;655.35;0;0;138;4;0;0;0;0;16;3;2302169075;0;0;0;63;0
0;8;0;18;8.7;5826;10:54:51.57;0;9.99453;-57.39792;1;223.13;0;0;6;0;0;0;0;0;11;3;2302169157;0;0;0;63;733
0;7.7;0;12;0;8355;10:55:06.75;0;-46.16700;69.64777;1;655.35;0;0;138;4;0;7;0;0;14;3;2302170675;0;0;0;63;0
0;10.3;0;14;0;1703;10:55:15.09;0;-11.72678;-12.35546;1;655.35;0;0;138;4;0;0;0;0;17;3;2302171509;0;0;0;63;0
0;10;0;23;10.6;1020;10:55:14.78;1;-7.61992;-6.78548;1;655.35;0;0;138;3;0;0;0;0;16;3;2302171478;0;0;0;63;0
0;10.5;0;16;0;1279;10:55:16.01;1;-6.88231;-10.78485;1;247.57;0;0;138;4;0;0;0;0;15;3;2302171601;0;0;0;63;0
0;10;0;18;10.4;1513;10:55:16.09;1;-14.72656;-3.49817;1;247.65;0;0;6;0;0;0;0;0;12;3;2302171609;0;0;0;63;733
0;10.5;0;15;0;1207;10:55:19.93;1;-12.03486;-0.99673;1;655.35;0;0;138;4;0;0;0;0;10;3;2302171993;0;0;0;63;0
0;7.8;0;11;0;8181;10:55:20.56;0;3.29431;-81.74368;1;655.35;0;0;138;4;0;0;0;0;13;3;2302172056;0;0;0;63;0
0;7.6;0;15;0;8702;10:55:38.93;0;-44.59710;74.72907;1;655.35;0;0;138;4;0;0;0;0;11;3;2302173893;0;0;0;63;0
0;10;0;18;10.2;2032;10:55:44.13;0;-17.18888;-10.84435;1;275.69;0;0;6;0;0;0;0;0;13;3;2302174413;0;0;0;63;733
0;10.0;0;16;0;2748;10:55:46.10;0;-3.13585;27.30302;1;277.66;0;0;138;4;0;0;0;0;16;3;2302174610;0;0;0;63;0
0;8.4;0;14;0;6756;10:55:47.50;0;-60.43592;-30.21229;1;655.35;0;0;138;4;0;0;0;0;18;3;2302174750;0;0;0;63;0
0;8.6;0;19;0;6233;10:55:50.65;0;27.71967;-55.83141;1;282.21;0;0;138;4;0;0;0;0;10;3;2302175065;0;0;0;63;0
0;8;0;23;8.1;7402;10:55:51.70;0;-41.13232;-61.54985;1;655.35;0;0;138;3;0;0;0;0;17;3;2302175170;0;0;0;63;0
0;9.9;0;11;0;3028;10:55:54.01;0;-1.82963;-30.22738;1;655.35;0;0;138;4;0;0;0;0;14;3;2302175401;0;0;0;63;0
0;9.2;0;15;0;4706;10:55:59.91;0;-20.24167;42.49082;1;655.35;0;0;138;4;0;0;0;0;12;3;2302175991;0;0;0;63;0
0;10;0;18;10.0;2576;10:56:08.65;0;-23.01862;11.56538;1;0.11;0;0;6;0;0;0;0;0;14;3;2302176865;0;0;0;63;733
0;10.2;0;14;0;2081;10:56:14.30;0;20.67384;-2.38174;1;655.35;0;0;138;4;0;0;0;0;19;3;2302177430;0;0;0;63;0
0;8.9;0;16;0;5318;10:56:16.83;0;44.91896;-28.46802;1;3.35;0;0;138;4;0;0;0;0;17;3;2302177683;0;0;0;63;0
0;9;0;23;9.4;4130;10:56:18.86;0;-23.18233;-34.18491;1;655.35;0;0;138;3;0;0;0;0;18;3;2302177886;0;0;0;63;0
0;9;0;21;9.9;2789;10:56:20.84;0;8.18734;-26.66979;1;655.35;0;0;138;3;0;0;0;0;11;3;2302178084;0;0;0;63;0
0;8.0;0;19;0;7754;10:56:23.79;0;-54.59658;-55.06988;1;3.33;0;0;138;4;0;0;0;0;11;3;2302178379;0;0;0;63;0
0;9.8;0;15;0;3162;10:56:25.01;0;-2.87212;31.49422;1;655.35;0;0;138;4;0;0;0;0;13;3;2302178501;0;0;0;63;0
0;9.3;0;16;0;4451;10:56:41.02;0;-40.07322;19.37556;1;20.55;0;0;138;4;0;0;0;0;18;3;2302180102;0;0;0;63;0
0;9;0;23;9.1;4946;10:56:42.54;0;-39.53708;-29.71911;1;655.35;0;0;138;3;0;0;0;0;19;3;2302180254;0;0;0;63;0
0;9.1;0;15;0;4794;10:56:50.99;0;-44.32666;-18.27662;1;655.35;0;0;138;4;0;7;0;0;14;3;2302181099;0;0;0;63;0
0;10.2;0;19;0;2011;10:56:52.50;0;-20.11677;-0.34087;1;32.4;0;0;138;4;0;0;0;0;12;3;2302181250;0;0;0;63;0
0;10.1;0;14;0;2381;10:57:02.24;0;-13.88354;19.34532;1;655.35;0;0;138;4;0;0;0;0;20;3;2302182224;0;0;0;63;0
0;10.1;0;19;0;2404;10:57:18.14;0;-17.15735;-16.84226;1;57.68;0;0;138;4;0;0;0;0;13;3;2302183814;0;0;0;63;0
0;10.0;0;16;0;2650;10:57:22.95;0;22.50611;-13.99181;1;62.48;0;0;138;4;0;0;0;0;19;3;2302184295;0;0;0;63;0
0;10.1;0;14;0;2396;10:57:34.38;0;-6.67593;-23.01841;1;655.35;0;0;138;4;0;0;0;0;21;3;2302185438;0;0;0;63;0
0;9.4;0;19;0;4158;10:57:44.09;0;8.64562;40.67704;1;83.63;0;0;138;4;0;0;0;0;14;3;2302186409;0;0;0;63;0
0;10;0;18;10.5;1238;10:57:48.41;1;-7.22791;-10.06159;1;87.94;0;0;6;0;0;0;0;0;15;3;2302186841;0;0;0;63;733
0;10.1;0;14;0;2473;10:58:09.68;0;3.54833;-24.47484;1;655.35;0;0;138;4;0;0;0;0;22;3;2302188968;0;0;0;63;0
0;10.0;0;16;0;2577;10:58:37.38;0;24.40231;8.30127;1;136.91;0;0;138;4;0;0;0;0;20;3;2302191738;0;0;0;63;0
0;9.1;0;14;0;4914;10:58:47.90;0;-34.85747;-34.63726;1;655.35;0;0;138;4;0;0;0;0;23;3;2302192790;0;0;0;63;0
0;10;0;18;10.5;1246;10:59:02.46;1;-11.61989;-4.50892;1;161.99;0;0;6;0;0;0;0;0;16;3;2302194246;0;0;0;63;733
0;9.5;0;14;0;3837;10:59:10.09;0;-38.35592;-1.07502;1;655.35;0;0;138;4;0;0;0;0;24;3;2302195009;0;0;0;63;0
0;8.3;0;16;0;6898;10:59:14.71;0;-12.59276;-67.82635;1;174.24;0;0;138;4;0;0;0;0;21;3;2302195471;0;0;0;63;0
0;10;0;18;10.3;1734;10:59:24.59;0;6.67508;16.00761;1;184.12;0;0;6;0;0;0;0;0;17;3;2302196459;0;0;0;63;733
0;9.3;0;16;0;4486;10:59:33.10;0;-10.80831;43.54621;1;192.63;0;0;138;4;0;0;0;0;22;3;2302197310;0;0;0;63;0
0;8;0;21;8.4;6675;10:59:43.02;0;35.36965;-56.62049;1;655.35;0;0;138;3;0;0;0;0;12;3;2302198302;0;0;0;63;0
0;9;0;18;9.1;4947;10:59:48.83;0;48.32755;10.60013;1;208.36;0;0;6;0;0;0;0;0;18;3;2302198883;0;0;0;63;733
0;9.6;0;16;0;3611;10:59:53.57;0;31.35166;-17.93378;1;213.10;0;0;138;4;0;0;0;0;23;3;2302199357;0;0;0;63;0
0;9;0;18;9.3;4392;11:00:15.37;0;33.92630;-27.89386;1;234.90;0;0;6;0;0;0;0;0;19;3;2302201537;0;0;0;63;733
0;7.3;0;16;0;9433;11:00:15.63;0;69.06337;-64.25349;1;235.16;0;0;138;4;0;0;0;0;24;3;2302201563;0;0;0;63;0
0;9.8;0;20;0;3118;11:01:56.09;0;-29.26458;-10.77002;1;15.52;0;0;138;4;0;0;0;0;15;3;2302211609;0;0;0;63;0
0;7;0;21;7.1;10001;11:02:53.30;0;4.62362;-99.91024;1;655.35;0;0;138;3;0;0;0;0;13;3;2302217330;0;0;0;63;0
0;8.7;0;20;0;6002;11:03:09.37;0;-59.54791;-7.54939;1;88.80;0;0;138;4;0;0;0;0;16;3;2302218937;0;0;0;63;0
0;8;0;12;8.4;6691;11:03:25.96;0;62.11338;24.88508;1;655.35;0;0;138;3;0;0;0;0;22;3;2302220596;0;0;0;63;0
0;10.2;0;20;0;2135;11:03:45.18;0;-19.70517;-8.23688;1;124.61;0;0;138;4;0;0;0;0;17;3;2302222518;0;0;0;63;0
0;9;0;12;9.3;4298;11:04:05.76;0;-13.57082;40.78681;1;655.35;0;0;138;3;0;0;0;0;23;3;2302224576;0;0;0;63;0
0;8;0;18;8.8;5662;11:04:21.76;0;12.62745;55.19746;1;14.19;0;0;6;0;0;0;0;0;20;3;2302226176;0;0;0;63;733
0;10;0;23;10.3;1743;11:04:30.25;0;-5.22695;-16.63528;1;655.35;0;0;138;3;0;0;0;0;20;3;2302227025;0;0;0;63;0
0;9;0;18;9.0;5035;11:04:46.65;0;21.08735;-45.72688;1;39.8;0;0;6;0;0;0;0;0;21;3;2302228665;0;0;0;63;733
0;7;0;12;7.6;8587;11:04:50.69;0;-76.96213;38.08960;1;655.35;0;0;138;3;0;0;0;0;24;3;2302229069;0;0;0;63;0
0;8;0;15;8.7;6005;11:04:50.34;0;-59.38663;-8.94713;1;655.35;0;0;138;3;0;0;0;0;22;3;2302229034;0;0;0;63;0
0;8.5;0;20;0;6395;11:04:56.29;0;-49.22175;-40.83367;1;48.73;0;0;138;4;0;0;0;0;18;3;2302229629;0;0;0;63;0
0;10;0;23;10.3;1788;11:04:57.98;0;-15.89524;-8.18798;1;655.35;0;0;138;3;0;0;0;0;21;3;2302229798;0;0;0;63;0
0;8;0;21;8.5;6292;11:05:00.97;0;15.78203;-60.91514;1;655.35;0;0;138;3;0;0;0;0;14;3;2302230097;0;0;0;63;0
0;9;0;18;9.3;4339;11:05:10.21;0;35.67386;24.71035;1;62.64;0;0;6;0;0;0;0;0;22;3;2302231021;0;0;0;63;733
0;7;0;15;7.7;8437;11:05:11.23;0;-13.12730;83.34912;1;655.35;0;0;138;3;0;0;0;0;23;3;2302231123;0;0;0;63;0
0;10.7;0;20;0;735;11:05:30.01;1;-6.83537;2.70322;1;82.45;0;0;138;4;0;0;0;0;19;3;2302233001;0;0;0;63;0
0;9;0;23;9.6;3743;11:05:33.58;0;-12.66965;-35.22442;1;655.35;0;0;138;3;0;0;0;0;22;3;2302233358;0;0;0;63;0
0;10;0;12;10.4;1479;11:05:37.12;1;10.49399;-10.43550;1;655.35;0;0;138;3;0;0;0;0;25;3;2302233712;0;0;0;63;0
0;9;0;18;9.0;5231;11:05:38.91;0;41.79593;31.46098;1;91.34;0;0;6;0;0;0;0;0;23;3;2302233891;0;0;0;63;733
0;10.3;0;19;0;1930;11:05:44.81;0;-5.25727;-18.57524;1;97.25;0;0;138;4;0;0;0;0;15;3;2302234481;0;0;0;63;0
0;10;0;23;10.0;2546;11:06:09.93;0;-21.77100;-13.20276;1;655.35;0;0;138;3;0;0;0;0;23;3;2302236993;0;0;0;63;0
0;9;0;15;9.4;4090;11:06:13.74;0;-38.59711;13.54452;1;655.35;0;0;138;3;0;0;0;0;24;3;2302237374;0;0;0;63;0
0;8.8;0;19;0;5766;11:06:13.96;0;57.62535;2.25998;1;126.40;0;0;138;4;0;0;0;0;16;3;2302237396;0;0;0;63;0
0;9;0;12;9.5;4021;11:06:17.84;0;-8.65922;39.26913;1;655.35;0;0;138;3;0;0;0;0;26;3;2302237784;0;0;0;63;0
0;9.6;0;16;0;3605;11:06:21.87;0;2.76005;35.94733;1;134.30;0;0;138;4;0;0;0;0;25;3;2302238187;0;0;0;63;0
0;10.1;0;16;0;2227;11:06:40.87;0;19.57301;10.63419;1;153.30;0;0;138;4;0;0;0;0;26;3;2302240087;0;0;0;63;0
0;9;0;23;9.7;3448;11:06:42.26;0;13.07261;-31.90812;1;655.35;0;0;138;3;0;0;0;0;24;3;2302240226;0;0;0;63;0
0;9.0;0;11;0;5209;11:06:44.45;0;19.06592;-48.47556;1;655.35;0;0;138;4;0;0;0;0;15;3;2302240445;0;0;0;63;0
0;10.2;0;16;0;2178;11:07:03.08;0;-18.74210;-11.10867;1;175.51;0;0;138;4;0;0;0;0;27;3;2302242308;0;0;0;63;0
0;9.1;0;11;0;4841;11:07:14.39;0;-32.06912;-36.26671;1;655.35;0;0;138;4;0;0;0;0;16;3;2302243439;0;0;0;63;0
0;8;0;15;8.9;5447;11:07:15.40;0;-45.40944;-30.09950;1;655.35;0;0;138;3;0;0;0;0;25;3;2302243540;0;0;0;63;0
0;9.9;0;16;0;2855;11:07:25.96;0;-16.44543;23.34371;1;198.39;0;0;138;4;0;0;0;0;28;3;2302244596;0;0;0;63;0
0;9.4;0;19;0;4147;11:07:39.97;0;19.64511;-36.52272;1;212.41;0;0;138;4;0;0;0;0;17;3;2302245997;0;0;0;63;0
0;10;0;15;10.6;1085;11:07:41.69;1;-10.06558;4.07378;1;655.35;0;0;138;3;0;0;0;0;26;3;2302246169;0;0;0;63;0
0;9.4;0;16;0;4231;11:07:44.23;0;-4.28334;-42.09496;1;216.66;0;0;138;4;0;0;0;0;29;3;2302246423;0;0;0;63;0
0;9.7;0;11;0;3364;11:07:47.79;0;12.83993;-31.09891;1;655.35;0;0;138;4;0;0;0;0;17;3;2302246779;0;0;0;63;0
0;10;0;18;10.1;2484;11:07:52.58;0;16.24212;18.79982;1;225.1;0;0;6;0;0;0;0;0;24;3;2302247258;0;0;0;63;733
0;10.1;0;20;0;2370;11:07:52.26;0;5.79593;22.98667;1;224.70;0;0;138;4;0;0;0;0;20;3;2302247226;0;0;0;63;0
0;9;0;12;9.5;3856;11:07:59.12;0;20.49000;-32.66874;1;655.35;0;0;138;3;0;0;0;0;27;3;2302247912;0;0;0;63;0
0;9.7;0;19;0;3438;11:08:09.15;0;-0.65940;-34.37438;1;241.59;0;0;138;4;0;0;0;0;18;3;2302248915;0;0;0;63;0
0;10;0;18;10.0;2615;11:08:15.17;0;-1.42507;26.11812;1;247.60;0;0;6;0;0;0;0;0;25;3;2302249517;0;0;0;63;733
0;8.6;0;11;0;6032;11:08:25.89;0;-5.23917;-60.09564;1;655.35;0;0;138;4;0;0;0;0;18;3;2302250589;0;0;0;63;0
0;10.0;0;20;0;2714;11:08:25.40;0;-26.22610;-7.00415;1;257.84;0;0;138;4;0;0;0;0;21;3;2302250540;0;0;0;63;0
0;10.2;0;16;0;2128;11:08:36.05;0;-12.78988;-17.01213;1;268.48;0;0;138;4;0;0;0;0;30;3;2302251605;0;0;0;63;0
0;10;0;12;10.2;2138;11:08:38.94;0;10.86605;-18.42106;1;655.35;0;0;138;3;0;0;0;0;28;3;2302251894;0;0;0;63;0
0;9;0;18;9.7;3516;11:08:41.74;0;1.40961;35.14121;1;274.17;0;0;6;0;0;0;0;0;26;3;2302252174;0;0;0;63;733
0;9.8;0;16;0;3156;11:08:53.05;0;18.31579;25.70248;1;285.48;0;0;138;4;0;0;0;0;31;3;2302253305;0;0;0;63;0
0;9.5;0;20;0;4015;11:08:57.04;0;-26.23931;30.39520;1;289.48;0;0;138;4;0;0;0;0;22;3;2302253704;0;0;0;63;0
0;10.6;0;11;0;925;11:08:59.89;1;5.11367;-7.71953;1;655.35;0;0;138;4;0;0;0;0;19;3;2302253989;0;0;0;63;0
0;9;0;15;9.7;3335;11:09:02.82;0;-0.32156;33.35631;1;655.35;0;0;138;3;0;0;0;0;27;3;2302254282;0;0;0;63;0
0;9;0;18;9.7;3423;11:09:06.62;0;8.49244;33.16575;1;299.5;0;0;6;0;0;0;0;0;27;3;2302254662;0;0;0;63;733
0;9.4;0;16;0;4062;11:09:10.84;0;-39.61989;-8.98790;1;3.17;0;0;138;4;0;0;0;0;32;3;2302255084;0;0;0;63;0
0;10;0;12;10.0;2749;11:09:15.71;0;6.67332;26.67407;1;655.35;0;0;138;3;0;0;0;0;29;3;2302255571;0;0;0;63;0
0;8;0;15;8.6;6099;11:09:22.38;0;-43.09653;43.15825;1;655.35;0;0;138;3;0;0;0;0;28;3;2302256238;0;0;0;63;0
0;10.3;0;19;0;1798;11:09:24.79;0;-14.47437;-10.66951;1;17.12;0;0;138;4;0;0;0;0;19;3;2302256479;0;0;0;63;0
0;0;0;18;0;20000;11:09:27.05;0;14.06340;9.42847;0;19.38;0;0;6;0;0;7;0;0;28;3;2302256705;0;0;0;63;733
0;9.7;0;16;0;3405;11:09:27.89;0;21.55709;-26.36667;1;0.22;0;0;138;4;0;0;0;0;33;3;2302256789;0;0;0;63;0
0;9.6;0;20;0;3709;11:09:30.17;0;-18.37439;32.22327;1;2.50;0;0;138;4;0;0;0;0;23;3;2302257017;0;0;0;63;0
0;10.1;0;16;0;2340;11:09:42.14;0;-16.06209;-17.02644;1;14.47;0;0;138;4;0;0;0;0;34;3;2302258214;0;0;0;63;0
0;10;0;12;10.3;1944;11:09:54.59;0;-18.51623;-5.93461;1;655.35;0;0;138;3;0;0;0;0;30;3;2302259459;0;0;0;63;0
0;10.6;0;20;0;907;11:10:13.91;1;-8.98808;1.21818;1;46.24;0;0;138;4;0;0;0;0;24;3;2302261391;0;0;0;63;0
0;10;0;15;10.2;2090;11:10:19.16;0;5.07813;20.27426;1;655.35;0;0;138;3;0;0;0;0;29;3;2302261916;0;0;0;63;0
0;9;0;12;9.4;4191;11:10:36.37;0;-41.78498;3.27489;1;655.35;0;0;138;3;0;0;0;0;31;3;2302263637;0;0;0;63;0
0;8;0;15;8.7;5806;11:10:36.04;0;-7.46279;57.58803;1;655.35;0;0;138;3;0;0;0;0;30;3;2302263604;0;0;0;63;0
0;10;0;15;10.1;2304;11:10:57.53;0;-16.09962;16.48568;1;655.35;0;0;138;3;0;7;0;0;31;3;2302265753;0;0;0;63;0
0;10.4;0;14;0;1589;11:11:04.96;0;8.93988;13.14561;1;655.35;0;0;138;4;0;0;0;0;25;3;2302266496;0;0;0;63;0
0;9.7;0;16;0;3283;11:11:06.38;0;32.81023;-1.15029;1;98.71;0;0;138;4;0;0;0;0;35;3;2302266638;0;0;0;63;0
0;9.8;0;11;0;3132;11:11:09.15;0;30.12649;8.58570;1;655.35;0;0;138;4;0;0;0;0;20;3;2302266915;0;0;0;63;0
0;10.2;0;16;0;2095;11:11:23.13;0;20.66925;3.46081;1;115.46;0;0;138;4;0;0;0;0;36;3;2302268313;0;0;0;63;0
0;9.2;0;14;0;4537;11:11:28.66;0;7.68422;44.72392;1;655.35;0;0;138;4;0;0;0;0;26;3;2302268866;0;0;0;63;0
0;9.7;0;11;0;3298;11:11:35.68;0;-27.27046;-18.54918;1;655.35;0;0;138;4;0;0;0;0;21;3;2302269568;0;0;0;63;0
0;9.1;0;16;0;4782;11:11:41.73;0;44.77250;-16.81946;1;134.6;0;0;138;4;0;0;0;0;37;3;2302270173;0;0;0;63;0
0;9.9;0;19;0;2809;11:11:50.71;0;12.86279;-24.98158;1;143.4;0;0;138;4;0;0;0;0;20;3;2302271071;0;0;0;63;0
0;10.3;0;14;0;1935;11:11:51.81;0;9.75895;16.71258;1;655.35;0;0;138;4;0;0;0;0;27;3;2302271181;0;0;0;63;0
0;9.8;0;16;0;3167;11:11:57.96;0;-13.78004;28.51881;1;150.29;0;0;138;4;0;0;0;0;38;3;2302271796;0;0;0;63;0
0;8.1;0;16;0;7516;11:12:14.25;0;-54.21192;-52.06208;1;166.58;0;0;138;4;0;0;0;0;39;3;2302273425;0;0;0;63;0
0;9.6;0;14;0;3677;11:12:17.02;0;18.47917;31.79403;1;655.35;0;0;138;4;0;0;0;0;28;3;2302273702;0;0;0;63;0
0;10.5;0;19;0;1267;11:12:20.19;1;-12.36475;-2.77523;1;172.52;0;0;138;4;0;0;0;0;21;3;2302274019;0;0;0;63;0
0;10;0;12;10.1;2373;11:12:27.22;0;-1.84890;23.65867;1;655.35;0;0;138;3;0;0;0;0;32;3;2302274722;0;0;0;63;0
0;10.7;0;11;0;680;11:12:45.87;1;-6.66947;-1.33774;1;655.35;0;0;138;4;0;0;0;0;22;3;2302276587;0;0;0;63;0
0;10.3;0;14;0;1779;11:12:47.30;0;13.20370;11.92377;1;655.35;0;0;138;4;0;0;0;0;29;3;2302276730;0;0;0;63;0
0;9.8;0;19;0;3166;11:12:52.73;0;30.24335;-9.37054;1;205.6;0;0;138;4;0;0;0;0;22;3;2302277273;0;0;0;63;0
0;9.9;0;16;0;2845;11:13:05.06;0;15.42554;23.90693;1;217.39;0;0;138;4;0;0;0;0;40;3;2302278506;0;0;0;63;0
0;0;0;18;0;20000;11:13:08.86;0;66.44614;-0.50197;0;221.18;0;0;6;0;0;0;0;0;36;3;2302278886;0;0;0;63;733
0;10.4;0;11;0;1510;11:13:13.26;1;-14.43834;-4.43798;1;655.35;0;0;138;4;0;0;0;0;23;3;2302279326;0;0;0;63;0
0;8.4;0;16;0;6578;11:13:20.98;0;64.20889;14.30268;1;233.31;0;0;138;4;0;0;0;0;41;3;2302280098;0;0;0;63;0
0;8.9;0;19;0;5419;11:13:23.29;0;26.51983;-47.26222;1;235.62;0;0;138;4;0;0;0;0;23;3;2302280329;0;0;0;63;0
0;0;0;18;0;20000;11:13:35.58;0;50.46317;-62.25233;0;247.90;0;0;6;0;0;0;0;0;37;3;2302281558;0;0;0;63;733
0;9;0;12;9.8;3182;11:13:39.04;0;-22.52119;-22.48367;1;655.35;0;0;138;3;0;0;0;0;33;3;2302281904;0;0;0;63;0
0;8.8;0;16;0;5654;11:13:40.23;0;-23.21386;-51.55634;1;252.56;0;0;138;4;0;0;0;0;42;3;2302282023;0;0;0;63;0
0;10.3;0;19;0;1937;11:13:57.10;0;12.47886;-14.82163;1;269.43;0;0;138;4;0;7;0;0;24;3;2302283710;0;0;0;63;0
0;9.8;0;16;0;3251;11:13:58.04;0;-6.40482;31.88171;1;270.37;0;0;138;4;0;0;0;0;43;3;2302283804;0;0;0;63;0
0;9.0;0;11;0;5151;11:13:58.89;0;-5.25620;-51.24206;1;655.35;0;0;138;4;0;0;0;0;24;3;2302283889;0;0;0;63;0
0;0;0;18;0;20000;11:14:01.53;0;29.21135;-17.57674;0;273.85;0;0;6;0;0;0;0;0;38;3;2302284153;0;0;0;63;733
0;9.1;0;14;0;4976;11:14:02.33;0;22.63276;44.31541;1;655.35;0;0;138;4;0;0;0;0;30;3;2302284233;0;0;0;63;0
0;10;0;23;10.3;1875;11:14:08.55;0;17.20764;7.46206;1;655.35;0;0;138;3;0;0;0;0;25;3;2302284855;0;0;0;63;0
0;7.9;0;16;0;7865;11:14:13.48;0;-29.74629;-72.81332;1;285.81;0;0;138;4;0;0;0;0;44;3;2302285348;0;0;0;63;0
0;9;0;12;9.0;5252;11:14:14.86;0;-48.01743;21.28723;1;655.35;0;0;138;3;0;0;0;0;34;3;2302285486;0;0;0;63;0
0;0;0;18;0;20000;11:14:25.03;0;27.49622;8.55352;0;297.35;0;0;6;0;0;0;0;0;39;3;2302286503;0;0;0;63;733
0;9.2;0;14;0;4749;11:14:25.64;0;-43.39583;-19.30326;1;655.35;0;0;138;4;0;0;0;0;31;3;2302286564;0;0;0;63;0
0;9;0;23;9.1;4862;11:14:45.47;0;-47.20045;11.66976;1;655.35;0;0;138;3;0;0;0;0;26;3;2302288547;0;0;0;63;0
0;0;0;18;0;20000;11:14:50.41;0;4.70673;-37.98822;0;322.73;0;0;6;0;0;7;0;0;40;3;2302289041;0;0;0;63;733
0;8;0;12;8.8;5719;11:14:55.93;0;-11.10267;56.10846;1;655.35;0;0;138;3;0;0;0;0;35;3;2302289593;0;0;0;63;0
0;10.0;0;14;0;2728;11:15:03.48;0;2.54340;27.16555;1;655.35;0;0;138;4;0;0;0;0;32;3;2302290348;0;0;0;63;0
0;10;0;23;10.4;1588;11:15:15.03;0;-11.94124;10.48293;1;655.35;0;0;138;3;0;0;0;0;27;3;2302291503;0;0;0;63;0
0;10;0;23;10.5;1137;11:15:42.48;1;-9.95049;-5.50598;1;655.35;0;0;138;3;0;0;0;0;28;3;2302294248;0;0;0;63;0
0;10;0;12;10.2;2051;11:15:45.83;0;2.18206;-20.39974;1;655.35;0;0;138;3;0;0;0;0;36;3;2302294583;0;0;0;63;0
0;9;0;23;9.0;5134;11:16:17.79;0;40.51846;31.53518;1;655.35;0;0;138;3;0;0;0;0;29;3;2302297779;0;0;0;63;0
0;10.6;0;14;0;899;11:16:25.91;1;4.39431;7.84351;1;655.35;0;0;138;4;0;0;0;0;33;3;2302298591;0;0;0;63;0
0;10.5;0;14;0;1379;11:17:02.50;1;-5.61262;-12.59934;1;655.35;0;0;138;4;0;7;0;0;34;3;2302302250;0;0;0;63;0
0;9;0;15;9.6;3710;11:17:06.55;0;-5.79548;-36.65375;1;655.35;0;0;138;3;0;0;0;0;39;3;2302302655;0;0;0;63;0
0;7;0;21;7.3;9356;11:17:28.75;0;14.72091;-92.39931;1;655.35;0;0;138;3;0;0;0;0;15;3;2302304875;0;0;0;63;0
0;8;0;15;8.6;6246;11:17:31.25;0;-35.90699;-51.11609;1;655.35;0;0;138;3;0;0;0;0;40;3;2302305125;0;0;0;63;0
0;10;0;18;10.2;2138;11:17:36.71;0;-12.26680;-17.51694;1;43.1;0;0;6;0;0;0;0;0;48;3;2302305671;0;0;0;63;733
0;9;0;12;9.9;2960;11:17:44.09;0;21.04882;20.81207;1;655.35;0;0;138;3;0;0;0;0;37;3;2302306409;0;0;0;63;0
0;10;0;15;10.2;2047;11:17:57.40;0;13.81446;-15.10687;1;655.35;0;0;138;3;0;0;0;0;41;3;2302307740;0;0;0;63;0
0;8;0;18;8.0;7719;11:18:02.90;0;55.14673;-54.02122;1;69.20;0;0;6;0;0;0;0;0;49;3;2302308290;0;0;0;63;733
0;9.1;0;20;0;4952;11:18:12.12;0;-46.87040;-16.00171;1;78.42;0;0;138;4;0;0;0;0;25;3;2302309212;0;0;0;63;0
0;9;0;12;9.2;4666;11:18:19.65;0;-45.87301;-8.58378;1;655.35;0;0;138;3;0;0;0;0;38;3;2302309965;0;0;0;63;0
0;10;0;15;10.2;1952;11:18:25.84;0;14.09373;-13.51062;1;655.35;0;0;138;3;0;0;0;0;42;3;2302310584;0;0;0;63;0
0;9.5;0;16;0;3797;11:18:35.73;0;-13.37651;-35.54545;1;102.3;0;0;138;4;0;0;0;0;45;3;2302311573;0;0;0;63;0
0;10.5;0;20;0;1347;11:18:51.08;1;-2.62422;-13.22182;1;117.38;0;0;138;4;0;0;0;0;26;3;2302313108;0;0;0;63;0
0;9.5;0;16;0;3968;11:18:52.54;0;-38.78494;-8.39236;1;118.84;0;0;138;4;0;0;0;0;46;3;2302313254;0;0;0;63;0
0;8;0;18;8.9;5462;11:18:54.51;0;52.26556;15.87102;1;120.81;0;0;6;0;0;0;0;0;50;3;2302313451;0;0;0;63;733
0;9;0;15;9.7;3344;11:18:55.38;0;7.83991;-32.51054;1;655.35;0;0;138;3;0;0;0;0;43;3;2302313538;0;0;0;63;0
0;10;0;12;10.4;1658;11:19:04.28;0;16.57956;0.50692;1;655.35;0;0;138;3;0;0;0;0;39;3;2302314428;0;0;0;63;0
0;10.3;0;16;0;1931;11:19:08.88;0;-19.20750;2.00162;1;135.18;0;0;138;4;0;0;0;0;47;3;2302314888;0;0;0;63;0
0;9.5;0;20;0;3968;11:19:21.81;0;32.14245;23.28173;1;148.11;0;0;138;4;0;0;0;0;27;3;2302316181;0;0;0;63;0
0;9;0;18;9.6;3710;11:19:30.07;0;33.20181;16.55561;1;156.37;0;0;6;0;0;0;0;0;51;3;2302317007;0;0;0;63;733
0;9.5;0;16;0;3994;11:19:31.52;0;-38.79345;9.50935;1;157.82;0;0;138;4;0;0;0;0;48;3;2302317152;0;0;0;63;0
0;9;0;12;9.7;3418;11:19:47.60;0;30.45929;15.51406;1;655.35;0;0;138;3;0;0;0;0;40;3;2302318760;0;0;0;63;0
0;9.1;0;16;0;4956;11:19:50.53;0;-27.75222;-41.06414;1;176.83;0;0;138;4;0;0;0;0;49;3;2302319053;0;0;0;63;0
0;9.5;0;20;0;3825;11:19:52.86;0;-16.61481;-34.46181;1;179.16;0;0;138;4;0;0;0;0;28;3;2302319286;0;0;0;63;0
0;9;0;18;9.3;4380;11:19:53.65;0;42.20303;11.74734;1;179.95;0;0;6;0;0;0;0;0;52;3;2302319365;0;0;0;63;733
0;10.7;0;20;0;628;11:20:23.91;1;-4.59760;4.28814;1;210.21;0;0;138;4;0;0;0;0;29;3;2302322391;0;0;0;63;0
0;10;0;12;10.0;2569;11:20:29.55;0;-15.55376;-20.45048;1;655.35;0;0;138;3;0;0;0;0;41;3;2302322955;0;0;0;63;0
0;9.9;0;16;0;2868;11:20:48.07;0;2.60841;28.57113;1;234.37;0;0;138;4;0;0;0;0;50;3;2302324807;0;0;0;63;0
0;5;0;21;5.5;13994;11:20:56.33;0;2.03993;-139.92627;1;655.35;0;0;138;3;0;0;0;0;16;3;2302325633;0;0;0;63;0
0;9.6;0;16;0;3644;11:21:06.40;0;6.03156;35.94011;1;252.70;0;0;138;4;0;0;0;0;51;3;2302326640;0;0;0;63;0
0;9.9;0;16;0;2869;11:21:21.28;0;-8.03360;27.55172;1;267.58;0;0;138;4;0;0;0;0;52;3;2302328128;0;0;0;63;0
0;10.5;0;16;0;1294;11:21:34.99;1;-6.93583;-10.93056;1;281.29;0;0;138;4;0;0;0;0;53;3;2302329499;0;0;0;63;0
0;9.6;0;16;0;3776;11:21:49.98;0;-13.74066;-35.18094;1;296.28;0;0;138;4;0;0;0;0;54;3;2302330998;0;0;0;63;0
0;8;0;21;8.4;6719;11:21:49.87;0;37.80315;-55.55012;1;655.35;0;0;138;3;0;0;0;0;17;3;2302330987;0;0;0;63;0
0;9.2;0;11;0;4656;11:22:00.71;0;-20.08885;-42.00402;1;655.35;0;0;138;4;0;0;0;0;25;3;2302332071;0;0;0;63;0
0;10.5;0;11;0;1173;11:22:27.52;1;8.31333;-8.28683;1;655.35;0;0;138;4;0;0;0;0;26;3;2302334752;0;0;0;63;0
0;10;0;15;10.2;1994;11:22:32.94;0;-14.20511;14.00249;1;655.35;0;0;138;3;0;0;0;0;44;3;2302335294;0;0;0;63;0
0;7;0;21;7.6;8687;11:22:39.74;0;-13.05509;-85.88460;1;655.35;0;0;138;3;0;0;0;0;18;3;2302335974;0;0;0;63;0
0;10.7;0;20;0;816;11:22:47.35;1;2.07935;7.89535;1;33.54;0;0;138;4;0;0;0;0;30;3;2302336735;0;0;0;63;0
0;10;0;15;10.2;2054;11:22:59.30;0;-20.27951;3.28909;1;655.35;0;0;138;3;0;0;0;0;45;3;2302337930;0;0;0;63;0
0;7.9;0;11;0;7949;11:23:10.84;0;-19.41549;-77.08433;1;655.35;0;0;138;4;0;0;0;0;27;3;2302339084;0;0;0;63;0
0;10.3;0;20;0;1833;11:23:18.60;0;12.41545;13.49381;1;64.79;0;0;138;4;0;0;0;0;31;3;2302339860;0;0;0;63;0
0;8;0;15;8.2;7085;11:23:24.14;0;-15.41081;-69.16365;1;655.35;0;0;138;3;0;0;0;0;46;3;2302340414;0;0;0;63;0
0;9;0;21;9.4;4038;11:23:43.90;0;-13.32945;-38.12223;1;655.35;0;0;138;3;0;0;0;0;19;3;2302342390;0;0;0;63;0
0;9.8;0;11;0;3155;11:23:45.42;0;-12.73536;-28.87576;1;655.35;0;0;138;4;0;0;0;0;28;3;2302342542;0;0;0;63;0
0;9.5;0;20;0;3818;11:23:46.58;0;2.40294;38.11315;1;92.77;0;0;138;4;0;0;0;0;32;3;2302342658;0;0;0;63;0
0;10;0;15;10.2;1985;11:23:50.07;0;4.88531;19.24888;1;655.35;0;0;138;3;0;0;0;0;47;3;2302343007;0;0;0;63;0
0;8;0;23;8.5;6465;11:24:07.98;0;-58.75070;26.99873;1;655.35;0;0;138;3;0;0;0;0;30;3;2302344798;0;0;0;63;0
0;9.9;0;11;0;2869;11:24:16.13;0;27.30134;8.82335;1;655.35;0;0;138;4;0;0;0;0;29;3;2302345613;0;0;0;63;0
0;9.3;0;20;0;4452;11:24:16.95;0;-39.47841;-20.59718;1;123.14;0;0;138;4;0;0;0;0;33;3;2302345695;0;0;0;63;0
0;9;0;23;9.1;5009;11:24:36.56;0;14.39119;47.98042;1;655.35;0;0;138;3;0;0;0;0;31;3;2302347656;0;0;0;63;0
0;9.5;0;20;0;3829;11:24:50.18;0;-7.47355;-37.56351;1;156.37;0;0;138;4;0;0;0;0;34;3;2302349018;0;0;0;63;0
0;9;0;23;9.2;4731;11:25:13.41;0;-47.00276;-5.42671;1;655.35;0;0;138;3;0;0;0;0;32;3;2302351341;0;0;0;63;0
0;8;0;19;8.0;7597;11:25:14.26;0;69.83708;-29.91630;1;180.46;0;0;138;3;0;0;0;0;32;3;2302351426;0;0;0;63;0
0;8;0;19;8.3;6972;11:25:38.04;0;57.89417;-38.86290;1;204.24;0;0;138;3;0;0;0;0;33;3;2302353804;0;0;0;63;0
0;10.5;0;14;0;1180;11:25:41.24;1;7.96861;8.70519;1;655.35;0;0;138;4;0;0;0;0;41;3;2302354124;0;0;0;63;0
0;10.2;0;11;0;2221;11:25:49.08;0;-19.73007;10.21823;1;655.35;0;0;138;4;0;0;0;0;30;3;2302354908;0;0;0;63;0
0;9;0;23;9.6;3548;11:25:52.67;0;-24.22573;25.93343;1;655.35;0;0;138;3;0;0;0;0;33;3;2302355267;0;0;0;63;0
0;8;0;19;8.1;7300;11:26:01.16;0;-60.14644;-41.38295;1;227.36;0;0;138;3;0;0;0;0;34;3;2302356116;0;0;0;63;0
0;10.8;0;14;0;330;11:26:07.41;1;3.23045;-0.71222;1;655.35;0;0;138;4;0;0;0;0;42;3;2302356741;0;0;0;63;0
0;8.3;0;11;0;6953;11:26:23.20;0;24.21539;-65.18294;1;655.35;0;0;138;4;0;0;0;0;31;3;2302358320;0;0;0;63;0
0;10;0;23;10.1;2378;11:26:25.01;0;-22.62283;-7.33273;1;655.35;0;0;138;3;0;0;0;0;34;3;2302358501;0;0;0;63;0
0;10;0;19;10.1;2268;11:26:29.54;0;-20.78640;-9.08861;1;255.74;0;0;138;3;0;0;0;0;35;3;2302358954;0;0;0;63;0
0;10.3;0;14;0;1763;11:26:30.86;0;-15.80747;7.80770;1;655.35;0;0;138;4;0;0;0;0;43;3;2302359086;0;0;0;63;0
0;9;0;12;9.8;3198;11:26:46.38;0;-29.44304;-12.48751;1;655.35;0;0;138;3;0;0;0;0;42;3;2302360638;0;0;0;63;0
0;10.3;0;11;0;1700;11:26:51.84;0;1.34698;16.95205;1;655.35;0;0;138;4;0;0;0;0;32;3;2302361184;0;0;0;63;0
0;10;0;15;10.2;1968;11:26:51.43;0;19.14670;-4.57536;1;655.35;0;0;138;3;0;0;0;0;48;3;2302361143;0;0;0;63;0
0;7.4;0;14;0;9064;11:26:54.92;0;-33.18787;-84.35155;1;655.35;0;0;138;4;0;0;0;0;44;3;2302361492;0;0;0;63;0
0;8;0;19;8.7;5868;11:26:58.43;0;-38.73942;-44.08555;1;284.63;0;0;138;3;0;0;0;0;36;3;2302361843;0;0;0;63;0
0;10.2;0;11;0;2021;11:27:23.34;0;1.06075;-20.19175;1;655.35;0;0;138;4;0;0;0;0;33;3;2302364334;0;0;0;63;0
0;10;0;12;10.2;2090;11:27:22.73;0;19.82457;6.62130;1;655.35;0;0;138;3;0;0;0;0;43;3;2302364273;0;0;0;63;0
0;10.6;0;14;0;980;11:27:25.02;1;5.73759;-7.95550;1;655.35;0;0;138;4;0;0;0;0;45;3;2302364502;0;0;0;63;0
0;9;0;23;9.3;4471;11:27:32.06;0;-21.04823;39.45577;1;655.35;0;0;138;3;0;0;0;0;35;3;2302365206;0;0;0;63;0
0;9;0;21;9.5;3890;11:28:04.33;0;-8.34644;-37.99799;1;655.35;0;0;138;3;0;0;0;0;20;3;2302368433;0;0;0;63;0
0;10;0;12;10.3;1859;11:28:06.52;0;9.31085;16.09462;1;655.35;0;0;138;3;0;0;0;0;44;3;2302368652;0;0;0;63;0
0;8.9;0;14;0;5346;11:28:09.57;0;-47.07868;-25.35028;1;655.35;0;0;138;4;0;0;0;0;46;3;2302368957;0;0;0;63;0
0;9;0;23;9.3;4431;11:28:13.02;0;-36.48566;25.15006;1;655.35;0;0;138;3;0;0;0;0;36;3;2302369302;0;0;0;63;0
0;10.5;0;11;0;1131;11:28:21.40;1;-9.57528;-6.03676;1;655.35;0;0;138;4;0;0;0;0;34;3;2302370140;0;0;0;63;0
0;10.7;0;14;0;659;11:28:32.65;1;3.33573;-5.69137;1;655.35;0;0;138;4;0;0;0;0;47;3;2302371265;0;0;0;63;0
0;10;0;23;10.0;2708;11:28:41.74;0;-25.52177;-9.06992;1;655.35;0;0;138;3;0;0;0;0;37;3;2302372174;0;0;0;63;0
0;9;0;19;9.3;4354;11:28:43.52;0;30.30219;-31.27602;1;389.72;0;0;138;3;0;0;0;0;37;3;2302372352;0;0;0;63;0
0;9;0;12;9.9;2938;11:28:44.20;0;-5.97679;28.76573;1;655.35;0;0;138;3;0;0;0;0;45;3;2302372420;0;0;0;63;0
0;10.4;0;14;0;1393;11:28:57.50;1;12.05438;6.99529;1;655.35;0;0;138;4;0;0;0;0;48;3;2302373750;0;0;0;63;0
0;10.4;0;20;0;1484;11:29:04.01;1;14.84427;-0.07063;1;410.20;0;0;138;4;0;0;0;0;35;3;2302374401;0;0;0;63;0
0;9;0;23;9.5;3895;11:29:15.28;0;-9.79722;37.70239;1;655.35;0;0;138;3;0;0;0;0;38;3;2302375528;0;0;0;63;0
0;9;0;12;9.4;4101;11:29:15.84;0;11.84049;-39.26934;1;655.35;0;0;138;3;0;0;0;0;46;3;2302375584;0;0;0;63;0
0;9;0;19;9.8;3258;11:29:17.34;0;-4.58770;-32.25852;1;423.54;0;0;138;3;0;0;0;0;38;3;2302375734;0;0;0;63;0
0;10;0;15;10.0;2621;11:29:22.12;0;4.91199;-25.75243;1;655.35;0;0;138;3;0;0;0;0;49;3;2302376212;0;0;0;63;0
0;9.6;0;14;0;3652;11:29:24.94;0;-11.64842;-34.61345;1;655.35;0;0;138;4;0;0;0;0;49;3;2302376494;0;0;0;63;0
0;9.5;0;20;0;3822;11:29:31.46;0;37.24994;-8.57690;1;437.65;0;0;138;4;0;0;0;0;36;3;2302377146;0;0;0;63;0
0;10;0;23;10.3;1700;11:29:38.58;0;16.77658;2.76233;1;655.35;0;0;138;3;0;0;0;0;39;3;2302377858;0;0;0;63;0
0;9;0;21;9.1;5009;11:29:44.40;0;-20.08274;-45.89738;1;655.35;0;0;138;3;0;0;0;0;21;3;2302378440;0;0;0;63;0
0;10;0;15;10.0;2659;11:29:45.50;0;-15.82415;-21.37706;1;655.35;0;0;138;3;0;0;0;0;50;3;2302378550;0;0;0;63;0
0;10;0;19;10.4;1518;11:29:49.78;1;-10.05143;11.38746;1;455.98;0;0;138;3;0;0;0;0;39;3;2302378978;0;0;0;63;0
0;9.9;0;14;0;2833;11:29:52.00;0;6.56808;27.55899;1;655.35;0;0;138;4;0;0;0;0;50;3;2302379200;0;0;0;63;0
0;9.8;0;20;0;3208;11:29:58.82;0;-29.27027;-13.14967;1;465.1;0;0;138;4;0;0;0;0;37;3;2302379882;0;0;0;63;0
0;10;0;19;10.1;2388;11:30:19.65;0;-15.27409;-18.36342;1;485.85;0;0;138;3;0;0;0;0;40;3;2302381965;0;0;0;63;0
0;9.2;0;20;0;4748;11:30:21.69;0;-45.23444;-14.44235;1;487.88;0;0;138;4;0;0;0;0;38;3;2302382169;0;0;0;63;0
0;9;0;12;9.7;3351;11:30:34.32;0;20.13217;26.80079;1;655.35;0;0;138;3;0;0;0;0;47;3;2302383432;0;0;0;63;0
0;7;0;21;7.6;8643;11:30:37.12;0;-9.19213;-85.94368;1;655.35;0;0;138;3;0;0;0;0;22;3;2302383712;0;0;0;63;0
0;9;0;19;9.3;4433;11:30:45.52;0;-16.11347;-41.30277;1;511.72;0;0;138;3;0;0;0;0;41;3;2302384552;0;0;0;63;0
0;8.8;0;20;0;5587;11:30:46.44;0;-20.57583;-51.94373;1;512.63;0;0;138;4;0;0;0;0;39;3;2302384644;0;0;0;63;0
0;10;0;15;10.2;2099;11:30:49.11;0;-13.42713;16.14602;1;655.35;0;0;138;3;0;0;0;0;51;3;2302384911;0;0;0;63;0
0;8;0;12;8.5;6460;11:31:13.98;0;24.06289;-59.96170;1;655.35;0;0;138;3;0;0;0;0;48;3;2302387398;0;0;0;63;0
0;10;0;15;10.6;1095;11:31:16.45;1;2.86609;-10.56932;1;655.35;0;0;138;3;0;0;0;0;52;3;2302387645;0;0;0;63;0
0;7;0;21;7.9;7788;11:31:38.30;0;-25.64300;-73.54096;1;655.35;0;0;138;3;0;0;0;0;23;3;2302389830;0;0;0;63;0
0;8;0;12;8.8;5619;11:31:51.18;0;18.59549;-53.02790;1;655.35;0;0;138;3;0;0;0;0;49;3;2302391118;0;0;0;63;0
0;10.2;0;14;0;2175;11:32:11.43;0;21.20439;-4.85766;1;655.35;0;0;138;4;0;0;0;0;51;3;2302393143;0;0;0;63;0
0;10;0;19;10.2;1963;11:32:11.39;0;8.11217;-17.87898;1;597.59;0;0;138;3;0;0;0;0;42;3;2302393139;0;0;0;63;0
0;0;0;18;0;20000;11:32:13.97;0;-31.71404;34.12364;0;600.17;0;0;6;0;0;0;0;0;53;3;2302393397;0;0;0;63;733
0;10;0;15;10.1;2428;11:32:24.55;0;-19.13768;14.94476;1;655.35;0;0;138;3;0;0;0;0;53;3;2302394455;0;0;0;63;0
0;10;0;12;10.1;2265;11:32:32.78;0;-5.56099;-21.96190;1;655.35;0;0;138;3;0;0;0;0;50;3;2302395278;0;0;0;63;0
0;8;0;21;8.3;6994;11:32:32.94;0;6.77955;-69.61653;1;655.35;0;0;138;3;0;0;0;0;24;3;2302395294;0;0;0;63;0
0;8;0;19;8.4;6718;11:32:35.76;0;-40.06431;-53.93364;1;621.96;0;0;138;3;0;0;0;0;43;3;2302395576;0;0;0;63;0
0;0;0;18;0;20000;11:32:39.84;0;8.09439;-27.79941;0;626.4;0;0;6;0;0;0;0;0;54;3;2302395984;0;0;0;63;733
0;10.1;0;20;0;2339;11:32:41.99;0;-10.72289;-20.79040;1;628.18;0;0;138;4;0;0;0;0;40;3;2302396199;0;0;0;63;0
0;9;0;23;9.1;4928;11:32:41.69;0;-5.31209;48.99397;1;655.35;0;0;138;3;0;0;0;0;40;3;2302396169;0;0;0;63;0
0;10.1;0;14;0;2269;11:32:52.08;0;19.10883;12.24342;1;655.35;0;0;138;4;0;0;0;0;52;3;2302397208;0;0;0;63;0
0;8.6;0;11;0;6072;11:32:56.80;0;49.91458;-34.58514;1;655.35;0;0;138;4;0;0;0;0;35;3;2302397680;0;0;0;63;0
0;10;0;19;10.1;2422;11:33:03.17;0;-1.38709;-24.18777;1;649.37;0;0;138;3;0;0;0;0;44;3;2302398317;0;0;0;63;0
0;0;0;18;0;20000;11:33:03.65;0;14.99350;-5.79371;0;649.85;0;0;6;0;0;0;0;0;55;3;2302398365;0;0;0;63;733
0;8;0;23;8.4;6546;11:33:13.71;0;1.45755;65.45176;1;655.35;0;0;138;3;0;0;0;0;41;3;2302399371;0;0;0;63;0
0;10.9;0;20;0;252;11:33:15.34;1;-2.50500;0.32190;1;655.35;0;0;138;4;0;0;0;0;41;3;2302399534;0;0;0;63;0
0;0;0;18;0;20000;11:33:29.04;0;50.58195;16.54322;0;655.35;0;0;6;0;0;0;0;0;56;3;2302400904;0;0;0;63;733
0;8;0;19;8.6;6277;11:33:31.42;0;-36.35414;-51.18246;1;655.35;0;0;138;3;0;0;0;0;45;3;2302401142;0;0;0;63;0
0;9;0;23;9.9;2967;11:33:34.79;0;28.48033;-8.32358;1;655.35;0;0;138;3;0;0;0;0;42;3;2302401479;0;0;0;63;0
0;9.2;0;11;0;4692;11:33:35.16;0;-6.58831;46.45869;1;655.35;0;0;138;4;0;0;0;0;36;3;2302401516;0;0;0;63;0
0;10.2;0;14;0;2049;11:33:37.69;0;-19.92539;4.81614;1;655.35;0;0;138;4;0;0;0;0;53;3;2302401769;0;0;0;63;0
0;9.4;0;20;0;4050;11:33:45.87;0;-22.89195;-33.41957;1;655.35;0;0;138;4;0;0;0;0;42;3;2302402587;0;0;0;63;0
0;9;0;12;9.8;3236;11:33:52.02;0;-14.74621;-28.80967;1;655.35;0;0;138;3;0;0;0;0;51;3;2302403202;0;0;0;63;0
0;0;0;18;0;20000;11:33:55.52;0;16.69977;25.60370;0;655.35;0;0;6;0;0;0;0;0;57;3;2302403552;0;0;0;63;733
0;9;0;23;9.9;2849;11:33:58.27;0;-19.53288;-20.75136;1;655.35;0;0;138;3;0;0;0;0;43;3;2302403827;0;0;0;63;0
0;9;0;19;9.8;3134;11:34:00.31;0;-24.09298;-20.04713;1;655.35;0;0;138;3;0;0;0;0;46;3;2302404031;0;0;0;63;0
0;9.2;0;11;0;4741;11:34:15.32;0;-24.09918;-40.83385;1;655.35;0;0;138;4;0;0;0;0;37;3;2302405532;0;0;0;63;0
0;10.0;0;14;0;2582;11:34:15.49;0;18.77717;-17.72559;1;655.35;0;0;138;4;0;0;0;0;54;3;2302405549;0;0;0;63;0
0;10;0;23;10.7;690;11:34:21.43;1;-0.17704;-6.90719;1;655.35;0;0;138;3;0;0;0;0;44;3;2302406143;0;0;0;63;0
0;10.2;0;20;0;2146;11:34:22.43;0;-21.43149;-1.22737;1;655.35;0;0;138;4;0;0;0;0;43;3;2302406243;0;0;0;63;0
0;9.4;0;11;0;4244;11:34:47.95;0;19.34372;-37.77841;1;655.35;0;0;138;4;0;0;0;0;38;3;2302408795;0;0;0;63;0
0;0;0;18;0;20000;11:34:52.04;0;60.62339;-21.09937;0;655.35;0;0;6;0;0;0;0;0;58;3;2302409204;0;0;0;63;733
0;7;0;21;7.6;8692;11:34:53.42;0;-0.98359;-86.92415;1;655.35;0;0;138;3;0;0;0;0;25;3;2302409342;0;0;0;63;0
0;9.1;0;20;0;4971;11:34:54.56;0;-49.69195;1.34955;1;655.35;0;0;138;4;0;0;0;0;44;3;2302409456;0;0;0;63;0
0;0;0;18;0;20000;11:35:14.71;0;55.04665;-16.73106;0;655.35;0;0;6;0;0;0;0;0;59;3;2302411471;0;0;0;63;733
0;10;0;23;10.0;2708;11:35:18.87;0;-26.12457;-7.16143;1;655.35;0;0;138;3;0;0;0;0;45;3;2302411887;0;0;0;63;0
0;10;0;19;10.5;1382;11:35:22.80;1;-12.99950;-4.69825;1;655.35;0;0;138;3;0;0;0;0;47;3;2302412280;0;0;0;63;0
0;9.4;0;11;0;4058;11:35:24.03;0;-12.50095;-38.61307;1;655.35;0;0;138;4;0;0;0;0;39;3;2302412403;0;0;0;63;0
0;0;0;18;0;20000;11:35:36.26;0;21.25740;4.01911;0;655.35;0;0;6;0;0;0;0;0;60;3;2302413626;0;0;0;63;733
0;7;0;19;7.3;9521;11:35:47.42;0;0.89214;-95.21570;1;655.35;0;0;138;3;0;0;0;0;48;3;2302414742;0;0;0;63;0
0;10;0;23;10.0;2537;11:35:46.89;0;23.40461;-9.80405;1;655.35;0;0;138;3;0;0;0;0;46;3;2302414689;0;0;0;63;0
0;8;0;21;8.4;6656;11:35:48.85;0;9.09403;-65.93982;1;655.35;0;0;138;3;0;0;0;0;26;3;2302414885;0;0;0;63;0
0;0;0;18;0;20000;11:35:57.87;0;2.60998;-0.79548;0;655.35;0;0;6;0;0;0;0;0;61;3;2302415787;0;0;0;63;733
0;9;0;19;9.3;4507;11:36:11.93;0;-36.15890;-26.91898;1;655.35;0;0;138;3;0;0;0;0;49;3;2302417193;0;0;0;63;0
0;10;0;23;10.7;664;11:36:16.45;1;-6.62723;-0.44249;1;655.35;0;0;138;3;0;0;0;0;47;3;2302417645;0;0;0;63;0
0;0;0;18;0;20000;11:36:22.90;0;24.16118;66.79153;0;655.35;0;0;6;0;0;0;0;0;62;3;2302418290;0;0;0;63;733
0;10.2;0;20;0;2087;11:36:25.28;0;-14.83390;14.68213;1;655.35;0;0;138;4;0;0;0;0;45;3;2302418528;0;0;0;63;0
0;7.7;0;11;0;8498;11:36:31.67;0;-15.48460;-83.56500;1;655.35;0;0;138;4;0;0;0;0;40;3;2302419167;0;0;0;63;0
0;9.3;0;14;0;4487;11:36:35.49;0;-25.20785;37.12705;1;655.35;0;0;138;4;0;0;0;0;55;3;2302419549;0;0;0;63;0
0;9;0;19;9.4;4185;11:36:37.45;0;-14.56494;39.24157;1;655.35;0;0;138;3;0;0;0;0;50;3;2302419745;0;0;0;63;0
0;7;0;21;7.2;9693;11:36:42.34;0;-15.57763;-95.67308;1;655.35;0;0;138;3;0;0;0;0;27;3;2302420234;0;0;0;63;0
0;10;0;23;10.4;1549;11:36:45.48;0;1.67203;-15.40492;1;655.35;0;0;138;3;0;0;0;0;48;3;2302420548;0;0;0;63;0
0;9.3;0;11;0;4461;11:36:57.01;0;6.41579;44.15001;1;655.35;0;0;138;4;0;0;0;0;41;3;2302421701;0;0;0;63;0
0;10.4;0;20;0;1639;11:37:00.41;0;1.08082;-16.36099;1;655.35;0;0;138;4;0;0;0;0;46;3;2302422041;0;0;0;63;0
0;10;0;19;10.6;884;11:37:02.11;1;1.19416;-8.76140;1;0.32;0;0;138;3;0;0;0;0;51;3;2302422211;0;0;0;63;0
0;10;0;12;10.7;718;11:37:06.78;1;-4.60605;5.51727;1;655.35;0;0;138;3;0;0;0;0;52;3;2302422678;0;0;0;63;0
0;9;0;23;9.8;3047;11:37:11.16;0;-24.06286;-18.69745;1;655.35;0;0;138;3;0;0;0;0;49;3;2302423116;0;0;0;63;0
0;10.1;0;14;0;2255;11:37:12.81;0;0.37160;-22.54844;1;655.35;0;0;138;4;0;0;0;0;56;3;2302423281;0;0;0;63;0
0;9.8;0;11;0;3087;11:37:32.53;0;27.54763;-13.94132;1;655.35;0;0;138;4;0;0;0;0;42;3;2302425253;0;0;0;63;0
0;10;0;18;10.1;2361;11:37:34.05;0;23.53636;1.93126;1;25.26;0;0;6;0;0;0;0;0;63;3;2302425405;0;0;0;63;733
0;9.5;0;20;0;3800;11:37:34.18;0;-20.97816;31.68733;1;25.39;0;0;138;4;0;0;0;0;47;3;2302425418;0;0;0;63;0
0;8;0;21;8.9;5521;11:37:39.40;0;-8.76241;-54.51620;1;655.35;0;0;138;3;0;0;0;0;28;3;2302425940;0;0;0;63;0
0;10.3;0;14;0;1793;11:37:40.46;0;-6.84835;-16.57358;1;655.35;0;0;138;4;0;0;0;0;57;3;2302426046;0;0;0;63;0
0;9;0;12;9.6;3684;11:37:44.27;0;25.30884;-26.77360;1;655.35;0;0;138;3;0;0;0;0;53;3;2302426427;0;0;0;63;0
0;8;0;18;8.3;6827;11:37:55.07;0;56.18494;38.79205;1;46.28;0;0;6;0;0;0;0;0;64;3;2302427507;0;0;0;63;733
0;9;0;19;9.3;4447;11:37:57.26;0;30.86570;-32.01490;1;48.47;0;0;138;3;0;0;0;0;52;3;2302427726;0;0;0;63;0
0;10.5;0;11;0;1361;11:37:57.26;1;11.79195;-6.80693;1;655.35;0;0;138;4;0;0;0;0;43;3;2302427726;0;0;0;63;0
0;10.5;0;14;0;1201;11:38:03.14;1;-2.84659;-11.67149;1;655.35;0;0;138;4;0;0;0;0;58;3;2302428314;0;0;0;63;0
0;10.4;0;20;0;1575;11:38:04.37;0;12.10285;-10.08069;1;55.58;0;0;138;4;0;0;0;0;48;3;2302428437;0;0;0;63;0
0;9;0;18;9.1;4939;11:38:16.74;0;22.90686;-43.76794;1;67.95;0;0;6;0;0;0;0;0;65;3;2302429674;0;0;0;63;733
0;10;0;19;10.1;2313;11:38:23.64;0;7.70097;-21.81934;1;74.85;0;0;138;3;0;0;0;0;53;3;2302430364;0;0;0;63;0
0;8;0;12;8.7;5944;11:38:24.17;0;-34.94063;-48.09646;1;655.35;0;0;138;3;0;0;0;0;54;3;2302430417;0;0;0;63;0
0;9.7;0;11;0;3354;11:38:25.65;0;-0.10753;-33.54883;1;655.35;0;0;138;4;0;0;0;0;44;3;2302430565;0;0;0;63;0
0;9.2;0;20;0;4599;11:38:33.94;0;-30.91655;-34.06114;1;85.15;0;0;138;4;0;0;0;0;49;3;2302431394;0;0;0;63;0
0;9;0;18;9.3;4499;11:38:36.48;0;27.79000;35.38288;1;87.69;0;0;6;0;0;7;0;0;66;3;2302431648;0;0;0;63;733
0;8;0;19;8.4;6599;11:38:44.03;0;62.71408;-20.54376;1;95.24;0;0;138;3;0;0;0;0;54;3;2302432403;0;0;0;63;0
0;9;0;12;9.5;3894;11:39:00.17;0;-38.77655;-3.60407;1;655.35;0;0;138;3;0;0;0;0;55;3;2302434017;0;0;0;63;0
0;8.6;0;14;0;6200;11:39:01.03;0;-13.69907;-60.46857;1;655.35;0;0;138;4;0;0;0;0;59;3;2302434103;0;0;0;63;0
0;10;0;19;10.6;1025;11:39:04.53;1;-10.20918;0.97790;1;115.74;0;0;138;3;0;0;0;0;55;3;2302434453;0;0;0;63;0
0;9;0;19;9.1;4797;11:39:24.05;0;47.65067;-5.59576;1;8.81;0;0;138;3;0;0;0;0;56;3;2302436405;0;0;0;63;0
0;7;0;21;7.8;8148;11:39:27.00;0;18.69646;-79.31179;1;655.35;0;0;138;3;0;0;0;0;29;3;2302436700;0;0;0;63;0
0;8;0;12;8.2;7034;11:39:36.88;0;-24.59158;65.90535;1;655.35;0;0;138;3;0;0;0;0;56;3;2302437688;0;0;0;63;0
0;6;0;19;6.8;10697;11:40:17.40;0;7.61682;-106.70608;1;62.16;0;0;138;3;0;0;0;0;57;3;2302441740;0;0;0;63;0
0;9.5;0;14;0;3885;11:40:22.47;0;-13.38118;-36.48048;1;655.35;0;0;138;4;0;0;0;0;60;3;2302442247;0;0;0;63;0
0;10.0;0;11;0;2611;11:40:24.24;0;-21.74242;-14.46606;1;655.35;0;0;138;4;0;0;0;0;45;3;2302442424;0;0;0;63;0
0;8;0;19;8.8;5609;11:40:41.95;0;55.77485;5.98386;1;86.71;0;0;138;3;0;0;0;0;58;3;2302444195;0;0;0;63;0
0;10;0;12;10.8;339;11:40:49.39;1;1.64929;2.96651;1;655.35;0;0;138;3;0;0;0;0;57;3;2302444939;0;0;0;63;0
0;9.1;0;11;0;4793;11:41:00.01;0;35.19968;-32.53588;1;655.35;0;0;138;4;0;0;0;0;46;3;2302446001;0;0;0;63;0
0;8;0;12;8.5;6407;11:41:27.77;0;-63.94984;-4.04263;1;15.29;0;0;138;3;0;0;0;0;58;3;2302448777;0;0;0;63;0
0;9.7;0;11;0;3326;11:41:29.19;0;-31.50804;-10.67987;1;16.71;0;0;138;4;0;0;0;0;47;3;2302448919;0;0;0;63;0
0;7;0;19;7.3;9426;11:41:42.12;0;-55.50816;-76.18708;1;146.88;0;0;138;3;0;0;0;0;59;3;2302450212;0;0;0;63;0
0;9.8;0;11;0;3221;11:42:00.83;0;-30.05988;11.58851;1;48.35;0;0;138;4;0;0;0;0;48;3;2302452083;0;0;0;63;0
0;8;0;12;8.3;6918;11:42:04.43;0;-34.92038;-59.72802;1;51.95;0;0;138;3;0;0;0;0;59;3;2302452443;0;0;0;63;0
0;4;0;19;4.0;17639;11:42:12.97;0;-80.07636;-157.16814;1;177.73;0;0;138;3;0;0;0;0;60;3;2302453297;0;0;0;63;0
0;10.3;0;11;0;1912;11:42:28.05;0;-6.97209;17.81280;1;75.57;0;0;138;4;0;0;0;0;49;3;2302454805;0;0;0;63;0
0;10;0;12;10.0;2596;11:42:40.73;0;-23.98634;9.94601;1;88.25;0;0;138;3;0;0;0;0;60;3;2302456073;0;0;0;63;0
0;10;0;19;10.1;2443;11:42:42.25;0;-12.52422;-20.98024;1;207.1;0;0;138;3;0;0;0;0;61;3;2302456225;0;0;0;63;0
0;9;0;12;9.1;5015;11:43:10.80;0;-50.06089;3.13722;1;118.32;0;0;138;3;0;0;0;0;61;3;2302459080;0;0;0;63;0
0;7.4;0;11;0;9215;11:43:47.75;0;-15.44030;-90.85676;1;155.27;0;0;138;4;0;0;0;0;50;3;2302462775;0;0;0;63;0
0;9.9;0;11;0;2895;11:44:29.59;0;28.08704;7.04376;1;197.11;0;0;138;4;0;0;0;0;51;3;2302466959;0;0;0;63;0
0;8.8;0;11;0;5657;11:45:00.93;0;-15.39671;-54.43547;1;228.45;0;0;138;4;0;0;0;0;52;3;2302470093;0;0;0;63;0
0;10.4;0;11;0;1562;11:45:34.58;0;9.12313;-12.68636;1;262.10;0;0;138;4;0;0;0;0;53;3;2302473458;0;0;0;63;0
0;9.4;0;11;0;4033;11:46:33.38;0;11.28591;-38.72428;1;320.90;0;0;138;4;0;0;0;0;54;3;2302479338;0;0;0;63;0
