3;10;0;17;10.6;2011;08:58:44.05;1;13.05408;-15.30170;1;2.38;0;0;6;1;0;0;0;0;5;3;2258272405;0;0;0;62;0
144;8;0;18;8.6;10699;08:58:43.94;0;-32.33439;101.99069;1;2.27;0;0;6;1;0;0;0;0;5;3;2258272394;0;0;0;62;0
56;10;0;27;10.5;2638;08:58:44.18;1;-24.44945;9.90841;1;2.51;0;0;6;1;0;0;0;0;5;3;2258272418;0;0;0;62;0
119;10;0;34;10.3;3472;08:58:44.30;0;12.31290;32.46523;1;2.64;0;0;6;1;0;0;0;0;5;3;2258272430;0;0;0;62;0
228;9;0;35;9.5;7195;08:58:44.19;0;8.59932;71.43945;1;2.53;0;0;6;1;0;0;0;0;5;3;2258272419;0;0;0;62;0
160;10;0;37;10.3;3619;08:58:44.30;0;-28.06346;22.86092;1;2.65;0;0;6;1;0;0;0;0;5;3;2258272430;0;0;0;62;0
66;10;0;39;10.5;2201;08:58:44.26;1;19.85561;-9.49752;1;2.60;0;0;6;1;0;0;0;0;5;3;2258272426;0;0;0;62;0
156;9;0;40;9.1;8832;08:58:44.31;0;25.12993;-84.67335;1;2.65;0;0;6;1;0;0;0;0;5;3;2258272431;0;0;0;62;0
34;10;0;12;10.0;4914;08:58:44.33;0;48.21464;9.50424;1;2.66;0;0;6;1;0;0;0;0;5;3;2258272433;0;0;0;62;0
73;10;0;14;10.0;5119;08:58:44.20;0;-15.12828;48.91018;1;2.53;0;0;6;1;0;0;0;0;5;3;2258272420;0;0;0;62;0
207;10;0;19;10.3;3411;08:58:44.26;0;-27.09061;-20.72708;1;2.59;0;0;6;1;0;0;0;0;5;3;2258272426;0;0;0;62;0
170;9;0;25;9.0;9195;08:58:44.24;0;-7.66506;-91.63497;1;2.58;0;0;6;1;0;0;0;0;5;3;2258272424;0;0;0;62;0
27;8;0;26;8.6;10753;08:58:44.27;0;33.98612;102.02433;1;2.61;0;0;6;1;0;0;0;0;5;3;2258272427;0;0;0;62;0
103;10;0;28;10.7;1553;08:58:44.40;1;6.38956;-14.16119;1;2.74;0;0;6;1;0;0;0;0;5;3;2258272440;0;0;0;62;0
131;10;0;31;10.6;1906;08:58:44.33;1;-13.42660;13.53581;1;2.67;0;0;6;1;0;0;0;0;5;3;2258272433;0;0;0;62;0
67;9;0;32;9.4;7520;08:58:44.34;0;27.35052;-70.05105;1;2.68;0;0;6;1;0;0;0;0;5;3;2258272434;0;0;0;62;0
13;10;0;33;10.5;2273;08:58:44.41;1;9.11231;20.82466;1;2.75;0;0;6;1;0;0;0;0;5;3;2258272441;0;0;0;62;0
222;9;0;38;9.7;6413;08:58:44.37;0;26.28331;58.50646;1;2.71;0;0;6;1;0;0;0;0;5;3;2258272437;0;0;0;62;0
42;10;0;13;10.1;4393;08:58:44.58;0;-17.99602;40.08231;1;2.91;0;0;6;1;0;0;0;0;5;3;2258272458;0;0;0;62;0
94;9;0;15;9.7;6174;08:58:44.64;0;-60.26822;13.42276;1;2.97;0;0;6;1;0;0;0;0;5;3;2258272464;0;0;0;62;0
213;9;0;16;9.6;6553;08:58:44.59;0;7.77752;65.07332;1;2.92;0;0;6;1;0;0;0;0;5;3;2258272459;0;0;0;62;0
230;10;0;20;10.4;2698;08:58:44.44;1;-23.98320;-12.37847;1;2.76;0;0;6;1;0;0;0;0;5;3;2258272444;0;0;0;62;0
60;10;0;21;10.3;3589;08:58:44.43;0;34.16111;-11.03196;1;2.77;0;0;6;1;0;0;0;0;5;3;2258272443;0;0;0;62;0
224;6;0;22;6.9;17416;08:58:44.60;0;165.11869;-55.40716;1;2.94;0;0;6;1;0;0;0;0;5;3;2258272460;0;0;0;62;0
219;9;0;23;9.3;7959;08:58:44.50;0;-16.58040;-77.84782;1;2.84;0;0;6;1;0;0;0;0;5;3;2258272450;0;0;0;62;0
85;10;0;24;10.5;2474;08:58:44.40;1;14.13330;20.31297;1;2.74;0;0;6;1;0;0;0;0;5;3;2258272440;0;0;0;62;0
79;10;0;30;10.9;375;08:58:44.53;1;2.98354;-2.27343;1;2.86;0;0;6;1;0;0;0;0;5;3;2258272453;0;0;0;62;0
3;10;0;17;10.5;2478;08:58:54.40;1;4.41242;24.39268;1;2.64;0;0;6;1;0;0;0;0;6;3;2258273440;0;0;0;62;0
207;10;0;19;10.0;5275;08:58:54.31;0;-26.23156;-45.77398;1;2.55;0;0;6;1;0;0;0;0;6;3;2258273431;0;0;0;62;0
230;10;0;20;10.0;5110;08:58:54.44;0;-34.72603;-37.49917;1;2.68;0;0;6;1;0;0;0;0;6;3;2258273444;0;0;0;62;0
85;10;0;24;10.4;2734;08:58:54.55;1;27.34145;0.49926;1;2.79;0;0;6;1;0;0;0;0;6;3;2258273455;0;0;0;62;0
170;10;0;25;10.5;2549;08:58:54.41;1;25.49312;-0.36509;1;2.65;0;0;6;1;0;0;0;0;6;3;2258273441;0;0;0;62;0
27;10;0;26;10.4;2969;08:58:54.37;0;-4.20963;29.39384;1;2.62;0;0;6;1;0;0;0;0;6;3;2258273437;0;0;0;62;0
56;9;0;27;9.6;6859;08:58:54.27;0;57.67938;-37.12339;1;2.52;0;0;6;1;0;0;0;0;6;3;2258273427;0;0;0;62;0
79;10;0;30;10.2;4029;08:58:54.47;0;34.87740;20.18197;1;2.71;0;0;6;1;0;0;0;0;6;3;2258273447;0;0;0;62;0
131;10;0;31;10.0;4913;08:58:54.44;0;-46.42465;-16.07937;1;2.69;0;0;6;1;0;0;0;0;6;3;2258273444;0;0;0;62;0
67;10;0;32;10.1;4540;08:58:54.54;0;-23.77363;-38.68437;1;2.78;0;0;6;1;0;0;0;0;6;3;2258273454;0;0;0;62;0
13;10;0;33;10.6;1657;08:58:54.33;1;-15.43443;6.04486;1;2.57;0;0;6;1;0;0;0;0;6;3;2258273433;0;0;0;62;0
119;10;0;34;10.2;3928;08:58:54.26;0;22.46204;32.22887;1;2.51;0;0;6;1;0;0;0;0;6;3;2258273426;0;0;0;62;0
228;8;0;35;8.6;10745;08:58:54.14;0;88.11925;61.50115;1;2.38;0;0;6;1;0;0;0;0;6;3;2258273414;0;0;0;62;0
222;9;0;38;9.9;5418;08:58:54.38;0;12.38356;52.74629;1;2.63;0;0;6;1;0;0;0;0;6;3;2258273438;0;0;0;62;0
66;9;0;39;9.1;8580;08:58:54.25;0;62.22373;59.08028;1;2.50;0;0;6;1;0;0;0;0;6;3;2258273425;0;0;0;62;0
94;10;0;15;10.4;2644;08:58:54.39;1;7.31545;25.41381;1;2.63;0;0;6;1;0;0;0;0;6;3;2258273439;0;0;0;62;0
213;10;0;16;10.6;1697;08:58:54.69;1;-4.57216;16.35140;1;2.93;0;0;6;1;0;0;0;0;6;3;2258273469;0;0;0;62;0
144;8;0;18;8.3;11814;08:58:54.59;0;23.62913;115.75773;1;2.83;0;0;6;1;0;0;0;0;6;3;2258273459;0;0;0;62;0
60;10;0;21;10.2;4207;08:58:54.56;0;-31.31336;-28.10651;1;2.80;0;0;6;1;0;0;0;0;6;3;2258273456;0;0;0;62;0
224;10;0;22;10.6;2030;08:58:54.87;1;-14.75034;13.95882;1;0.2;0;0;6;1;0;0;0;0;6;3;2258273487;0;0;0;62;0
219;10;0;23;10.7;1191;08:58:54.58;1;8.88200;-7.93920;1;2.82;0;0;6;1;0;0;0;0;6;3;2258273458;0;0;0;62;0
103;9;0;28;9.7;6378;08:58:54.57;0;-59.55939;-22.83280;1;2.82;0;0;6;1;0;0;0;0;6;3;2258273457;0;0;0;62;0
160;10;0;37;10.4;2814;08:58:54.63;0;-7.62444;27.08863;1;2.87;0;0;6;1;0;0;0;0;6;3;2258273463;0;0;0;62;0
156;8;0;40;8.9;9489;08:58:54.60;0;-39.18229;86.42729;1;2.84;0;0;6;1;0;0;0;0;6;3;2258273460;0;0;0;62;0
34;10;0;12;10.5;2455;08:58:54.76;1;21.46176;11.92121;1;3.0;0;0;6;1;0;0;0;0;6;3;2258273476;0;0;0;62;0
42;9;0;13;9.5;6977;08:58:54.71;0;65.53651;23.94821;1;2.95;0;0;6;1;0;0;0;0;6;3;2258273471;0;0;0;62;0
73;10;0;14;10.2;3994;08:58:54.73;0;27.88828;-28.59300;1;2.97;0;0;6;1;0;0;0;0;6;3;2258273473;0;0;0;62;0
27;10;0;26;10.2;3790;08:59:04.10;0;36.87600;8.79273;1;2.25;0;0;6;1;0;0;0;0;7;3;2258274410;0;0;0;62;0
13;10;0;33;10.4;3065;08:59:04.26;0;25.57056;16.90302;1;2.40;0;0;6;1;0;0;0;0;7;3;2258274426;0;0;0;62;0
119;10;0;34;10.4;2808;08:59:04.47;0;-1.61133;28.04295;1;2.62;0;0;6;1;0;0;0;0;7;3;2258274447;0;0;0;62;0
228;10;0;35;10.5;2129;08:59:04.15;1;7.48610;-19.93363;1;2.29;0;0;6;1;0;0;0;0;7;3;2258274415;0;0;0;62;0
160;10;0;37;10.2;4186;08:59:04.54;0;-27.09415;-31.91057;1;2.69;0;0;6;1;0;0;0;0;7;3;2258274454;0;0;0;62;0
222;10;0;38;10.6;2084;08:59:04.06;1;-13.14778;16.17131;1;2.20;0;0;6;1;0;0;0;0;7;3;2258274406;0;0;0;62;0
66;10;0;39;10.3;3278;08:59:04.47;0;26.75566;-18.94869;1;2.62;0;0;6;1;0;0;0;0;7;3;2258274447;0;0;0;62;0
156;10;0;40;10.5;2312;08:59:04.54;1;22.48678;-5.40599;1;2.68;0;0;6;1;0;0;0;0;7;3;2258274454;0;0;0;62;0
144;7;0;18;7.5;15062;08:59:04.44;0;27.34795;148.11951;1;2.58;0;0;6;1;0;0;0;0;7;3;2258274444;0;0;0;62;0
207;10;0;19;10.4;2952;08:59:04.59;0;-21.39214;20.34343;1;2.73;0;0;6;1;0;0;0;0;7;3;2258274459;0;0;0;62;0
230;9;0;20;9.7;6443;08:59:04.54;0;-64.43322;-0.74152;1;2.68;0;0;6;1;0;0;0;0;7;3;2258274454;0;0;0;62;0
60;10;0;21;10.5;2556;08:59:04.40;1;9.42165;-23.76996;1;2.54;0;0;6;1;0;0;0;0;7;3;2258274440;0;0;0;62;0
170;9;0;25;9.5;7219;08:59:04.33;0;46.84476;54.93301;1;2.48;0;0;6;1;0;0;0;0;7;3;2258274433;0;0;0;62;0
56;10;0;27;10.1;4397;08:59:04.56;0;20.28397;39.01783;1;2.70;0;0;6;1;0;0;0;0;7;3;2258274456;0;0;0;62;0
131;10;0;31;10.4;2763;08:59:04.60;1;-2.69326;27.50045;1;2.75;0;0;6;1;0;0;0;0;7;3;2258274460;0;0;0;62;0
67;10;0;32;10.7;1427;08:59:04.60;1;-7.72267;-12.00685;1;2.74;0;0;6;1;0;0;0;0;7;3;2258274460;0;0;0;62;0
213;9;0;16;9.8;5755;08:59:04.54;0;34.98375;-45.70609;1;2.68;0;0;6;1;0;0;0;0;7;3;2258274454;0;0;0;62;0
224;10;0;22;10.3;3291;08:59:04.75;0;-18.23518;27.40695;1;2.90;0;0;6;1;0;0;0;0;7;3;2258274475;0;0;0;62;0
219;10;0;23;10.6;2002;08:59:04.71;1;-17.23435;10.19464;1;2.85;0;0;6;1;0;0;0;0;7;3;2258274471;0;0;0;62;0
85;9;0;24;9.8;5886;08:59:04.80;0;17.19697;56.29923;1;2.94;0;0;6;1;0;0;0;0;7;3;2258274480;0;0;0;62;0
103;10;0;28;10.4;3029;08:59:04.76;0;0.92740;30.28274;1;2.91;0;0;6;1;0;0;0;0;7;3;2258274476;0;0;0;62;0
79;10;0;30;10.0;5177;08:59:04.64;0;-33.92473;-39.10783;1;2.78;0;0;6;1;0;0;0;0;7;3;2258274464;0;0;0;62;0
34;10;0;12;10.6;1681;08:59:04.99;1;16.18613;4.57358;1;0.3;0;0;6;1;0;0;0;0;7;3;2258274499;0;0;0;62;0
42;9;0;13;9.5;6952;08:59:04.69;0;63.93006;-27.33198;1;2.83;0;0;6;1;0;0;0;0;7;3;2258274469;0;0;0;62;0
73;9;0;14;9.4;7447;08:59:04.82;0;-42.01771;-61.48866;1;2.96;0;0;6;1;0;0;0;0;7;3;2258274482;0;0;0;62;0
94;10;0;15;10.8;680;08:59:04.62;1;3.57861;5.78231;1;2.76;0;0;6;1;0;0;0;0;7;3;2258274462;0;0;0;62;0
3;9;0;17;9.2;8208;08:59:04.80;0;-77.18995;-27.91668;1;2.94;0;0;6;1;0;0;0;0;7;3;2258274480;0;0;0;62;0
27;9;0;26;9.9;5619;08:59:14.53;0;21.57148;51.88544;1;2.58;0;0;6;1;0;0;0;0;8;3;2258275453;0;0;0;62;0
131;10;0;31;10.3;3243;08:59:14.64;0;-4.70761;32.09628;1;2.69;0;0;6;1;0;0;0;0;8;3;2258275464;0;0;0;62;0
67;10;0;32;10.1;4714;08:59:14.59;0;35.80010;-30.66942;1;2.64;0;0;6;1;0;0;0;0;8;3;2258275459;0;0;0;62;0
13;10;0;33;10.4;2768;08:59:14.23;1;-27.58393;2.35242;1;2.27;0;0;6;1;0;0;0;0;8;3;2258275423;0;0;0;62;0
119;9;0;34;9.9;5520;08:59:14.68;0;42.89644;-34.74436;1;2.73;0;0;6;1;0;0;0;0;8;3;2258275468;0;0;0;62;0
228;9;0;35;9.1;8641;08:59:14.44;0;51.20963;69.60268;1;2.48;0;0;6;1;0;0;0;0;8;3;2258275444;0;0;0;62;0
160;10;0;37;10.4;2686;08:59:14.79;1;24.98751;-9.86621;1;2.84;0;0;6;1;0;0;0;0;8;3;2258275479;0;0;0;62;0
222;10;0;38;10.2;3890;08:59:14.36;0;-33.34063;20.05181;1;2.41;0;0;6;1;0;0;0;0;8;3;2258275436;0;0;0;62;0
66;9;0;39;9.6;6762;08:59:14.55;0;44.54638;-50.88520;1;2.60;0;0;6;1;0;0;0;0;8;3;2258275455;0;0;0;62;0
156;10;0;40;10.1;4402;08:59:14.67;0;-43.41770;7.28968;1;2.71;0;0;6;1;0;0;0;0;8;3;2258275467;0;0;0;62;0
3;10;0;17;10.7;1164;08:59:14.65;1;-11.06352;3.61937;1;2.69;0;0;6;1;0;0;0;0;8;3;2258275465;0;0;0;62;0
207;10;0;19;10.1;4323;08:59:14.72;0;-42.76288;-6.35933;1;2.76;0;0;6;1;0;0;0;0;8;3;2258275472;0;0;0;62;0
230;10;0;20;10.0;5172;08:59:14.69;0;-31.91061;-40.71203;1;2.73;0;0;6;1;0;0;0;0;8;3;2258275469;0;0;0;62;0
60;10;0;21;10.4;2835;08:59:14.58;0;6.64067;27.56482;1;2.62;0;0;6;1;0;0;0;0;8;3;2258275458;0;0;0;62;0
170;10;0;25;10.2;3888;08:59:14.55;0;38.86309;1.21134;1;2.60;0;0;6;1;0;0;0;0;8;3;2258275455;0;0;0;62;0
56;10;0;27;10.2;3737;08:59:14.73;0;-28.80350;23.82248;1;2.77;0;0;6;1;0;0;0;0;8;3;2258275473;0;0;0;62;0
34;9;0;12;9.1;8736;08:59:14.87;0;54.18749;-68.52805;1;2.91;0;0;6;1;0;0;0;0;8;3;2258275487;0;0;0;62;0
42;10;0;13;10.3;3559;08:59:14.84;0;16.98523;-31.28475;1;2.88;0;0;6;1;0;0;0;0;8;3;2258275484;0;0;0;62;0
94;10;0;15;10.7;1058;08:59:14.92;1;-7.45083;7.51608;1;2.96;0;0;6;1;0;0;0;0;8;3;2258275492;0;0;0;62;0
213;10;0;16;10.6;1723;08:59:14.79;1;13.19509;11.08092;1;2.84;0;0;6;1;0;0;0;0;8;3;2258275479;0;0;0;62;0
144;8;0;18;8.6;10676;08:59:15.00;0;24.11268;104.00613;1;3.4;0;0;6;1;0;0;0;0;8;3;2258275500;0;0;0;62;0
224;10;0;22;10.0;4834;08:59:14.88;0;-0.22882;48.34896;1;2.93;0;0;6;1;0;0;0;0;8;3;2258275488;0;0;0;62;0
219;10;0;23;10.5;2539;08:59:14.85;1;20.07795;15.55033;1;2.89;0;0;6;1;0;0;0;0;8;3;2258275485;0;0;0;62;0
85;9;0;24;9.0;9115;08:59:14.89;0;67.14307;-61.64713;1;2.93;0;0;6;1;0;0;0;0;8;3;2258275489;0;0;0;62;0
103;10;0;28;10.4;2786;08:59:14.90;0;-27.79093;2.01443;1;2.95;0;0;6;1;0;0;0;0;8;3;2258275490;0;0;0;62;0
79;10;0;30;10.3;3466;08:59:14.89;0;21.92315;-26.85363;1;2.94;0;0;6;1;0;0;0;0;8;3;2258275489;0;0;0;62;0
73;8;0;14;8.9;9405;08:59:15.24;0;46.26865;-81.88394;1;0.18;0;0;6;1;0;0;0;0;8;3;2258275524;0;0;0;62;0
222;9;0;38;9.8;5920;08:59:24.29;0;50.71437;30.54553;1;2.24;0;0;6;1;0;1;0;0;9;3;2258276429;0;0;0;62;0
3;10;0;17;10.5;2468;08:59:24.62;1;8.24568;-23.26865;1;2.56;0;0;6;1;0;1;0;0;9;3;2258276462;0;0;0;62;0
170;10;0;25;10.8;914;08:59:24.78;1;-8.86278;2.25353;1;2.73;0;0;6;1;0;1;0;0;9;3;2258276478;0;0;0;62;0
27;9;0;26;9.6;6537;08:59:24.55;0;4.30824;65.23009;1;2.50;0;0;6;1;0;1;0;0;9;3;2258276455;0;0;0;62;0
56;10;0;27;10.6;1638;08:59:24.74;1;13.69321;9.00384;1;2.69;0;0;6;1;0;1;0;0;9;3;2258276474;0;0;0;62;0
13;9;0;33;9.7;6290;08:59:24.42;0;34.91946;52.31946;1;2.36;0;0;6;1;0;1;0;0;9;3;2258276442;0;0;0;62;0
119;10;0;34;10.3;3652;08:59:24.71;0;33.82805;-13.77210;1;2.66;0;0;6;1;0;1;0;0;9;3;2258276471;0;0;0;62;0
228;10;0;35;10.1;4745;08:59:24.47;0;-39.42807;-26.41452;1;2.41;0;0;6;1;0;1;0;0;9;3;2258276447;0;0;0;62;0
160;10;0;37;10.4;2966;08:59:24.70;0;14.59758;25.82526;1;2.65;0;0;6;1;0;1;0;0;9;3;2258276470;0;0;0;62;0
66;9;0;39;9.8;5837;08:59:24.50;0;-42.80436;-39.69709;1;2.45;0;0;6;1;0;1;0;0;9;3;2258276450;0;0;0;62;0
156;10;0;40;10.3;3290;08:59:24.86;0;32.87556;1.41852;1;2.80;0;0;6;1;0;1;0;0;9;3;2258276486;0;0;0;62;0
34;10;0;12;10.6;1985;08:59:24.86;1;-14.70870;-13.34331;1;2.80;0;0;6;1;0;1;0;0;9;3;2258276486;0;0;0;62;0
94;9;0;15;9.5;7116;08:59:24.88;0;61.12226;36.44910;1;2.82;0;0;6;1;0;1;0;0;9;3;2258276488;0;0;0;62;0
230;10;0;20;10.0;5108;08:59:24.77;0;-45.16526;-23.86256;1;2.71;0;0;6;1;0;1;0;0;9;3;2258276477;0;0;0;62;0
60;10;0;21;10.3;3389;08:59:24.85;0;-31.01846;-13.66657;1;2.79;0;0;6;1;0;1;0;0;9;3;2258276485;0;0;0;62;0
219;9;0;23;9.8;5965;08:59:24.89;0;-44.32939;39.91506;1;2.83;0;0;6;1;0;1;0;0;9;3;2258276489;0;0;0;62;0
131;10;0;31;10.5;2150;08:59:24.92;1;20.67537;5.91294;1;2.87;0;0;6;1;0;1;0;0;9;3;2258276492;0;0;0;62;0
67;9;0;32;9.5;7178;08:59:25.07;0;28.84606;-65.73392;1;3.1;0;0;6;1;0;1;0;0;9;3;2258276507;0;0;0;62;0
42;10;0;13;10.2;4019;08:59:25.12;0;31.52663;-24.93149;1;3.6;0;0;6;1;0;1;0;0;9;3;2258276512;0;0;0;62;0
73;9;0;14;9.6;6823;08:59:24.97;0;-10.01488;67.49979;1;2.91;0;0;6;1;0;1;0;0;9;3;2258276497;0;0;0;62;0
213;10;0;16;10.0;5162;08:59:25.17;0;41.29650;30.97445;1;0.1;0;0;6;1;0;1;0;0;9;3;2258276517;0;0;0;62;0
144;9;0;18;9.3;7830;08:59:24.99;0;-26.00329;73.86471;1;2.93;0;0;6;1;0;1;0;0;9;3;2258276499;0;0;0;62;0
207;10;0;19;10.4;3010;08:59:24.92;0;-20.22067;-22.29818;1;2.86;0;0;6;1;0;1;0;0;9;3;2258276492;0;0;0;62;0
85;10;0;24;10.2;4022;08:59:25.13;0;32.34039;23.92704;1;3.7;0;0;6;1;0;1;0;0;9;3;2258276513;0;0;0;62;0
103;10;0;28;10.5;2560;08:59:25.23;1;-24.03447;-8.84395;1;0.8;0;0;6;1;0;1;0;0;9;3;2258276523;0;0;0;62;0
79;9;0;30;9.7;6392;08:59:25.04;0;22.31653;-59.90115;1;2.98;0;0;6;1;0;1;0;0;9;3;2258276504;0;0;0;62;0
224;9;0;22;9.7;6249;08:59:25.03;0;47.89132;-40.15435;1;2.98;0;0;6;1;0;1;0;0;9;3;2258276503;0;0;0;62;0
3;9;1;17;9.0;9118;09:02:09.55;0;-65.86803;-63.05283;1;2.48;0;0;6;1;0;0;1;1;12;3;2258292955;0;0;0;62;0
207;10;1;19;10.4;2884;09:02:09.57;0;-28.74242;-2.41726;1;2.51;0;0;6;1;0;0;1;1;12;3;2258292957;0;0;0;62;0
224;7;1;22;7.9;13383;09:02:09.64;0;124.42555;49.29211;1;2.59;0;0;6;1;0;0;1;1;12;3;2258292964;0;0;0;62;0
27;10;1;26;10.3;3587;09:02:09.56;0;4.62370;-35.57099;1;2.51;0;0;6;1;0;0;1;1;12;3;2258292956;0;0;0;62;0
56;9;1;27;9.4;7345;09:02:09.37;0;-47.50717;-56.02635;1;2.31;0;0;6;1;0;0;1;1;12;3;2258292937;0;0;0;62;0
103;9;1;28;9.6;6621;09:02:09.79;0;-8.22455;65.69920;1;2.74;0;0;6;1;0;0;1;1;12;3;2258292979;0;0;0;62;0
131;9;1;31;9.7;6253;09:02:09.68;0;40.80975;47.38856;1;2.63;0;0;6;1;0;0;1;1;12;3;2258292968;0;0;0;62;0
13;9;1;33;9.9;5673;09:02:09.38;0;55.51693;11.69802;1;2.32;0;0;6;1;0;0;1;1;12;3;2258292938;0;0;0;62;0
119;10;1;34;10.4;2690;09:02:09.62;1;-25.78454;7.68891;1;2.57;0;0;6;1;0;0;1;1;12;3;2258292962;0;0;0;62;0
228;9;1;35;9.1;8632;09:02:09.51;0;86.31918;1.10649;1;2.45;0;0;6;1;0;0;1;1;12;3;2258292951;0;0;0;62;0
222;9;1;38;9.6;6541;09:02:09.42;0;30.68970;57.76798;1;2.36;0;0;6;1;0;0;1;1;12;3;2258292942;0;0;0;62;0
66;10;1;39;10.3;3639;09:02:09.76;0;-13.76820;33.68735;1;2.71;0;0;6;1;0;0;1;1;12;3;2258292976;0;0;0;62;0
73;9;1;14;9.0;9124;09:02:09.75;0;-57.88336;70.53689;1;2.68;0;0;6;1;0;0;1;1;12;3;2258292975;0;0;0;62;0
213;10;1;16;10.0;5211;09:02:09.67;0;49.65566;15.82226;1;2.61;0;0;6;1;0;0;1;1;12;3;2258292967;0;0;0;62;0
230;9;1;20;9.7;6128;09:02:09.54;0;35.72173;-49.80073;1;2.47;0;0;6;1;0;0;1;1;12;3;2258292954;0;0;0;62;0
94;10;1;15;10.2;3845;09:02:09.82;0;36.90845;10.77920;1;2.76;0;0;6;1;0;0;1;1;12;3;2258292982;0;0;0;62;0
144;9;1;18;9.6;6740;09:02:09.80;0;-57.42165;35.30991;1;2.74;0;0;6;1;0;0;1;1;12;3;2258292980;0;0;0;62;0
60;10;1;21;10.7;1132;09:02:09.74;1;-0.18789;-11.32655;1;2.69;0;0;6;1;0;0;1;1;12;3;2258292974;0;0;0;62;0
219;10;1;23;10.1;4740;09:02:09.92;0;28.66843;37.75250;1;2.86;0;0;6;1;0;0;1;1;12;3;2258292992;0;0;0;62;0
85;9;1;24;9.3;7907;09:02:09.83;0;-24.61234;75.14489;1;2.77;0;0;6;1;0;0;1;1;12;3;2258292983;0;0;0;62;0
170;9;1;25;9.3;7890;09:02:09.75;0;-60.13756;-51.07544;1;2.70;0;0;6;1;0;0;1;1;12;3;2258292975;0;0;0;62;0
79;10;1;30;10.3;3671;09:02:09.82;0;-11.88806;34.73184;1;2.76;0;0;6;1;0;0;1;1;12;3;2258292982;0;0;0;62;0
67;10;1;32;10.4;2793;09:02:09.81;0;-21.99202;-17.21875;1;2.75;0;0;6;1;0;0;1;1;12;3;2258292981;0;0;0;62;0
160;10;1;37;10.3;3270;09:02:09.79;0;-24.37430;-21.79954;1;2.74;0;0;6;1;0;0;1;1;12;3;2258292979;0;0;0;62;0
156;9;1;40;9.2;8204;09:02:09.85;0;-15.03187;80.65756;1;2.79;0;0;6;1;0;0;1;1;12;3;2258292985;0;0;0;62;0
34;7;1;12;7.4;15609;09:02:10.06;0;152.45362;33.53318;1;3.0;0;0;6;1;0;0;1;1;12;3;2258293006;0;0;0;62;0
42;10;1;13;10.7;1338;09:02:10.08;1;-3.87397;12.81188;1;3.2;0;0;6;1;0;0;1;1;12;3;2258293008;0;0;0;62;0
228;10;1;35;10.1;4744;09:02:19.32;0;38.02596;28.37120;1;2.16;0;0;6;1;0;0;1;1;13;3;2258293932;0;0;0;62;0
94;10;1;15;10.8;902;09:02:19.61;1;1.34122;-8.92343;1;2.45;0;0;6;1;0;0;1;1;13;3;2258293961;0;0;0;62;0
3;9;1;17;9.9;5531;09:02:19.85;0;53.41526;-14.36258;1;2.69;0;0;6;1;0;0;1;1;13;3;2258293985;0;0;0;62;0
144;9;1;18;9.1;8699;09:02:19.80;0;-13.60516;85.92115;1;2.64;0;0;6;1;0;0;1;1;13;3;2258293980;0;0;0;62;0
207;10;1;19;10.0;5233;09:02:19.65;0;-24.23782;-46.37973;1;2.49;0;0;6;1;0;0;1;1;13;3;2258293965;0;0;0;62;0
230;10;1;20;10.0;4861;09:02:19.50;0;-44.07145;-20.52058;1;2.34;0;0;6;1;0;0;1;1;13;3;2258293950;0;0;0;62;0
60;10;1;21;10.0;4914;09:02:19.73;0;-46.00848;-17.26943;1;2.58;0;0;6;1;0;0;1;1;13;3;2258293973;0;0;0;62;0
224;10;1;22;10.6;1881;09:02:19.72;1;-17.19464;7.62678;1;2.57;0;0;6;1;0;0;1;1;13;3;2258293972;0;0;0;62;0
170;9;1;25;9.6;6648;09:02:19.78;0;16.36683;64.44284;1;2.62;0;0;6;1;0;0;1;1;13;3;2258293978;0;0;0;62;0
56;9;1;27;9.5;6965;09:02:19.52;0;13.58719;-68.31211;1;2.37;0;0;6;1;0;0;1;1;13;3;2258293952;0;0;0;62;0
131;10;1;31;10.2;4171;09:02:19.82;0;25.93743;-32.66818;1;2.67;0;0;6;1;0;0;1;1;13;3;2258293982;0;0;0;62;0
13;10;1;33;10.2;3875;09:02:19.46;0;-20.69777;-32.76451;1;2.30;0;0;6;1;0;0;1;1;13;3;2258293946;0;0;0;62;0
119;10;1;34;10.1;4593;09:02:19.65;0;-17.18798;42.59862;1;2.49;0;0;6;1;0;0;1;1;13;3;2258293965;0;0;0;62;0
160;10;1;37;10.2;4125;09:02:19.74;0;2.54394;-41.17316;1;2.58;0;0;6;1;0;0;1;1;13;3;2258293974;0;0;0;62;0
66;10;1;39;10.2;4175;09:02:19.59;0;39.42071;13.76762;1;2.44;0;0;6;1;0;0;1;1;13;3;2258293959;0;0;0;62;0
156;9;1;40;9.3;8063;09:02:19.85;0;18.50111;-78.48191;1;2.69;0;0;6;1;0;0;1;1;13;3;2258293985;0;0;0;62;0
79;10;1;30;10.2;4018;09:02:19.90;0;-38.07973;-12.82342;1;2.74;0;0;6;1;0;0;1;1;13;3;2258293990;0;0;0;62;0
67;10;1;32;10.5;2317;09:02:19.99;1;12.84029;19.29559;1;2.83;0;0;6;1;0;0;1;1;13;3;2258293999;0;0;0;62;0
222;8;1;38;8.0;13065;09:02:20.07;0;122.94031;44.22033;1;2.92;0;0;6;1;0;0;1;1;13;3;2258294007;0;0;0;62;0
34;9;1;12;9.8;5857;09:02:20.08;0;-14.14505;-56.83823;1;2.92;0;0;6;1;0;0;1;1;13;3;2258294008;0;0;0;62;0
42;10;1;13;10.7;1449;09:02:20.02;1;7.48906;12.41095;1;2.86;0;0;6;1;0;0;1;1;13;3;2258294002;0;0;0;62;0
73;9;1;14;9.2;8096;09:02:20.19;0;80.14842;-11.46860;1;3.2;0;0;6;1;0;0;1;1;13;3;2258294019;0;0;0;62;0
213;9;1;16;9.8;5906;09:02:20.06;0;57.08005;15.19734;1;2.90;0;0;6;1;0;0;1;1;13;3;2258294006;0;0;0;62;0
219;10;1;23;10.8;946;09:02:19.93;1;-7.03692;-6.32917;1;2.77;0;0;6;1;0;0;1;1;13;3;2258293993;0;0;0;62;0
85;10;1;24;10.3;3381;09:02:20.05;0;11.46618;-31.80922;1;2.89;0;0;6;1;0;0;1;1;13;3;2258294005;0;0;0;62;0
27;10;1;26;10.3;3186;09:02:20.04;0;29.94428;-10.89291;1;2.89;0;0;6;1;0;0;1;1;13;3;2258294004;0;0;0;62;0
103;9;1;28;9.0;8956;09:02:20.09;0;-84.70524;-29.10422;1;2.94;0;0;6;1;0;0;1;1;13;3;2258294009;0;0;0;62;0
34;10;1;12;10.1;4248;09:02:29.45;0;-42.47783;0.50784;1;2.19;0;0;6;1;0;0;1;1;14;3;2258294945;0;0;0;62;0
230;10;1;20;10.7;1552;09:02:29.45;1;-15.06435;-3.76740;1;2.19;0;0;6;1;0;0;1;1;14;3;2258294945;0;0;0;62;0
67;9;1;32;9.9;5293;09:02:29.77;0;-24.63681;-46.84826;1;2.51;0;0;6;1;0;0;1;1;14;3;2258294977;0;0;0;62;0
13;10;1;33;10.3;3305;09:02:29.54;0;-16.32503;28.73849;1;2.29;0;0;6;1;0;0;1;1;14;3;2258294954;0;0;0;62;0
119;10;1;34;10.8;917;09:02:29.82;1;-7.51194;5.27269;1;2.57;0;0;6;1;0;0;1;1;14;3;2258294982;0;0;0;62;0
228;10;1;35;10.1;4497;09:02:29.63;0;-29.32834;-34.09459;1;2.38;0;0;6;1;0;0;1;1;14;3;2258294963;0;0;0;62;0
66;9;1;39;9.7;6348;09:02:29.75;0;22.72506;-59.27473;1;2.50;0;0;6;1;0;0;1;1;14;3;2258294975;0;0;0;62;0
94;10;1;15;10.1;4330;09:02:29.66;0;-40.36330;15.68003;1;2.40;0;0;6;1;0;0;1;1;14;3;2258294966;0;0;0;62;0
3;10;1;17;10.8;845;09:02:29.79;1;-8.44287;0.46983;1;2.53;0;0;6;1;0;0;1;1;14;3;2258294979;0;0;0;62;0
144;10;1;18;10.2;3983;09:02:29.78;0;30.14538;26.03596;1;2.52;0;0;6;1;0;0;1;1;14;3;2258294978;0;0;0;62;0
207;10;1;19;10.1;4312;09:02:29.96;0;-20.10919;-38.14753;1;2.70;0;0;6;1;0;0;1;1;14;3;2258294996;0;0;0;62;0
60;9;1;21;9.8;6049;09:02:29.85;0;-33.95746;-50.06893;1;2.60;0;0;6;1;0;0;1;1;14;3;2258294985;0;0;0;62;0
224;9;1;22;9.2;8138;09:02:29.83;0;-57.92736;57.17039;1;2.58;0;0;6;1;0;0;1;1;14;3;2258294983;0;0;0;62;0
79;9;1;30;9.5;6946;09:02:30.15;0;43.31459;54.30431;1;2.89;0;0;6;1;0;0;1;1;14;3;2258295015;0;0;0;62;0
219;10;1;23;10.5;2350;09:02:30.01;1;-22.24819;-7.57029;1;2.76;0;0;6;1;0;0;1;1;14;3;2258295001;0;0;0;62;0
85;10;1;24;10.7;1520;09:02:30.06;1;-2.31592;-15.02604;1;2.81;0;0;6;1;0;0;1;1;14;3;2258295006;0;0;0;62;0
170;9;1;25;9.7;6320;09:02:29.94;0;-2.87881;63.14279;1;2.69;0;0;6;1;0;0;1;1;14;3;2258294994;0;0;0;62;0
27;10;1;26;10.0;4820;09:02:30.06;0;-31.11375;36.81689;1;2.81;0;0;6;1;0;0;1;1;14;3;2258295006;0;0;0;62;0
56;8;1;27;8.6;10628;09:02:29.96;0;103.79723;22.85475;1;2.70;0;0;6;1;0;0;1;1;14;3;2258294996;0;0;0;62;0
103;10;1;28;10.0;5151;09:02:30.06;0;-44.62423;-25.73458;1;2.81;0;0;6;1;0;0;1;1;14;3;2258295006;0;0;0;62;0
131;9;1;31;9.7;6411;09:02:29.87;0;64.10332;-1.21565;1;2.62;0;0;6;1;0;0;1;1;14;3;2258294987;0;0;0;62;0
160;10;1;37;10.7;1476;09:02:29.88;1;0.05569;14.76463;1;2.63;0;0;6;1;0;0;1;1;14;3;2258294988;0;0;0;62;0
222;10;1;38;10.7;1284;09:02:29.84;1;2.59394;-12.57677;1;2.58;0;0;6;1;0;0;1;1;14;3;2258294984;0;0;0;62;0
156;9;1;40;9.2;8106;09:02:29.95;0;-53.56682;60.83860;1;2.70;0;0;6;1;0;0;1;1;14;3;2258294995;0;0;0;62;0
42;9;1;13;9.6;6617;09:02:30.05;0;-43.32742;50.01546;1;2.79;0;0;6;1;0;0;1;1;14;3;2258295005;0;0;0;62;0
73;0;1;14;0.0;26220;09:02:30.22;0;208.24502;-159.32417;1;2.96;0;0;6;1;0;0;1;1;14;3;2258295022;0;0;0;62;0
213;10;1;16;10.7;1094;09:02:30.09;1;0.68888;-10.91848;1;2.83;0;0;6;1;0;0;1;1;14;3;2258295009;0;0;0;62;0
103;9;1;28;9.1;8494;09:02:39.16;0;-13.84659;-83.80476;1;1.81;0;0;6;1;0;0;1;1;15;3;2258295916;0;0;0;62;0
228;9;1;35;9.9;5407;09:02:39.54;0;-40.12906;36.24698;1;2.19;0;0;6;1;0;0;1;1;15;3;2258295954;0;0;0;62;0
222;10;1;38;10.1;4307;09:02:39.63;0;-42.98341;-2.83582;1;2.27;0;0;6;1;0;0;1;1;15;3;2258295963;0;0;0;62;0
94;10;1;15;10.4;2804;09:02:39.83;0;-7.93118;-26.89575;1;2.47;0;0;6;1;0;0;1;1;15;3;2258295983;0;0;0;62;0
3;9;1;17;9.9;5646;09:02:39.98;0;-5.64708;-56.18610;1;2.62;0;0;6;1;0;0;1;1;15;3;2258295998;0;0;0;62;0
144;9;1;18;9.8;6007;09:02:39.87;0;-6.20760;59.75251;1;2.51;0;0;6;1;0;0;1;1;15;3;2258295987;0;0;0;62;0
230;8;1;20;8.0;13214;09:02:39.71;0;-131.74163;-10.26402;1;2.35;0;0;6;1;0;0;1;1;15;3;2258295971;0;0;0;62;0
224;10;1;22;10.7;1371;09:02:39.96;1;13.71181;-0.46551;1;2.61;0;0;6;1;0;0;1;1;15;3;2258295996;0;0;0;62;0
85;10;1;24;10.8;635;09:02:39.96;1;6.35196;-0.21645;1;2.61;0;0;6;1;0;0;1;1;15;3;2258295996;0;0;0;62;0
27;10;1;26;10.2;4097;09:02:40.13;0;38.35311;-14.42479;1;2.78;0;0;6;1;0;0;1;1;15;3;2258296013;0;0;0;62;0
56;10;1;27;10.0;4802;09:02:39.77;0;-40.40380;25.96126;1;2.41;0;0;6;1;0;0;1;1;15;3;2258295977;0;0;0;62;0
67;9;1;32;9.7;6157;09:02:39.97;0;-52.32354;-32.46215;1;2.61;0;0;6;1;0;0;1;1;15;3;2258295997;0;0;0;62;0
13;8;1;33;8.0;13195;09:02:39.71;0;42.07036;-125.06829;1;2.36;0;0;6;1;0;0;1;1;15;3;2258295971;0;0;0;62;0
119;10;1;34;10.1;4574;09:02:39.93;0;-35.67982;-28.62743;1;2.58;0;0;6;1;0;0;1;1;15;3;2258295993;0;0;0;62;0
160;9;1;37;9.9;5553;09:02:39.89;0;7.41065;-55.03687;1;2.54;0;0;6;1;0;0;1;1;15;3;2258295989;0;0;0;62;0
66;10;1;39;10.3;3687;09:02:39.72;0;34.86350;-12.00654;1;2.37;0;0;6;1;0;0;1;1;15;3;2258295972;0;0;0;62;0
156;10;1;40;10.7;1466;09:02:39.97;1;-8.50085;-11.94609;1;2.62;0;0;6;1;0;0;1;1;15;3;2258295997;0;0;0;62;0
34;10;1;12;10.6;1810;09:02:40.18;1;8.20951;16.13452;1;2.82;0;0;6;1;0;0;1;1;15;3;2258296018;0;0;0;62;0
42;10;1;13;10.5;2562;09:02:40.24;1;23.31076;10.63956;1;2.88;0;0;6;1;0;0;1;1;15;3;2258296024;0;0;0;62;0
73;7;1;14;7.4;15503;09:02:40.28;0;143.31968;-59.11040;1;2.92;0;0;6;1;0;0;1;1;15;3;2258296028;0;0;0;62;0
213;9;1;16;9.2;8424;09:02:40.06;0;-6.87023;83.96367;1;2.70;0;0;6;1;0;0;1;1;15;3;2258296006;0;0;0;62;0
207;9;1;19;9.5;6977;09:02:39.95;0;-16.91820;-67.69682;1;2.59;0;0;6;1;0;0;1;1;15;3;2258295995;0;0;0;62;0
60;9;1;21;9.1;8514;09:02:40.04;0;-84.93328;-6.01678;1;2.69;0;0;6;1;0;0;1;1;15;3;2258296004;0;0;0;62;0
219;10;1;23;10.6;2075;09:02:40.07;1;18.82992;8.73801;1;2.72;0;0;6;1;0;0;1;1;15;3;2258296007;0;0;0;62;0
170;10;1;25;10.0;4940;09:02:40.03;0;37.55169;-32.10738;1;2.68;0;0;6;1;0;0;1;1;15;3;2258296003;0;0;0;62;0
79;10;1;30;10.3;3268;09:02:40.08;0;-19.69860;-26.08554;1;2.73;0;0;6;1;0;0;1;1;15;3;2258296008;0;0;0;62;0
131;10;1;31;10.6;2086;09:02:40.19;1;20.83323;-1.07522;1;2.84;0;0;6;1;0;0;1;1;15;3;2258296019;0;0;0;62;0
3;10;1;17;10.3;3444;09:02:49.74;0;33.82418;-6.50806;1;2.28;0;0;6;1;0;1;1;1;16;3;2258296974;0;0;0;62;0
144;8;1;18;8.9;9305;09:02:50.02;0;12.03618;92.27225;1;2.56;0;0;6;1;0;1;1;1;16;3;2258297002;0;0;0;62;0
230;9;1;20;9.5;7093;09:02:49.90;0;-69.25326;-15.35208;1;2.44;0;0;6;1;0;1;1;1;16;3;2258296990;0;0;0;62;0
60;10;1;21;10.6;1615;09:02:50.03;1;15.67387;-3.90334;1;2.58;0;0;6;1;0;1;1;1;16;3;2258297003;0;0;0;62;0
224;10;1;22;10.6;2006;09:02:50.07;1;7.59309;-18.57588;1;2.62;0;0;6;1;0;1;1;1;16;3;2258297007;0;0;0;62;0
170;9;1;25;9.8;5858;09:02:49.99;0;-2.88126;-58.51783;1;2.54;0;0;6;1;0;1;1;1;16;3;2258296999;0;0;0;62;0
27;10;1;26;10.4;3090;09:02:50.00;0;19.75010;23.76992;1;2.55;0;0;6;1;0;1;1;1;16;3;2258297000;0;0;0;62;0
56;8;1;27;8.4;11462;09:02:49.81;0;53.12737;-101.57207;1;2.35;0;0;6;1;0;1;1;1;16;3;2258296981;0;0;0;62;0
79;10;1;30;10.1;4240;09:02:50.14;0;-41.76326;-7.32351;1;2.68;0;0;6;1;0;1;1;1;16;3;2258297014;0;0;0;62;0
131;10;1;31;10.5;2312;09:02:50.13;1;15.77481;-16.91046;1;2.68;0;0;6;1;0;1;1;1;16;3;2258297013;0;0;0;62;0
13;10;1;33;10.0;4808;09:02:49.94;0;-31.56449;36.27232;1;2.49;0;0;6;1;0;1;1;1;16;3;2258296994;0;0;0;62;0
119;10;1;34;10.6;1627;09:02:49.97;1;2.25733;16.11313;1;2.52;0;0;6;1;0;1;1;1;16;3;2258296997;0;0;0;62;0
228;8;1;35;8.4;11339;09:02:49.76;0;-37.31013;107.08264;1;2.31;0;0;6;1;0;1;1;1;16;3;2258296976;0;0;0;62;0
160;10;1;37;10.7;1125;09:02:50.13;1;-9.61859;-5.84931;1;2.68;0;0;6;1;0;1;1;1;16;3;2258297013;0;0;0;62;0
222;10;1;38;10.6;1853;09:02:49.76;1;-15.23226;10.56896;1;2.31;0;0;6;1;0;1;1;1;16;3;2258296976;0;0;0;62;0
66;10;1;39;10.9;375;09:02:49.87;1;1.34943;-3.50012;1;2.42;0;0;6;1;0;1;1;1;16;3;2258296987;0;0;0;62;0
42;10;1;13;10.3;3288;09:02:50.27;0;-4.93401;32.51335;1;2.81;0;0;6;1;0;1;1;1;16;3;2258297027;0;0;0;62;0
94;10;1;15;10.2;4176;09:02:50.12;0;41.13344;7.22898;1;2.66;0;0;6;1;0;1;1;1;16;3;2258297012;0;0;0;62;0
207;9;1;19;9.8;5965;09:02:50.11;0;58.22833;-12.96564;1;2.65;0;0;6;1;0;1;1;1;16;3;2258297011;0;0;0;62;0
219;10;1;23;10.1;4696;09:02:50.13;0;30.34605;-35.84358;1;2.68;0;0;6;1;0;1;1;1;16;3;2258297013;0;0;0;62;0
85;10;1;24;10.6;2030;09:02:50.33;1;5.51612;-19.54341;1;2.88;0;0;6;1;0;1;1;1;16;3;2258297033;0;0;0;62;0
103;10;1;28;10.6;1899;09:02:50.20;1;11.12864;-15.39975;1;2.75;0;0;6;1;0;1;1;1;16;3;2258297020;0;0;0;62;0
67;10;1;32;10.3;3635;09:02:50.41;0;-12.95057;-33.97470;1;2.95;0;0;6;1;0;1;1;1;16;3;2258297041;0;0;0;62;0
156;9;1;40;9.8;5729;09:02:50.12;0;0.45953;-57.29392;1;2.67;0;0;6;1;0;1;1;1;16;3;2258297012;0;0;0;62;0
34;10;1;12;10.2;3900;09:02:50.37;0;-21.64853;-32.44424;1;2.91;0;0;6;1;0;1;1;1;16;3;2258297037;0;0;0;62;0
73;10;1;14;10.6;1998;09:02:50.34;1;17.89996;8.88229;1;2.88;0;0;6;1;0;1;1;1;16;3;2258297034;0;0;0;62;0
213;10;1;16;10.7;1322;09:02:50.36;1;-13.07159;1.98706;1;2.91;0;0;6;1;0;1;1;1;16;3;2258297036;0;0;0;62;0
94;10;1;15;10.4;2673;09:05:28.48;1;26.07908;-5.89258;1;2.45;0;0;6;1;0;0;2;1;19;3;2258312848;0;0;0;62;0
207;10;1;19;10.5;2357;09:05:28.59;1;8.90055;21.82658;1;2.56;0;0;6;1;0;0;2;1;19;3;2258312859;0;0;0;62;0
230;10;1;20;10.7;1443;09:05:28.45;1;-12.74962;6.77667;1;2.43;0;0;6;1;0;0;2;1;19;3;2258312845;0;0;0;62;0
56;9;1;27;9.6;6809;09:05:28.34;0;39.96792;55.12641;1;2.32;0;0;6;1;0;0;2;1;19;3;2258312834;0;0;0;62;0
13;9;1;33;9.4;7290;09:05:28.25;0;-41.85509;59.68724;1;2.23;0;0;6;1;0;0;2;1;19;3;2258312825;0;0;0;62;0
119;9;1;34;9.8;5742;09:05:28.62;0;54.72556;-17.41083;1;2.60;0;0;6;1;0;0;2;1;19;3;2258312862;0;0;0;62;0
228;10;1;35;10.8;955;09:05:28.64;1;-8.90191;3.46856;1;2.62;0;0;6;1;0;0;2;1;19;3;2258312864;0;0;0;62;0
160;10;1;37;10.0;5132;09:05:28.75;0;-51.16796;-3.99713;1;2.73;0;0;6;1;0;0;2;1;19;3;2258312875;0;0;0;62;0
222;10;1;38;10.7;1544;09:05:28.42;1;-14.48320;-5.37255;1;2.40;0;0;6;1;0;0;2;1;19;3;2258312842;0;0;0;62;0
66;10;1;39;10.5;2363;09:05:28.70;1;19.31653;-13.61119;1;2.68;0;0;6;1;0;0;2;1;19;3;2258312870;0;0;0;62;0
42;10;1;13;10.4;3129;09:05:28.76;0;-30.26115;7.98538;1;2.73;0;0;6;1;0;0;2;1;19;3;2258312876;0;0;0;62;0
3;8;1;17;8.7;10416;09:05:28.54;0;-90.69231;-51.24617;1;2.51;0;0;6;1;0;0;2;1;19;3;2258312854;0;0;0;62;0
144;10;1;18;10.5;2619;09:05:28.65;1;-23.34650;-11.88095;1;2.62;0;0;6;1;0;0;2;1;19;3;2258312865;0;0;0;62;0
60;10;1;21;10.0;4900;09:05:28.65;0;19.95884;44.75604;1;2.63;0;0;6;1;0;0;2;1;19;3;2258312865;0;0;0;62;0
224;9;1;22;9.0;9096;09:05:28.67;0;-90.92257;2.63528;1;2.65;0;0;6;1;0;0;2;1;19;3;2258312867;0;0;0;62;0
131;9;1;31;9.6;6489;09:05:28.59;0;28.30878;58.39644;1;2.58;0;0;6;1;0;0;2;1;19;3;2258312859;0;0;0;62;0
219;10;1;23;10.5;2536;09:05:28.81;1;7.42280;-24.25622;1;2.80;0;0;6;1;0;0;2;1;19;3;2258312881;0;0;0;62;0
85;10;1;24;10.1;4229;09:05:28.82;0;-39.48938;-15.14700;1;2.80;0;0;6;1;0;0;2;1;19;3;2258312882;0;0;0;62;0
170;10;1;25;10.2;3886;09:05:28.76;0;-16.05011;-35.39104;1;2.74;0;0;6;1;0;0;2;1;19;3;2258312876;0;0;0;62;0
27;9;1;26;9.0;8895;09:05:28.89;0;-0.94500;-88.94564;1;2.87;0;0;6;1;0;0;2;1;19;3;2258312889;0;0;0;62;0
103;10;1;28;10.1;4561;09:05:29.11;0;-35.38796;-28.78605;1;0.0;0;0;6;1;0;0;2;1;19;3;2258312911;0;0;0;62;0
79;9;1;30;9.2;8291;09:05:29.06;0;-81.48608;-15.33169;1;3.4;0;0;6;1;0;0;2;1;19;3;2258312906;0;0;0;62;0
67;9;1;32;9.7;6207;09:05:28.82;0;-1.22605;62.06712;1;2.80;0;0;6;1;0;0;2;1;19;3;2258312882;0;0;0;62;0
156;10;1;40;10.3;3187;09:05:28.89;0;-31.81580;1.97586;1;2.87;0;0;6;1;0;0;2;1;19;3;2258312889;0;0;0;62;0
34;9;1;12;9.8;5786;09:05:28.85;0;1.66532;-57.84315;1;2.82;0;0;6;1;0;0;2;1;19;3;2258312885;0;0;0;62;0
73;10;1;14;10.1;4506;09:05:29.15;0;29.31633;34.22232;1;0.4;0;0;6;1;0;0;2;1;19;3;2258312915;0;0;0;62;0
213;9;1;16;9.6;6535;09:05:28.85;0;-61.77582;21.31639;1;2.83;0;0;6;1;0;0;2;1;19;3;2258312885;0;0;0;62;0
56;10;1;27;10.0;4928;09:05:38.34;0;45.44969;-19.06144;1;2.22;0;0;6;1;0;0;2;1;20;3;2258313834;0;0;0;62;0
13;9;1;33;9.8;6031;09:05:38.57;0;-40.44540;44.74473;1;2.44;0;0;6;1;0;0;2;1;20;3;2258313857;0;0;0;62;0
119;9;1;34;9.7;6450;09:05:38.70;0;-62.00206;17.81076;1;2.58;0;0;6;1;0;0;2;1;20;3;2258313870;0;0;0;62;0
228;10;1;35;10.6;1701;09:05:38.52;1;16.64211;3.55014;1;2.40;0;0;6;1;0;0;2;1;20;3;2258313852;0;0;0;62;0
66;9;1;39;9.8;5897;09:05:38.53;0;-22.66265;54.45008;1;2.41;0;0;6;1;0;0;2;1;20;3;2258313853;0;0;0;62;0
34;9;1;12;9.7;6159;09:05:38.86;0;28.75223;54.46904;1;2.73;0;0;6;1;0;0;2;1;20;3;2258313886;0;0;0;62;0
94;10;1;15;10.3;3513;09:05:38.62;0;19.46012;-29.25261;1;2.49;0;0;6;1;0;0;2;1;20;3;2258313862;0;0;0;62;0
213;10;1;16;10.3;3343;09:05:38.72;0;29.48049;-15.78369;1;2.60;0;0;6;1;0;0;2;1;20;3;2258313872;0;0;0;62;0
3;9;1;17;9.5;6882;09:05:38.76;0;68.50087;-6.70373;1;2.63;0;0;6;1;0;0;2;1;20;3;2258313876;0;0;0;62;0
144;10;1;18;10.5;2162;09:05:38.85;1;-20.19379;7.72649;1;2.72;0;0;6;1;0;0;2;1;20;3;2258313885;0;0;0;62;0
207;9;1;19;9.7;6433;09:05:38.77;0;29.23567;57.31126;1;2.64;0;0;6;1;0;0;2;1;20;3;2258313877;0;0;0;62;0
230;10;1;20;10.1;4504;09:05:38.39;0;-37.57082;-24.84625;1;2.27;0;0;6;1;0;0;2;1;20;3;2258313839;0;0;0;62;0
60;10;1;21;10.0;5233;09:05:38.72;0;-51.96233;6.20466;1;2.60;0;0;6;1;0;0;2;1;20;3;2258313872;0;0;0;62;0
170;10;1;25;10.0;4901;09:05:38.81;0;45.64424;17.85894;1;2.69;0;0;6;1;0;0;2;1;20;3;2258313881;0;0;0;62;0
27;10;1;26;10.1;4232;09:05:38.61;0;-15.26159;-39.47990;1;2.49;0;0;6;1;0;0;2;1;20;3;2258313861;0;0;0;62;0
131;10;1;31;10.2;3938;09:05:38.66;0;-36.53704;-14.69628;1;2.55;0;0;6;1;0;0;2;1;20;3;2258313866;0;0;0;62;0
67;9;1;32;9.5;6890;09:05:38.84;0;1.21367;-68.89650;1;2.72;0;0;6;1;0;0;2;1;20;3;2258313884;0;0;0;62;0
160;9;1;37;9.9;5528;09:05:38.86;0;-41.17864;-36.89339;1;2.74;0;0;6;1;0;0;2;1;20;3;2258313886;0;0;0;62;0
222;9;1;38;9.3;7718;09:05:38.89;0;-33.78845;-69.40082;1;2.77;0;0;6;1;0;0;2;1;20;3;2258313889;0;0;0;62;0
156;10;1;40;10.6;2038;09:05:38.86;1;-20.37070;-0.75696;1;2.73;0;0;6;1;0;0;2;1;20;3;2258313886;0;0;0;62;0
42;10;1;13;10.8;680;09:05:38.92;1;-5.78718;3.57216;1;2.79;0;0;6;1;0;0;2;1;20;3;2258313892;0;0;0;62;0
73;10;1;14;10.3;3408;09:05:38.96;0;33.88545;3.68127;1;2.84;0;0;6;1;0;0;2;1;20;3;2258313896;0;0;0;62;0
224;10;1;22;10.4;3075;09:05:38.87;0;25.14651;-17.71028;1;2.75;0;0;6;1;0;0;2;1;20;3;2258313887;0;0;0;62;0
219;10;1;23;10.2;4102;09:05:38.82;0;-17.66372;37.03061;1;2.70;0;0;6;1;0;0;2;1;20;3;2258313882;0;0;0;62;0
85;10;1;24;10.3;3332;09:05:38.91;0;-31.16810;11.80204;1;2.79;0;0;6;1;0;0;2;1;20;3;2258313891;0;0;0;62;0
103;7;1;28;7.2;16141;09:05:39.12;0;-131.42629;-93.70385;1;3.0;0;0;6;1;0;0;2;1;20;3;2258313912;0;0;0;62;0
79;10;1;30;10.5;2381;09:05:38.95;1;15.46681;18.11265;1;2.83;0;0;6;1;0;0;2;1;20;3;2258313895;0;0;0;62;0
94;10;1;15;10.3;3448;09:05:48.53;0;5.75143;34.00495;1;2.30;0;0;6;1;0;0;2;1;21;3;2258314853;0;0;0;62;0
230;10;1;20;10.4;2966;09:05:48.30;0;-14.05928;-26.12486;1;2.8;0;0;6;1;0;0;2;1;21;3;2258314830;0;0;0;62;0
60;10;1;21;10.0;5083;09:05:48.82;0;-50.83396;0.03349;1;2.60;0;0;6;1;0;0;2;1;21;3;2258314882;0;0;0;62;0
27;10;1;26;10.6;2037;09:05:48.85;1;10.20237;-17.63633;1;2.63;0;0;6;1;0;0;2;1;21;3;2258314885;0;0;0;62;0
56;10;1;27;10.7;1265;09:05:48.53;1;8.84914;-9.04587;1;2.31;0;0;6;1;0;0;2;1;21;3;2258314853;0;0;0;62;0
131;9;1;31;9.5;7040;09:05:48.89;0;36.74190;60.05633;1;2.67;0;0;6;1;0;0;2;1;21;3;2258314889;0;0;0;62;0
67;10;1;32;10.3;3388;09:05:48.73;0;30.06760;15.63061;1;2.51;0;0;6;1;0;0;2;1;21;3;2258314873;0;0;0;62;0
13;9;1;33;9.9;5590;09:05:48.51;0;-55.39849;7.49421;1;2.28;0;0;6;1;0;0;2;1;21;3;2258314851;0;0;0;62;0
119;9;1;34;9.8;5889;09:05:49.02;0;-51.20132;-29.11237;1;2.80;0;0;6;1;0;0;2;1;21;3;2258314902;0;0;0;62;0
228;9;1;35;9.2;8268;09:05:48.49;0;64.08639;-52.24006;1;2.26;0;0;6;1;0;0;2;1;21;3;2258314849;0;0;0;62;0
160;9;1;37;9.7;6259;09:05:48.82;0;-55.19859;29.50809;1;2.60;0;0;6;1;0;0;2;1;21;3;2258314882;0;0;0;62;0
222;10;1;38;10.2;4218;09:05:48.62;0;31.26499;-28.31502;1;2.40;0;0;6;1;0;0;2;1;21;3;2258314862;0;0;0;62;0
66;10;1;39;10.6;1955;09:05:48.70;1;-18.83007;5.27445;1;2.48;0;0;6;1;0;0;2;1;21;3;2258314870;0;0;0;62;0
156;9;1;40;9.5;7219;09:05:48.90;0;22.49075;-68.60746;1;2.67;0;0;6;1;0;0;2;1;21;3;2258314890;0;0;0;62;0
3;10;1;17;10.4;2781;09:05:48.97;0;9.32011;-26.20269;1;2.74;0;0;6;1;0;0;2;1;21;3;2258314897;0;0;0;62;0
144;10;1;18;10.3;3372;09:05:48.87;0;-19.16808;27.75269;1;2.64;0;0;6;1;0;0;2;1;21;3;2258314887;0;0;0;62;0
34;10;1;12;10.0;4829;09:05:48.97;0;-47.35908;9.44348;1;2.74;0;0;6;1;0;0;2;1;21;3;2258314897;0;0;0;62;0
42;10;1;13;10.7;1142;09:05:49.09;1;11.42291;-0.38382;1;2.86;0;0;6;1;0;0;2;1;21;3;2258314909;0;0;0;62;0
73;9;1;14;9.3;8065;09:05:49.19;0;-25.04210;-76.66909;1;2.97;0;0;6;1;0;0;2;1;21;3;2258314919;0;0;0;62;0
213;9;1;16;9.4;7625;09:05:49.03;0;-48.46634;58.87593;1;2.81;0;0;6;1;0;0;2;1;21;3;2258314903;0;0;0;62;0
207;8;1;19;8.3;11724;09:05:49.01;0;112.59485;-32.69389;1;2.78;0;0;6;1;0;0;2;1;21;3;2258314901;0;0;0;62;0
224;10;1;22;10.8;932;09:05:48.94;1;-1.85242;9.14392;1;2.72;0;0;6;1;0;0;2;1;21;3;2258314894;0;0;0;62;0
219;10;1;23;10.0;5265;09:05:49.03;0;-50.85808;-13.64194;1;2.81;0;0;6;1;0;0;2;1;21;3;2258314903;0;0;0;62;0
85;10;1;24;10.8;725;09:05:49.06;1;-5.25376;5.00984;1;2.84;0;0;6;1;0;0;2;1;21;3;2258314906;0;0;0;62;0
170;9;1;25;9.5;7087;09:05:49.04;0;2.71497;-70.82067;1;2.82;0;0;6;1;0;0;2;1;21;3;2258314904;0;0;0;62;0
103;9;1;28;9.7;6358;09:05:49.16;0;-63.48604;3.59225;1;2.94;0;0;6;1;0;0;2;1;21;3;2258314916;0;0;0;62;0
79;10;1;30;10.1;4405;09:05:49.18;0;16.74385;40.75236;1;2.96;0;0;6;1;0;0;2;1;21;3;2258314918;0;0;0;62;0
94;10;1;15;10.3;3243;09:05:58.51;0;-29.49563;13.49675;1;2.20;0;0;6;1;0;0;2;1;22;3;2258315851;0;0;0;62;0
207;10;1;19;10.2;4197;09:05:58.81;0;24.27533;34.23735;1;2.49;0;0;6;1;0;0;2;1;22;3;2258315881;0;0;0;62;0
230;9;1;20;9.2;8267;09:05:58.45;0;-66.43872;-49.20314;1;2.14;0;0;6;1;0;0;2;1;22;3;2258315845;0;0;0;62;0
56;10;1;27;10.6;2005;09:05:58.71;1;6.40702;19.00592;1;2.39;0;0;6;1;0;0;2;1;22;3;2258315871;0;0;0;62;0
131;10;1;31;10.6;1647;09:05:58.92;1;5.51092;15.52542;1;2.61;0;0;6;1;0;0;2;1;22;3;2258315892;0;0;0;62;0
13;10;1;33;10.7;1309;09:05:58.73;1;-1.46224;-13.01154;1;2.42;0;0;6;1;0;0;2;1;22;3;2258315873;0;0;0;62;0
119;10;1;34;10.4;2706;09:05:58.84;1;-26.14746;6.98075;1;2.53;0;0;6;1;0;0;2;1;22;3;2258315884;0;0;0;62;0
228;7;1;35;7.9;13315;09:05:58.53;0;133.08908;4.18920;1;2.23;0;0;6;1;0;0;2;1;22;3;2258315853;0;0;0;62;0
222;10;1;38;10.1;4257;09:05:58.58;0;4.68767;-42.31460;1;2.28;0;0;6;1;0;0;2;1;22;3;2258315858;0;0;0;62;0
66;10;1;39;10.4;2654;09:05:58.75;1;7.87032;25.35174;1;2.44;0;0;6;1;0;0;2;1;22;3;2258315875;0;0;0;62;0
156;9;1;40;9.9;5354;09:05:58.95;0;28.04372;-45.61030;1;2.64;0;0;6;1;0;0;2;1;22;3;2258315895;0;0;0;62;0
3;9;1;17;9.8;5836;09:05:58.89;0;-1.62652;-58.34634;1;2.57;0;0;6;1;0;0;2;1;22;3;2258315889;0;0;0;62;0
144;10;1;18;10.4;2836;09:05:58.91;0;-4.92676;27.93414;1;2.59;0;0;6;1;0;0;2;1;22;3;2258315891;0;0;0;62;0
60;10;1;21;10.3;3444;09:05:58.89;0;-7.96224;-33.50846;1;2.58;0;0;6;1;0;0;2;1;22;3;2258315889;0;0;0;62;0
224;10;1;22;10.3;3270;09:05:59.00;0;-30.82271;-10.93738;1;2.69;0;0;6;1;0;0;2;1;22;3;2258315900;0;0;0;62;0
170;10;1;25;10.3;3586;09:05:59.00;0;-34.37080;-10.24276;1;2.69;0;0;6;1;0;0;2;1;22;3;2258315900;0;0;0;62;0
34;10;1;12;10.0;4927;09:05:59.13;0;38.40553;-30.87022;1;2.82;0;0;6;1;0;0;2;1;22;3;2258315913;0;0;0;62;0
42;8;1;13;8.8;9958;09:05:59.26;0;39.31117;-91.49989;1;2.95;0;0;6;1;0;0;2;1;22;3;2258315926;0;0;0;62;0
213;10;1;16;10.5;2347;09:05:59.11;1;-6.23256;-22.62908;1;2.80;0;0;6;1;0;0;2;1;22;3;2258315911;0;0;0;62;0
219;9;1;23;9.5;6883;09:05:59.23;0;61.99034;29.92503;1;2.92;0;0;6;1;0;0;2;1;22;3;2258315923;0;0;0;62;0
85;9;1;24;9.9;5296;09:05:59.10;0;33.85520;-40.73669;1;2.79;0;0;6;1;0;0;2;1;22;3;2258315910;0;0;0;62;0
27;10;1;26;10.2;4137;09:05:59.01;0;-9.37784;40.29960;1;2.70;0;0;6;1;0;0;2;1;22;3;2258315901;0;0;0;62;0
103;9;1;28;9.9;5496;09:05:59.15;0;-26.97034;47.89362;1;2.84;0;0;6;1;0;0;2;1;22;3;2258315915;0;0;0;62;0
79;10;1;30;10.1;4555;09:05:59.06;0;31.91907;-32.49877;1;2.76;0;0;6;1;0;0;2;1;22;3;2258315906;0;0;0;62;0
67;9;1;32;9.8;5826;09:05:59.11;0;-44.01037;-38.17772;1;2.81;0;0;6;1;0;0;2;1;22;3;2258315911;0;0;0;62;0
160;10;1;37;10.3;3175;09:05:59.07;0;1.51824;-31.71521;1;2.77;0;0;6;1;0;0;2;1;22;3;2258315907;0;0;0;62;0
73;8;1;14;8.8;9982;09:05:59.41;0;98.99354;-12.81880;1;0.0;0;0;6;1;0;0;2;1;22;3;2258315941;0;0;0;62;0
94;9;1;15;9.5;7194;09:06:08.53;0;-59.30689;-40.73225;1;2.12;0;0;6;1;0;1;2;1;23;3;2258316853;0;0;0;62;0
230;9;1;20;9.3;7957;09:06:08.66;0;24.34191;75.75994;1;2.25;0;0;6;1;0;1;2;1;23;3;2258316866;0;0;0;62;0
56;9;1;27;9.7;6283;09:06:08.75;0;45.07412;43.77359;1;2.34;0;0;6;1;0;1;2;1;23;3;2258316875;0;0;0;62;0
13;9;1;33;9.5;7055;09:06:08.58;0;-5.31411;70.35834;1;2.17;0;0;6;1;0;1;2;1;23;3;2258316858;0;0;0;62;0
119;10;1;34;10.5;2274;09:06:08.99;1;22.70551;-1.37447;1;2.58;0;0;6;1;0;1;2;1;23;3;2258316899;0;0;0;62;0
228;10;1;35;10.2;4195;09:06:08.74;0;-24.00791;-34.40410;1;2.33;0;0;6;1;0;1;2;1;23;3;2258316874;0;0;0;62;0
160;10;1;37;10.2;3734;09:06:08.95;0;22.91114;29.49271;1;2.55;0;0;6;1;0;1;2;1;23;3;2258316895;0;0;0;62;0
222;10;1;38;10.1;4238;09:06:08.78;0;13.50778;40.17906;1;2.38;0;0;6;1;0;1;2;1;23;3;2258316878;0;0;0;62;0
66;10;1;39;10.0;5156;09:06:08.86;0;51.18530;-6.21526;1;2.45;0;0;6;1;0;1;2;1;23;3;2258316886;0;0;0;62;0
34;10;1;12;10.2;3859;09:06:08.91;0;-33.45008;19.25171;1;2.50;0;0;6;1;0;1;2;1;23;3;2258316891;0;0;0;62;0
3;9;1;17;9.0;8957;09:06:09.03;0;-14.46375;-88.40449;1;2.61;0;0;6;1;0;1;2;1;23;3;2258316903;0;0;0;62;0
144;10;1;18;10.4;2778;09:06:08.99;1;4.90725;27.34723;1;2.57;0;0;6;1;0;1;2;1;23;3;2258316899;0;0;0;62;0
207;10;1;19;10.3;3518;09:06:08.91;0;-32.85775;-12.58633;1;2.49;0;0;6;1;0;1;2;1;23;3;2258316891;0;0;0;62;0
60;10;1;21;10.4;2800;09:06:08.88;0;20.11130;-19.48354;1;2.47;0;0;6;1;0;1;2;1;23;3;2258316888;0;0;0;62;0
170;10;1;25;10.5;2433;09:06:09.01;1;-3.00272;-24.14502;1;2.60;0;0;6;1;0;1;2;1;23;3;2258316901;0;0;0;62;0
27;10;1;26;10.3;3492;09:06:08.91;0;-9.38666;33.63610;1;2.50;0;0;6;1;0;1;2;1;23;3;2258316891;0;0;0;62;0
213;9;1;16;9.7;6311;09:06:09.14;0;-52.51695;-35.01319;1;2.73;0;0;6;1;0;1;2;1;23;3;2258316914;0;0;0;62;0
224;10;1;22;10.3;3310;09:06:09.02;0;-30.23686;13.46683;1;2.61;0;0;6;1;0;1;2;1;23;3;2258316902;0;0;0;62;0
219;10;1;23;10.4;2664;09:06:09.28;1;-5.77616;-26.00848;1;2.87;0;0;6;1;0;1;2;1;23;3;2258316928;0;0;0;62;0
85;9;1;24;9.5;6911;09:06:09.10;0;-41.48016;-55.28560;1;2.69;0;0;6;1;0;1;2;1;23;3;2258316910;0;0;0;62;0
103;8;1;28;8.9;9331;09:06:09.16;0;-70.96230;60.59175;1;2.75;0;0;6;1;0;1;2;1;23;3;2258316916;0;0;0;62;0
79;10;1;30;10.7;1233;09:06:09.28;1;11.43495;4.62514;1;2.88;0;0;6;1;0;1;2;1;23;3;2258316928;0;0;0;62;0
131;10;1;31;10.2;3908;09:06:09.09;0;1.17449;39.07143;1;2.68;0;0;6;1;0;1;2;1;23;3;2258316909;0;0;0;62;0
67;10;1;32;10.4;2984;09:06:09.21;0;-25.01629;-16.26729;1;2.81;0;0;6;1;0;1;2;1;23;3;2258316921;0;0;0;62;0
156;8;1;40;8.4;11646;09:06:09.19;0;50.88346;104.76086;1;2.78;0;0;6;1;0;1;2;1;23;3;2258316919;0;0;0;62;0
42;10;1;13;10.5;2495;09:06:09.30;1;24.69067;3.61473;1;2.89;0;0;6;1;0;1;2;1;23;3;2258316930;0;0;0;62;0
73;10;1;14;10.0;5035;09:06:09.31;0;44.26172;24.01245;1;2.89;0;0;6;1;0;1;2;1;23;3;2258316931;0;0;0;62;0
94;10;1;15;10.6;1780;09:08:47.78;1;-4.71377;17.16961;1;2.30;0;0;6;1;0;0;3;1;26;3;2258332778;0;0;0;62;0
144;10;1;18;10.6;1940;09:08:47.93;1;-7.12384;18.05294;1;2.44;0;0;6;1;0;0;3;1;26;3;2258332793;0;0;0;62;0
207;10;1;19;10.6;2086;09:08:48.05;1;12.05797;-17.03092;1;2.57;0;0;6;1;0;0;3;1;26;3;2258332805;0;0;0;62;0
230;9;1;20;9.6;6838;09:08:47.84;0;61.35223;-30.21123;1;2.36;0;0;6;1;0;0;3;1;26;3;2258332784;0;0;0;62;0
85;10;1;24;10.1;4503;09:08:48.14;0;44.77914;-4.75162;1;2.67;0;0;6;1;0;0;3;1;26;3;2258332814;0;0;0;62;0
170;8;1;25;8.8;10067;09:08:48.00;0;18.22353;-99.01068;1;2.52;0;0;6;1;0;0;3;1;26;3;2258332800;0;0;0;62;0
27;10;1;26;10.3;3198;09:08:48.12;0;19.33108;-25.47633;1;2.65;0;0;6;1;0;0;3;1;26;3;2258332812;0;0;0;62;0
56;10;1;27;10.4;2674;09:08:47.92;1;-1.08131;-26.72188;1;2.45;0;0;6;1;0;0;3;1;26;3;2258332792;0;0;0;62;0
13;10;1;33;10.6;1612;09:08:48.01;1;16.11337;0.72836;1;2.54;0;0;6;1;0;0;3;1;26;3;2258332801;0;0;0;62;0
119;10;1;34;10.5;2583;09:08:48.09;1;-13.90831;21.76637;1;2.61;0;0;6;1;0;0;3;1;26;3;2258332809;0;0;0;62;0
228;10;1;35;10.3;3669;09:08:47.89;0;15.51812;-33.25624;1;2.42;0;0;6;1;0;0;3;1;26;3;2258332789;0;0;0;62;0
160;9;1;37;9.6;6769;09:08:48.21;0;65.97704;15.17206;1;2.74;0;0;6;1;0;0;3;1;26;3;2258332821;0;0;0;62;0
222;10;1;38;10.3;3465;09:08:47.98;0;-14.79061;-31.33507;1;2.51;0;0;6;1;0;0;3;1;26;3;2258332798;0;0;0;62;0
34;10;1;12;10.8;1040;09:08:48.22;1;-7.82674;6.84937;1;2.74;0;0;6;1;0;0;3;1;26;3;2258332822;0;0;0;62;0
3;10;1;17;10.5;2351;09:08:48.05;1;22.96246;5.06854;1;2.56;0;0;6;1;0;0;3;1;26;3;2258332805;0;0;0;62;0
60;10;1;21;10.0;5032;09:08:48.17;0;19.59253;-46.35938;1;2.70;0;0;6;1;0;0;3;1;26;3;2258332817;0;0;0;62;0
156;9;1;40;9.8;5685;09:08:48.21;0;49.50463;-27.96195;1;2.74;0;0;6;1;0;0;3;1;26;3;2258332821;0;0;0;62;0
42;10;1;13;10.5;2209;09:08:48.48;1;-19.08286;-11.12909;1;3.0;0;0;6;1;0;0;3;1;26;3;2258332848;0;0;0;62;0
73;10;1;14;10.0;5227;09:08:48.28;0;36.35221;37.56398;1;2.80;0;0;6;1;0;0;3;1;26;3;2258332828;0;0;0;62;0
213;9;1;16;9.1;8875;09:08:48.27;0;22.01750;-85.97991;1;2.79;0;0;6;1;0;0;3;1;26;3;2258332827;0;0;0;62;0
224;8;1;22;8.9;9503;09:08:48.24;0;85.73224;41.01289;1;2.76;0;0;6;1;0;0;3;1;26;3;2258332824;0;0;0;62;0
219;8;1;23;8.5;10917;09:08:48.36;0;-94.72662;-54.28008;1;2.89;0;0;6;1;0;0;3;1;26;3;2258332836;0;0;0;62;0
103;9;1;28;9.9;5572;09:08:48.16;0;-51.74039;-20.70008;1;2.69;0;0;6;1;0;0;3;1;26;3;2258332816;0;0;0;62;0
79;9;1;30;9.6;6526;09:08:48.35;0;-25.75515;59.97189;1;2.88;0;0;6;1;0;0;3;1;26;3;2258332835;0;0;0;62;0
131;10;1;31;10.2;3764;09:08:48.27;0;4.36158;37.39145;1;2.80;0;0;6;1;0;0;3;1;26;3;2258332827;0;0;0;62;0
67;10;1;32;10.6;2055;09:08:48.36;1;19.60815;6.16792;1;2.89;0;0;6;1;0;0;3;1;26;3;2258332836;0;0;0;62;0
66;9;1;39;9.6;6637;09:08:48.22;0;45.36858;48.44364;1;2.74;0;0;6;1;0;0;3;1;26;3;2258332822;0;0;0;62;0
94;9;1;15;9.6;6560;09:08:57.95;0;4.32413;65.46151;1;2.37;0;0;6;1;0;0;3;1;27;3;2258333795;0;0;0;62;0
207;10;1;19;10.0;5020;09:08:58.14;0;17.57773;-47.02267;1;2.56;0;0;6;1;0;0;3;1;27;3;2258333814;0;0;0;62;0
230;10;1;20;10.6;2076;09:08:57.89;1;-12.98515;-16.20429;1;2.31;0;0;6;1;0;0;3;1;27;3;2258333789;0;0;0;62;0
60;10;1;21;10.4;2835;09:08:58.16;0;0.66851;-28.35013;1;2.59;0;0;6;1;0;0;3;1;27;3;2258333816;0;0;0;62;0
224;10;1;22;10.6;2020;09:08:58.20;1;16.43593;-11.75270;1;2.62;0;0;6;1;0;0;3;1;27;3;2258333820;0;0;0;62;0
170;9;1;25;9.8;6015;09:08:58.15;0;-47.14742;37.36703;1;2.57;0;0;6;1;0;0;3;1;27;3;2258333815;0;0;0;62;0
56;9;1;27;9.6;6768;09:08:58.12;0;52.05492;-43.26618;1;2.55;0;0;6;1;0;0;3;1;27;3;2258333812;0;0;0;62;0
131;9;1;31;9.4;7512;09:08:58.13;0;-36.71458;65.54309;1;2.56;0;0;6;1;0;0;3;1;27;3;2258333813;0;0;0;62;0
67;10;1;32;10.4;2750;09:08:58.23;1;-1.58835;-27.45857;1;2.66;0;0;6;1;0;0;3;1;27;3;2258333823;0;0;0;62;0
13;10;1;33;10.8;1028;09:08:57.94;1;-9.94870;2.60173;1;2.36;0;0;6;1;0;0;3;1;27;3;2258333794;0;0;0;62;0
119;9;1;34;9.6;6602;09:08:58.12;0;-27.69740;-59.93747;1;2.54;0;0;6;1;0;0;3;1;27;3;2258333812;0;0;0;62;0
228;10;1;35;10.4;2855;09:08:57.92;0;-11.40731;-26.17331;1;2.35;0;0;6;1;0;0;3;1;27;3;2258333792;0;0;0;62;0
160;10;1;37;10.7;1104;09:08:58.15;1;10.15627;4.33555;1;2.58;0;0;6;1;0;0;3;1;27;3;2258333815;0;0;0;62;0
66;9;1;39;9.4;7438;09:08:58.08;0;7.32341;74.02700;1;2.50;0;0;6;1;0;0;3;1;27;3;2258333808;0;0;0;62;0
156;7;1;40;7.7;14280;09:08:58.37;0;23.97071;-140.78341;1;2.80;0;0;6;1;0;0;3;1;27;3;2258333837;0;0;0;62;0
3;10;1;17;10.2;3866;09:08:58.31;0;-36.74336;12.04193;1;2.72;0;0;6;1;0;0;3;1;27;3;2258333831;0;0;0;62;0
219;9;1;23;9.4;7402;09:08:58.27;0;-44.18453;-59.38727;1;2.70;0;0;6;1;0;0;3;1;27;3;2258333827;0;0;0;62;0
85;10;1;24;10.1;4326;09:08:58.42;0;-42.73098;6.76471;1;2.84;0;0;6;1;0;0;3;1;27;3;2258333842;0;0;0;62;0
27;10;1;26;10.4;2827;09:08:58.39;0;-28.27270;-0.31384;1;2.81;0;0;6;1;0;0;3;1;27;3;2258333839;0;0;0;62;0
103;10;1;28;10.2;3851;09:08:58.57;0;-37.36903;-9.31049;1;3.0;0;0;6;1;0;0;3;1;27;3;2258333857;0;0;0;62;0
79;10;1;30;10.2;3820;09:08:58.41;0;22.63770;30.77109;1;2.84;0;0;6;1;0;0;3;1;27;3;2258333841;0;0;0;62;0
222;10;1;38;10.3;3302;09:08:58.02;0;7.73468;32.10386;1;2.45;0;0;6;1;0;0;3;1;27;3;2258333802;0;0;0;62;0
34;9;1;12;9.6;6773;09:08:58.42;0;57.15980;-36.35184;1;2.84;0;0;6;1;0;0;3;1;27;3;2258333842;0;0;0;62;0
42;9;1;13;9.9;5391;09:08:58.51;0;14.53816;-51.92003;1;2.93;0;0;6;1;0;0;3;1;27;3;2258333851;0;0;0;62;0
73;9;1;14;9.2;8387;09:08:58.55;0;59.88101;-58.73575;1;2.97;0;0;6;1;0;0;3;1;27;3;2258333855;0;0;0;62;0
213;10;1;16;10.2;3926;09:08:58.35;0;-26.82709;-28.67623;1;2.77;0;0;6;1;0;0;3;1;27;3;2258333835;0;0;0;62;0
144;9;1;18;9.4;7490;09:08:58.46;0;36.83335;65.22652;1;2.87;0;0;6;1;0;0;3;1;27;3;2258333846;0;0;0;62;0
230;10;1;20;10.6;1605;09:09:07.82;1;7.18983;14.35676;1;2.14;0;0;6;1;0;0;3;1;28;3;2258334782;0;0;0;62;0
170;10;1;25;10.3;3680;09:09:08.15;0;-32.71634;-16.86373;1;2.47;0;0;6;1;0;0;3;1;28;3;2258334815;0;0;0;62;0
27;9;1;26;9.9;5626;09:09:08.04;0;41.62695;37.84839;1;2.36;0;0;6;1;0;0;3;1;28;3;2258334804;0;0;0;62;0
56;10;1;27;10.3;3612;09:09:07.94;0;0.44694;-36.12513;1;2.27;0;0;6;1;0;0;3;1;28;3;2258334794;0;0;0;62;0
103;9;1;28;9.6;6735;09:09:08.34;0;-65.02786;17.54094;1;2.67;0;0;6;1;0;0;3;1;28;3;2258334834;0;0;0;62;0
13;10;1;33;10.1;4252;09:09:08.06;0;34.47478;24.88863;1;2.38;0;0;6;1;0;0;3;1;28;3;2258334806;0;0;0;62;0
119;10;1;34;10.3;3552;09:09:08.17;0;35.49516;1.43054;1;2.49;0;0;6;1;0;0;3;1;28;3;2258334817;0;0;0;62;0
228;9;1;35;9.4;7500;09:09:07.97;0;-74.90966;3.69995;1;2.30;0;0;6;1;0;0;3;1;28;3;2258334797;0;0;0;62;0
160;9;1;37;9.7;6123;09:09:08.37;0;28.48032;-54.20931;1;2.70;0;0;6;1;0;0;3;1;28;3;2258334837;0;0;0;62;0
222;10;1;38;10.5;2535;09:09:07.92;1;-0.00907;25.35323;1;2.25;0;0;6;1;0;0;3;1;28;3;2258334792;0;0;0;62;0
66;10;1;39;10.6;1729;09:09:08.18;1;1.63609;-17.21615;1;2.50;0;0;6;1;0;0;3;1;28;3;2258334818;0;0;0;62;0
94;9;1;15;9.4;7527;09:09:08.03;0;-75.18812;-3.54754;1;2.35;0;0;6;1;0;0;3;1;28;3;2258334803;0;0;0;62;0
213;9;1;16;9.9;5385;09:09:08.34;0;-30.06490;44.67964;1;2.66;0;0;6;1;0;0;3;1;28;3;2258334834;0;0;0;62;0
144;10;1;18;10.5;2597;09:09:08.31;1;3.33344;25.76344;1;2.62;0;0;6;1;0;0;3;1;28;3;2258334831;0;0;0;62;0
60;10;1;21;10.3;3548;09:09:08.24;0;-35.24473;4.16294;1;2.56;0;0;6;1;0;0;3;1;28;3;2258334824;0;0;0;62;0
224;10;1;22;10.6;1596;09:09:08.34;1;-11.21876;-11.36323;1;2.66;0;0;6;1;0;0;3;1;28;3;2258334834;0;0;0;62;0
79;9;1;30;9.7;6168;09:09:08.36;0;60.64358;11.29725;1;2.69;0;0;6;1;0;0;3;1;28;3;2258334836;0;0;0;62;0
131;10;1;31;10.1;4744;09:09:08.36;0;9.15341;46.55175;1;2.69;0;0;6;1;0;0;3;1;28;3;2258334836;0;0;0;62;0
67;10;1;32;10.4;2785;09:09:08.40;0;21.94273;-17.15391;1;2.73;0;0;6;1;0;0;3;1;28;3;2258334840;0;0;0;62;0
156;9;1;40;9.2;8143;09:09:08.32;0;22.15442;-78.36179;1;2.64;0;0;6;1;0;0;3;1;28;3;2258334832;0;0;0;62;0
34;10;1;12;10.6;1999;09:09:08.58;1;19.58559;-4.04009;1;2.90;0;0;6;1;0;0;3;1;28;3;2258334858;0;0;0;62;0
42;8;1;13;8.7;10136;09:09:08.49;0;91.90539;42.76055;1;2.81;0;0;6;1;0;0;3;1;28;3;2258334849;0;0;0;62;0
73;10;1;14;10.2;3835;09:09:08.48;0;38.35457;0.53046;1;2.80;0;0;6;1;0;0;3;1;28;3;2258334848;0;0;0;62;0
3;10;1;17;10.2;4161;09:09:08.36;0;38.51872;-15.74603;1;2.67;0;0;6;1;0;0;3;1;28;3;2258334836;0;0;0;62;0
219;10;1;23;10.0;4779;09:09:08.48;0;47.64100;3.77763;1;2.80;0;0;6;1;0;0;3;1;28;3;2258334848;0;0;0;62;0
85;10;1;24;10.7;1340;09:09:08.39;1;-4.75436;-12.53780;1;2.71;0;0;6;1;0;0;3;1;28;3;2258334839;0;0;0;62;0
207;10;1;19;10.1;4456;09:09:08.34;0;43.31274;-10.47110;1;2.65;0;0;6;1;0;0;3;1;28;3;2258334834;0;0;0;62;0
13;9;1;33;9.4;7537;09:09:18.14;0;-35.52573;-66.48188;1;2.37;0;0;6;1;0;0;3;1;29;3;2258335814;0;0;0;62;0
119;10;1;34;10.0;4925;09:09:18.20;0;-45.44828;18.98897;1;2.43;0;0;6;1;0;0;3;1;29;3;2258335820;0;0;0;62;0
228;9;1;35;9.2;8424;09:09:18.09;0;68.85065;-48.55467;1;2.33;0;0;6;1;0;0;3;1;29;3;2258335809;0;0;0;62;0
94;9;1;15;9.6;6775;09:09:18.07;0;-62.98774;-24.96027;1;2.30;0;0;6;1;0;0;3;1;29;3;2258335807;0;0;0;62;0
213;10;1;16;10.3;3654;09:09:18.32;0;-3.14675;-36.41069;1;2.55;0;0;6;1;0;0;3;1;29;3;2258335832;0;0;0;62;0
3;10;1;17;10.3;3504;09:09:18.24;0;-28.63856;20.20239;1;2.46;0;0;6;1;0;0;3;1;29;3;2258335824;0;0;0;62;0
207;9;1;19;9.9;5448;09:09:18.32;0;-47.38443;-26.90463;1;2.54;0;0;6;1;0;0;3;1;29;3;2258335832;0;0;0;62;0
230;10;1;20;10.6;1966;09:09:17.85;1;5.77007;-18.80075;1;2.8;0;0;6;1;0;0;3;1;29;3;2258335785;0;0;0;62;0
60;10;1;21;10.2;3913;09:09:18.12;0;-5.83770;-38.69462;1;2.35;0;0;6;1;0;0;3;1;29;3;2258335812;0;0;0;62;0
85;10;1;24;10.5;2424;09:09:18.41;1;21.01855;12.08757;1;2.64;0;0;6;1;0;0;3;1;29;3;2258335841;0;0;0;62;0
170;10;1;25;10.2;3750;09:09:18.24;0;-25.61658;-27.38997;1;2.47;0;0;6;1;0;0;3;1;29;3;2258335824;0;0;0;62;0
56;9;1;27;9.7;6387;09:09:18.04;0;61.71682;-16.46258;1;2.27;0;0;6;1;0;0;3;1;29;3;2258335804;0;0;0;62;0
67;10;1;32;10.2;4112;09:09:18.18;0;20.07819;-35.89354;1;2.42;0;0;6;1;0;0;3;1;29;3;2258335818;0;0;0;62;0
222;10;1;38;10.6;1863;09:09:18.23;1;3.75546;-18.25415;1;2.47;0;0;6;1;0;0;3;1;29;3;2258335823;0;0;0;62;0
66;9;1;39;9.8;5787;09:09:18.26;0;-13.13912;56.36049;1;2.49;0;0;6;1;0;0;3;1;29;3;2258335826;0;0;0;62;0
156;10;1;40;10.3;3584;09:09:18.39;0;-16.93098;-31.58982;1;2.63;0;0;6;1;0;0;3;1;29;3;2258335839;0;0;0;62;0
144;9;1;18;9.9;5358;09:09:18.39;0;14.31561;51.64141;1;2.61;0;0;6;1;0;0;3;1;29;3;2258335839;0;0;0;62;0
224;10;1;22;10.7;1429;09:09:18.44;1;12.74958;6.46935;1;2.67;0;0;6;1;0;0;3;1;29;3;2258335844;0;0;0;62;0
219;10;1;23;10.8;790;09:09:18.51;1;3.10402;7.26973;1;2.75;0;0;6;1;0;0;3;1;29;3;2258335851;0;0;0;62;0
27;10;1;26;10.0;4904;09:09:18.40;0;47.08313;13.74258;1;2.63;0;0;6;1;0;0;3;1;29;3;2258335840;0;0;0;62;0
103;7;1;28;7.3;15855;09:09:18.86;0;103.76223;119.88723;1;3.9;0;0;6;1;0;0;3;1;29;3;2258335886;0;0;0;62;0
79;10;1;30;10.5;2125;09:09:18.46;1;-20.67136;-4.93138;1;2.70;0;0;6;1;0;0;3;1;29;3;2258335846;0;0;0;62;0
131;10;1;31;10.5;2536;09:09:18.53;1;-18.05932;17.81621;1;2.76;0;0;6;1;0;0;3;1;29;3;2258335853;0;0;0;62;0
160;10;1;37;10.5;2241;09:09:18.48;1;12.47788;-18.62036;1;2.72;0;0;6;1;0;0;3;1;29;3;2258335848;0;0;0;62;0
34;10;1;12;10.5;2376;09:09:18.72;1;14.20770;-19.04952;1;2.95;0;0;6;1;0;0;3;1;29;3;2258335872;0;0;0;62;0
42;9;1;13;9.6;6705;09:09:18.82;0;41.54984;-52.63325;1;3.5;0;0;6;1;0;0;3;1;29;3;2258335882;0;0;0;62;0
73;10;1;14;10.2;3776;09:09:18.73;0;34.15469;-16.10668;1;2.96;0;0;6;1;0;0;3;1;29;3;2258335873;0;0;0;62;0
230;10;1;20;10.1;4295;09:09:27.94;0;39.71425;-16.36770;1;2.6;0;0;6;1;0;1;3;1;30;3;2258336794;0;0;0;62;0
60;10;1;21;10.5;2610;09:09:28.43;1;-5.47246;25.52876;1;2.56;0;0;6;1;0;1;3;1;30;3;2258336843;0;0;0;62;0
170;10;1;25;10.5;2114;09:09:28.30;1;-15.05808;14.84402;1;2.43;0;0;6;1;0;1;3;1;30;3;2258336830;0;0;0;62;0
27;9;1;26;9.7;6265;09:09:28.35;0;5.75111;62.38858;1;2.48;0;0;6;1;0;1;3;1;30;3;2258336835;0;0;0;62;0
56;9;1;27;9.7;6118;09:09:28.07;0;9.78629;-60.39509;1;2.19;0;0;6;1;0;1;3;1;30;3;2258336807;0;0;0;62;0
67;10;1;32;10.1;4490;09:09:28.54;0;33.80314;-29.56167;1;2.68;0;0;6;1;0;1;3;1;30;3;2258336854;0;0;0;62;0
13;10;1;33;10.3;3579;09:09:28.37;0;-13.50430;-33.14728;1;2.50;0;0;6;1;0;1;3;1;30;3;2258336837;0;0;0;62;0
119;10;1;34;10.3;3649;09:09:28.37;0;-21.36261;-29.58823;1;2.50;0;0;6;1;0;1;3;1;30;3;2258336837;0;0;0;62;0
228;10;1;35;10.5;2161;09:09:28.15;1;18.13142;11.76774;1;2.27;0;0;6;1;0;1;3;1;30;3;2258336815;0;0;0;62;0
160;10;1;37;10.8;855;09:09:28.51;1;-8.46658;-1.23077;1;2.64;0;0;6;1;0;1;3;1;30;3;2258336851;0;0;0;62;0
222;10;1;38;10.3;3417;09:09:28.44;0;-34.02550;3.21953;1;2.57;0;0;6;1;0;1;3;1;30;3;2258336844;0;0;0;62;0
66;10;1;39;10.6;1939;09:09:28.54;1;18.78441;4.81649;1;2.67;0;0;6;1;0;1;3;1;30;3;2258336854;0;0;0;62;0
156;8;1;40;8.6;10823;09:09:28.62;0;101.91412;-36.45132;1;2.75;0;0;6;1;0;1;3;1;30;3;2258336862;0;0;0;62;0
94;10;1;15;10.3;3353;09:09:28.25;0;-10.61274;-31.81256;1;2.37;0;0;6;1;0;1;3;1;30;3;2258336825;0;0;0;62;0
3;9;1;17;9.7;6401;09:09:28.47;0;-63.98205;-2.20252;1;2.59;0;0;6;1;0;1;3;1;30;3;2258336847;0;0;0;62;0
207;9;1;19;9.8;6038;09:09:28.46;0;-60.09516;5.86807;1;2.58;0;0;6;1;0;1;3;1;30;3;2258336846;0;0;0;62;0
219;10;1;23;10.8;635;09:09:28.58;1;0.19350;6.35287;1;2.71;0;0;6;1;0;1;3;1;30;3;2258336858;0;0;0;62;0
85;10;1;24;10.0;5076;09:09:28.60;0;-28.94951;-41.70597;1;2.73;0;0;6;1;0;1;3;1;30;3;2258336860;0;0;0;62;0
103;9;1;28;9.8;6007;09:09:28.88;0;-28.31185;-52.98864;1;3.1;0;0;6;1;0;1;3;1;30;3;2258336888;0;0;0;62;0
79;10;1;30;10.2;4021;09:09:28.87;0;34.59108;-20.51015;1;3.1;0;0;6;1;0;1;3;1;30;3;2258336887;0;0;0;62;0
131;9;1;31;9.5;7129;09:09:28.75;0;40.63900;58.57725;1;2.88;0;0;6;1;0;1;3;1;30;3;2258336875;0;0;0;62;0
34;9;1;12;9.8;5776;09:09:28.81;0;41.98084;-39.67299;1;2.93;0;0;6;1;0;1;3;1;30;3;2258336881;0;0;0;62;0
42;10;1;13;10.8;803;09:09:28.70;1;-2.42575;-7.65898;1;2.82;0;0;6;1;0;1;3;1;30;3;2258336870;0;0;0;62;0
73;10;1;14;10.1;4691;09:09:28.77;0;-38.72052;-26.48692;1;2.89;0;0;6;1;0;1;3;1;30;3;2258336877;0;0;0;62;0
213;10;1;16;10.5;2162;09:09:28.63;1;-19.32216;9.71884;1;2.76;0;0;6;1;0;1;3;1;30;3;2258336863;0;0;0;62;0
144;10;1;18;10.4;2805;09:09:28.72;0;-19.56688;-20.09854;1;2.84;0;0;6;1;0;1;3;1;30;3;2258336872;0;0;0;62;0
224;9;1;22;9.9;5534;09:09:28.64;0;48.80823;26.09118;1;2.77;0;0;6;1;0;1;3;1;30;3;2258336864;0;0;0;62;0
3;10;1;17;10.3;3575;09:12:08.02;0;-35.65419;2.72828;1;2.46;0;0;6;1;0;0;4;1;33;3;2258352802;0;0;0;62;0
60;9;1;21;9.3;7866;09:12:08.18;0;-10.69051;77.93915;1;2.63;0;0;6;1;0;0;4;1;33;3;2258352818;0;0;0;62;0
170;10;1;25;10.3;3524;09:12:08.15;0;35.18389;-2.12899;1;2.60;0;0;6;1;0;0;4;1;33;3;2258352815;0;0;0;62;0
27;10;1;26;10.5;2527;09:12:08.22;1;5.75578;24.60711;1;2.67;0;0;6;1;0;0;4;1;33;3;2258352822;0;0;0;62;0
56;8;1;27;8.4;11507;09:12:07.91;0;-32.97747;-110.24999;1;2.37;0;0;6;1;0;0;4;1;33;3;2258352791;0;0;0;62;0
13;10;1;33;10.6;1877;09:12:08.12;1;-18.10889;-4.95369;1;2.57;0;0;6;1;0;0;4;1;33;3;2258352812;0;0;0;62;0
119;9;1;34;9.2;8106;09:12:08.14;0;-69.74115;41.31714;1;2.59;0;0;6;1;0;0;4;1;33;3;2258352814;0;0;0;62;0
228;10;1;35;10.1;4529;09:12:08.10;0;41.96931;-17.03773;1;2.56;0;0;6;1;0;0;4;1;33;3;2258352810;0;0;0;62;0
160;9;1;37;9.5;7246;09:12:08.19;0;3.62241;72.37711;1;2.65;0;0;6;1;0;0;4;1;33;3;2258352819;0;0;0;62;0
222;9;1;38;9.6;6615;09:12:07.94;0;-31.13090;-58.36739;1;2.40;0;0;6;1;0;0;4;1;33;3;2258352794;0;0;0;62;0
66;9;1;39;9.8;5813;09:12:08.30;0;29.83178;49.89218;1;2.75;0;0;6;1;0;0;4;1;33;3;2258352830;0;0;0;62;0
156;10;1;40;10.2;4157;09:12:08.35;0;40.02292;-11.26202;1;2.80;0;0;6;1;0;0;4;1;33;3;2258352835;0;0;0;62;0
213;10;1;16;10.0;5206;09:12:08.25;0;-46.40812;23.59329;1;2.70;0;0;6;1;0;0;4;1;33;3;2258352825;0;0;0;62;0
144;10;1;18;10.3;3508;09:12:08.28;0;-34.08950;-8.30578;1;2.73;0;0;6;1;0;0;4;1;33;3;2258352828;0;0;0;62;0
224;10;1;22;10.1;4443;09:12:08.24;0;4.31125;44.22605;1;2.69;0;0;6;1;0;0;4;1;33;3;2258352824;0;0;0;62;0
73;9;1;14;9.7;6425;09:12:08.75;0;64.11417;4.25765;1;0.10;0;0;6;1;0;0;4;1;33;3;2258352875;0;0;0;62;0
94;10;1;15;10.5;2194;09:12:08.21;1;-18.03839;12.50055;1;2.66;0;0;6;1;0;0;4;1;33;3;2258352821;0;0;0;62;0
207;10;1;19;10.7;1363;09:12:08.23;1;12.88888;-4.45123;1;2.67;0;0;6;1;0;0;4;1;33;3;2258352823;0;0;0;62;0
230;10;1;20;10.7;1109;09:12:07.94;1;0.20669;11.09551;1;2.39;0;0;6;1;0;0;4;1;33;3;2258352794;0;0;0;62;0
219;10;1;23;10.4;2806;09:12:08.53;0;2.99715;27.90747;1;2.98;0;0;6;1;0;0;4;1;33;3;2258352853;0;0;0;62;0
85;10;1;24;10.2;3875;09:12:08.47;0;28.45973;26.31273;1;2.92;0;0;6;1;0;0;4;1;33;3;2258352847;0;0;0;62;0
103;8;1;28;8.6;10860;09:12:08.59;0;-20.40052;106.67501;1;3.5;0;0;6;1;0;0;4;1;33;3;2258352859;0;0;0;62;0
79;10;1;30;10.3;3692;09:12:08.39;0;-36.82200;-2.68948;1;2.85;0;0;6;1;0;0;4;1;33;3;2258352839;0;0;0;62;0
131;9;1;31;9.5;6999;09:12:08.47;0;-45.16160;53.47291;1;2.93;0;0;6;1;0;0;4;1;33;3;2258352847;0;0;0;62;0
67;9;1;32;9.5;6962;09:12:08.40;0;26.22769;64.49120;1;2.86;0;0;6;1;0;0;4;1;33;3;2258352840;0;0;0;62;0
34;9;1;12;9.3;7845;09:12:08.82;0;-68.49039;38.26699;1;0.17;0;0;6;1;0;0;4;1;33;3;2258352882;0;0;0;62;0
42;8;1;13;8.6;10611;09:12:08.71;0;20.79627;-104.05912;1;0.6;0;0;6;1;0;0;4;1;33;3;2258352871;0;0;0;62;0
230;10;1;20;10.3;3431;09:12:17.91;0;-32.98755;-9.45694;1;2.26;0;0;6;1;0;0;4;1;34;3;2258353791;0;0;0;62;0
60;9;1;21;9.7;6382;09:12:18.24;0;-60.66443;19.82426;1;2.59;0;0;6;1;0;0;4;1;34;3;2258353824;0;0;0;62;0
170;10;1;25;10.2;4093;09:12:18.23;0;-16.80857;37.32219;1;2.58;0;0;6;1;0;0;4;1;34;3;2258353823;0;0;0;62;0
56;10;1;27;10.8;870;09:12:18.03;1;8.44320;-2.11505;1;2.39;0;0;6;1;0;0;4;1;34;3;2258353803;0;0;0;62;0
103;9;1;28;9.0;8908;09:12:18.32;0;-69.93365;-55.18538;1;2.68;0;0;6;1;0;0;4;1;34;3;2258353832;0;0;0;62;0
131;10;1;31;10.1;4445;09:12:18.30;0;21.95032;38.65956;1;2.65;0;0;6;1;0;0;4;1;34;3;2258353830;0;0;0;62;0
67;10;1;32;10.6;1932;09:12:18.07;1;16.28401;-10.41159;1;2.43;0;0;6;1;0;0;4;1;34;3;2258353807;0;0;0;62;0
13;9;1;33;9.8;5811;09:12:18.04;0;-55.32569;-17.79057;1;2.39;0;0;6;1;0;0;4;1;34;3;2258353804;0;0;0;62;0
228;10;1;35;10.4;3067;09:12:18.02;0;-21.30612;22.06584;1;2.38;0;0;6;1;0;0;4;1;34;3;2258353802;0;0;0;62;0
160;10;1;37;10.0;5258;09:12:18.26;0;47.25387;-23.06767;1;2.62;0;0;6;1;0;0;4;1;34;3;2258353826;0;0;0;62;0
222;10;1;38;10.2;3742;09:12:17.94;0;7.97610;36.56281;1;2.30;0;0;6;1;0;0;4;1;34;3;2258353794;0;0;0;62;0
66;9;1;39;9.8;5767;09:12:18.24;0;5.69453;-57.39298;1;2.59;0;0;6;1;0;0;4;1;34;3;2258353824;0;0;0;62;0
34;10;1;12;10.3;3606;09:12:18.32;0;35.88815;3.57360;1;2.67;0;0;6;1;0;0;4;1;34;3;2258353832;0;0;0;62;0
94;10;1;15;10.1;4263;09:12:18.15;0;38.79536;-17.67187;1;2.50;0;0;6;1;0;0;4;1;34;3;2258353815;0;0;0;62;0
213;10;1;16;10.6;1865;09:12:18.56;1;12.44854;13.89975;1;2.91;0;0;6;1;0;0;4;1;34;3;2258353856;0;0;0;62;0
3;10;1;17;10.5;2538;09:12:18.37;1;25.08218;3.89558;1;2.71;0;0;6;1;0;0;4;1;34;3;2258353837;0;0;0;62;0
144;10;1;18;10.0;5193;09:12:18.26;0;51.61586;5.71161;1;2.61;0;0;6;1;0;0;4;1;34;3;2258353826;0;0;0;62;0
207;9;1;19;9.7;6457;09:12:18.34;0;55.45813;-33.07883;1;2.68;0;0;6;1;0;0;4;1;34;3;2258353834;0;0;0;62;0
224;10;1;22;10.5;2186;09:12:18.41;1;21.70188;2.66533;1;2.76;0;0;6;1;0;0;4;1;34;3;2258353841;0;0;0;62;0
219;10;1;23;10.2;3798;09:12:18.54;0;-37.91856;-2.31119;1;2.89;0;0;6;1;0;0;4;1;34;3;2258353854;0;0;0;62;0
85;10;1;24;10.1;4506;09:12:18.37;0;-14.39025;-42.71080;1;2.72;0;0;6;1;0;0;4;1;34;3;2258353837;0;0;0;62;0
27;10;1;26;10.1;4338;09:12:18.39;0;-22.08252;37.33916;1;2.74;0;0;6;1;0;0;4;1;34;3;2258353839;0;0;0;62;0
79;10;1;30;10.8;609;09:12:18.45;1;-3.39949;-5.05651;1;2.81;0;0;6;1;0;0;4;1;34;3;2258353845;0;0;0;62;0
119;9;1;34;9.6;6702;09:12:18.14;0;54.46140;39.07345;1;2.49;0;0;6;1;0;0;4;1;34;3;2258353814;0;0;0;62;0
156;10;1;40;10.8;688;09:12:18.52;1;-6.01001;-3.36359;1;2.87;0;0;6;1;0;0;4;1;34;3;2258353852;0;0;0;62;0
42;9;1;13;9.6;6501;09:12:18.57;0;48.80502;-42.95551;1;2.92;0;0;6;1;0;0;4;1;34;3;2258353857;0;0;0;62;0
73;10;1;14;10.3;3664;09:12:18.60;0;34.87850;11.24423;1;2.95;0;0;6;1;0;0;4;1;34;3;2258353860;0;0;0;62;0
230;9;1;20;9.0;9183;09:12:28.03;0;27.08844;87.75049;1;2.28;0;0;6;1;0;0;4;1;35;3;2258354803;0;0;0;62;0
60;10;1;21;10.4;2664;09:12:28.24;1;13.69523;-22.85243;1;2.49;0;0;6;1;0;0;4;1;35;3;2258354824;0;0;0;62;0
170;10;1;25;10.2;4193;09:12:28.39;0;-6.51951;-41.42916;1;2.64;0;0;6;1;0;0;4;1;35;3;2258354839;0;0;0;62;0
27;10;1;26;10.5;2335;09:12:28.27;1;17.67540;-15.26429;1;2.52;0;0;6;1;0;0;4;1;35;3;2258354827;0;0;0;62;0
56;9;1;27;9.9;5580;09:12:28.12;0;-38.88905;-40.02424;1;2.38;0;0;6;1;0;0;4;1;35;3;2258354812;0;0;0;62;0
103;10;1;28;10.4;3112;09:12:28.38;0;-17.20039;25.93835;1;2.63;0;0;6;1;0;0;4;1;35;3;2258354838;0;0;0;62;0
131;10;1;31;10.7;1424;09:12:28.28;1;13.26524;-5.19322;1;2.53;0;0;6;1;0;0;4;1;35;3;2258354828;0;0;0;62;0
67;10;1;32;10.2;4085;09:12:28.37;0;40.70402;3.45612;1;2.62;0;0;6;1;0;0;4;1;35;3;2258354837;0;0;0;62;0
13;10;1;33;10.2;4167;09:12:28.04;0;8.55492;40.78893;1;2.29;0;0;6;1;0;0;4;1;35;3;2258354804;0;0;0;62;0
119;10;1;34;10.2;4171;09:12:28.14;0;8.53817;40.83115;1;2.39;0;0;6;1;0;0;4;1;35;3;2258354814;0;0;0;62;0
228;10;1;35;10.5;2358;09:12:28.12;1;6.54214;-22.66460;1;2.38;0;0;6;1;0;0;4;1;35;3;2258354812;0;0;0;62;0
160;9;1;37;9.1;8862;09:12:28.46;0;-16.25331;-87.12695;1;2.71;0;0;6;1;0;0;4;1;35;3;2258354846;0;0;0;62;0
222;9;1;38;9.9;5376;09:12:28.10;0;6.97169;-53.30820;1;2.36;0;0;6;1;0;0;4;1;35;3;2258354810;0;0;0;62;0
156;8;1;40;8.6;10670;09:12:28.40;0;63.31060;-85.89400;1;2.65;0;0;6;1;0;0;4;1;35;3;2258354840;0;0;0;62;0
94;10;1;15;10.4;2966;09:12:28.31;0;-3.87871;29.41063;1;2.56;0;0;6;1;0;0;4;1;35;3;2258354831;0;0;0;62;0
3;10;1;17;10.5;2166;09:12:28.44;1;10.18311;19.12274;1;2.68;0;0;6;1;0;0;4;1;35;3;2258354844;0;0;0;62;0
144;10;1;18;10.0;4755;09:12:28.50;0;-25.30478;-40.26012;1;2.75;0;0;6;1;0;0;4;1;35;3;2258354850;0;0;0;62;0
207;9;1;19;9.6;6553;09:12:28.28;0;-36.50856;-54.42017;1;2.52;0;0;6;1;0;0;4;1;35;3;2258354828;0;0;0;62;0
224;10;1;22;10.7;1364;09:12:28.56;1;-2.57410;-13.40351;1;2.81;0;0;6;1;0;0;4;1;35;3;2258354856;0;0;0;62;0
219;9;1;23;9.8;5961;09:12:28.67;0;-8.71089;-58.97995;1;2.92;0;0;6;1;0;0;4;1;35;3;2258354867;0;0;0;62;0
85;9;1;24;9.1;8795;09:12:28.53;0;51.76722;-71.11175;1;2.78;0;0;6;1;0;0;4;1;35;3;2258354853;0;0;0;62;0
79;10;1;30;10.5;2601;09:12:28.61;1;21.52627;14.60138;1;2.87;0;0;6;1;0;0;4;1;35;3;2258354861;0;0;0;62;0
66;9;1;39;9.7;6271;09:12:28.44;0;30.89859;-54.56985;1;2.69;0;0;6;1;0;0;4;1;35;3;2258354844;0;0;0;62;0
34;10;1;12;10.5;2381;09:12:28.62;1;16.45266;-17.22223;1;2.87;0;0;6;1;0;0;4;1;35;3;2258354862;0;0;0;62;0
42;10;1;13;10.4;2726;09:12:28.67;1;-10.66967;25.08671;1;2.92;0;0;6;1;0;0;4;1;35;3;2258354867;0;0;0;62;0
73;10;1;14;10.0;4961;09:12:28.53;0;49.34697;-5.14229;1;2.78;0;0;6;1;0;0;4;1;35;3;2258354853;0;0;0;62;0
213;10;1;16;10.2;4163;09:12:28.82;0;27.49406;31.26637;1;3.6;0;0;6;1;0;0;4;1;35;3;2258354882;0;0;0;62;0
3;9;1;17;9.6;6613;09:12:38.27;0;4.77799;65.95977;1;2.41;0;0;6;1;0;0;4;1;36;3;2258355827;0;0;0;62;0
230;10;1;20;10.0;5087;09:12:38.29;0;-31.06912;-40.28818;1;2.44;0;0;6;1;0;0;4;1;36;3;2258355829;0;0;0;62;0
60;9;1;21;9.3;7813;09:12:38.30;0;-74.82686;22.51050;1;2.45;0;0;6;1;0;0;4;1;36;3;2258355830;0;0;0;62;0
219;10;1;23;10.1;4231;09:12:38.50;0;33.19327;26.24759;1;2.65;0;0;6;1;0;0;4;1;36;3;2258355850;0;0;0;62;0
170;8;1;25;8.6;10703;09:12:38.50;0;32.16462;-102.08856;1;2.64;0;0;6;1;0;0;4;1;36;3;2258355850;0;0;0;62;0
27;10;1;26;10.0;5244;09:12:38.43;0;51.12457;-11.71501;1;2.58;0;0;6;1;0;0;4;1;36;3;2258355843;0;0;0;62;0
56;10;1;27;10.0;5213;09:12:38.09;0;1.54958;52.11218;1;2.24;0;0;6;1;0;0;4;1;36;3;2258355809;0;0;0;62;0
103;8;1;28;8.3;11872;09:12:38.53;0;85.69451;82.16412;1;2.68;0;0;6;1;0;0;4;1;36;3;2258355853;0;0;0;62;0
131;10;1;31;10.5;2307;09:12:38.42;1;21.33933;-8.76692;1;2.57;0;0;6;1;0;0;4;1;36;3;2258355842;0;0;0;62;0
13;10;1;33;10.1;4375;09:12:38.18;0;-3.11178;-43.64916;1;2.33;0;0;6;1;0;0;4;1;36;3;2258355818;0;0;0;62;0
119;10;1;34;10.1;4354;09:12:38.27;0;43.41118;-3.41862;1;2.42;0;0;6;1;0;0;4;1;36;3;2258355827;0;0;0;62;0
228;9;1;35;9.6;6568;09:12:38.36;0;51.53599;-40.73094;1;2.51;0;0;6;1;0;0;4;1;36;3;2258355836;0;0;0;62;0
222;10;1;38;10.3;3536;09:12:38.07;0;33.24373;-12.07012;1;2.23;0;0;6;1;0;0;4;1;36;3;2258355807;0;0;0;62;0
66;10;1;39;10.0;4827;09:12:38.32;0;48.25425;-1.44557;1;2.47;0;0;6;1;0;0;4;1;36;3;2258355832;0;0;0;62;0
34;10;1;12;10.0;4883;09:12:38.56;0;-47.21544;12.47545;1;2.71;0;0;6;1;0;0;4;1;36;3;2258355856;0;0;0;62;0
73;10;1;14;10.3;3371;09:12:38.64;0;-32.08419;10.34878;1;2.79;0;0;6;1;0;0;4;1;36;3;2258355864;0;0;0;62;0
94;10;1;15;10.6;1729;09:12:38.40;1;-12.26906;-12.19154;1;2.55;0;0;6;1;0;0;4;1;36;3;2258355840;0;0;0;62;0
213;10;1;16;10.2;4188;09:12:38.63;0;-41.23299;-7.36923;1;2.77;0;0;6;1;0;0;4;1;36;3;2258355863;0;0;0;62;0
144;8;1;18;8.6;10734;09:12:38.64;0;102.36295;-32.31370;1;2.79;0;0;6;1;0;0;4;1;36;3;2258355864;0;0;0;62;0
207;10;1;19;10.3;3627;09:12:38.47;0;31.59830;-17.81718;1;2.61;0;0;6;1;0;0;4;1;36;3;2258355847;0;0;0;62;0
224;10;1;22;10.7;1134;09:12:38.55;1;11.23541;1.59672;1;2.70;0;0;6;1;0;0;4;1;36;3;2258355855;0;0;0;62;0
85;10;1;24;10.4;2829;09:12:38.60;0;28.27716;-1.10736;1;2.75;0;0;6;1;0;0;4;1;36;3;2258355860;0;0;0;62;0
79;9;1;30;9.6;6617;09:12:38.94;0;33.16859;57.26366;1;3.9;0;0;6;1;0;0;4;1;36;3;2258355894;0;0;0;62;0
67;9;1;32;9.7;6466;09:12:38.30;0;64.65445;1.09984;1;2.45;0;0;6;1;0;0;4;1;36;3;2258355830;0;0;0;62;0
160;10;1;37;10.1;4541;09:12:38.72;0;-42.09764;-17.05107;1;2.87;0;0;6;1;0;0;4;1;36;3;2258355872;0;0;0;62;0
156;9;1;40;9.5;6971;09:12:38.55;0;38.94792;-57.82570;1;2.70;0;0;6;1;0;0;4;1;36;3;2258355855;0;0;0;62;0
42;10;1;13;10.2;3802;09:12:38.84;0;37.86874;-3.39291;1;2.99;0;0;6;1;0;0;4;1;36;3;2258355884;0;0;0;62;0
228;10;1;35;10.7;1134;09:12:48.25;1;4.79981;10.28503;1;2.30;0;0;6;1;0;1;4;1;37;3;2258356825;0;0;0;62;0
222;10;1;38;10.7;1454;09:12:48.16;1;-14.46247;1.58842;1;2.20;0;0;6;1;0;1;4;1;37;3;2258356816;0;0;0;62;0
94;9;1;15;9.9;5433;09:12:48.52;0;-3.78178;-54.20450;1;2.55;0;0;6;1;0;1;4;1;37;3;2258356852;0;0;0;62;0
3;10;1;17;10.8;912;09:12:48.59;1;-4.42619;7.97632;1;2.64;0;0;6;1;0;1;4;1;37;3;2258356859;0;0;0;62;0
230;10;1;20;10.5;2228;09:12:48.20;1;12.67219;-18.32611;1;2.25;0;0;6;1;0;1;4;1;37;3;2258356820;0;0;0;62;0
60;10;1;21;10.2;4172;09:12:48.50;0;41.72933;0.10614;1;2.55;0;0;6;1;0;1;4;1;37;3;2258356850;0;0;0;62;0
224;10;1;22;10.2;3750;09:12:48.40;0;-11.11798;35.81783;1;2.45;0;0;6;1;0;1;4;1;37;3;2258356840;0;0;0;62;0
170;9;1;25;9.7;6373;09:12:48.51;0;-63.40112;-6.53543;1;2.55;0;0;6;1;0;1;4;1;37;3;2258356851;0;0;0;62;0
27;10;1;26;10.5;2573;09:12:48.60;1;0.66569;25.72986;1;2.65;0;0;6;1;0;1;4;1;37;3;2258356860;0;0;0;62;0
56;9;1;27;9.9;5372;09:12:48.48;0;-33.29624;-42.16933;1;2.53;0;0;6;1;0;1;4;1;37;3;2258356848;0;0;0;62;0
131;9;1;31;9.7;6112;09:12:48.48;0;58.08349;19.04555;1;2.53;0;0;6;1;0;1;4;1;37;3;2258356848;0;0;0;62;0
67;10;1;32;10.1;4412;09:12:48.46;0;-34.09571;-28.00602;1;2.51;0;0;6;1;0;1;4;1;37;3;2258356846;0;0;0;62;0
13;10;1;33;10.4;2927;09:12:48.34;0;26.06238;-13.33987;1;2.39;0;0;6;1;0;1;4;1;37;3;2258356834;0;0;0;62;0
119;10;1;34;10.4;2772;09:12:48.32;1;-0.79909;-27.71358;1;2.36;0;0;6;1;0;1;4;1;37;3;2258356832;0;0;0;62;0
160;10;1;37;10.2;3855;09:12:48.65;0;38.51826;-1.79199;1;2.70;0;0;6;1;0;1;4;1;37;3;2258356865;0;0;0;62;0
156;10;1;40;10.3;3392;09:12:48.66;0;32.95712;-8.05133;1;2.71;0;0;6;1;0;1;4;1;37;3;2258356866;0;0;0;62;0
34;9;1;12;9.4;7596;09:12:48.76;0;-67.64425;-34.57068;1;2.80;0;0;6;1;0;1;4;1;37;3;2258356876;0;0;0;62;0
42;10;1;13;10.3;3453;09:12:48.90;0;-14.32470;31.42218;1;2.94;0;0;6;1;0;1;4;1;37;3;2258356890;0;0;0;62;0
73;9;1;14;9.6;6517;09:12:49.08;0;9.83503;64.42626;1;0.2;0;0;6;1;0;1;4;1;37;3;2258356908;0;0;0;62;0
213;10;1;16;10.6;1608;09:12:48.76;1;-6.18744;-14.84516;1;2.80;0;0;6;1;0;1;4;1;37;3;2258356876;0;0;0;62;0
144;10;1;18;10.2;3715;09:12:48.80;0;33.75753;-15.52050;1;2.84;0;0;6;1;0;1;4;1;37;3;2258356880;0;0;0;62;0
207;10;1;19;10.0;4871;09:12:48.70;0;46.11273;-15.69402;1;2.74;0;0;6;1;0;1;4;1;37;3;2258356870;0;0;0;62;0
219;10;1;23;10.4;3071;09:12:48.77;0;-24.68940;-18.27166;1;2.82;0;0;6;1;0;1;4;1;37;3;2258356877;0;0;0;62;0
85;10;1;24;10.2;3998;09:12:48.71;0;-26.61164;-29.84338;1;2.76;0;0;6;1;0;1;4;1;37;3;2258356871;0;0;0;62;0
103;9;1;28;9.6;6866;09:12:48.93;0;67.23173;-13.94260;1;2.98;0;0;6;1;0;1;4;1;37;3;2258356893;0;0;0;62;0
79;10;1;30;10.4;2877;09:12:48.80;0;23.13616;17.11737;1;2.84;0;0;6;1;0;1;4;1;37;3;2258356880;0;0;0;62;0
66;10;1;39;10.4;3007;09:12:48.42;0;29.06978;-7.71286;1;2.47;0;0;6;1;0;1;4;1;37;3;2258356842;0;0;0;62;0
230;10;1;20;10.2;3791;09:15:27.66;0;-10.30416;-36.48418;1;2.35;0;0;6;1;0;0;5;1;40;3;2258372766;0;0;0;62;0
85;10;1;24;10.3;3550;09:15:27.95;0;-4.42787;35.22618;1;2.64;0;0;6;1;0;0;5;1;40;3;2258372795;0;0;0;62;0
27;10;1;26;10.2;4074;09:15:27.98;0;40.62689;3.14298;1;2.67;0;0;6;1;0;0;5;1;40;3;2258372798;0;0;0;62;0
131;10;1;31;10.1;4706;09:15:28.03;0;-25.21060;-39.74574;1;2.72;0;0;6;1;0;0;5;1;40;3;2258372803;0;0;0;62;0
67;10;1;32;10.2;4073;09:15:27.92;0;-28.94242;-28.66788;1;2.62;0;0;6;1;0;0;5;1;40;3;2258372792;0;0;0;62;0
13;9;1;33;9.4;7613;09:15:27.89;0;-48.32878;58.83457;1;2.58;0;0;6;1;0;0;5;1;40;3;2258372789;0;0;0;62;0
119;9;1;34;9.8;5690;09:15:27.85;0;-19.63179;53.40817;1;2.55;0;0;6;1;0;0;5;1;40;3;2258372785;0;0;0;62;0
228;10;1;35;10.6;1720;09:15:27.74;1;-0.72849;17.18910;1;2.44;0;0;6;1;0;0;5;1;40;3;2258372774;0;0;0;62;0
160;10;1;37;10.8;590;09:15:28.04;1;2.32662;-5.42743;1;2.74;0;0;6;1;0;0;5;1;40;3;2258372804;0;0;0;62;0
222;10;1;38;10.9;515;09:15:27.78;1;1.36202;-4.96889;1;2.48;0;0;6;1;0;0;5;1;40;3;2258372778;0;0;0;62;0
94;9;1;15;9.6;6618;09:15:28.02;0;-36.25229;55.37571;1;2.71;0;0;6;1;0;0;5;1;40;3;2258372802;0;0;0;62;0
3;9;1;17;9.8;5943;09:15:27.87;0;-13.23012;-57.94360;1;2.56;0;0;6;1;0;0;5;1;40;3;2258372787;0;0;0;62;0
207;10;1;19;10.7;1408;09:15:28.02;1;11.78001;-7.71799;1;2.70;0;0;6;1;0;0;5;1;40;3;2258372802;0;0;0;62;0
60;9;1;21;9.7;6187;09:15:28.01;0;-32.46557;52.67356;1;2.71;0;0;6;1;0;0;5;1;40;3;2258372801;0;0;0;62;0
224;10;1;22;10.0;4923;09:15:28.01;0;-46.87836;15.05104;1;2.70;0;0;6;1;0;0;5;1;40;3;2258372801;0;0;0;62;0
66;10;1;39;10.2;3722;09:15:28.05;0;-5.50810;36.82019;1;2.74;0;0;6;1;0;0;5;1;40;3;2258372805;0;0;0;62;0
156;10;1;40;10.2;3798;09:15:28.17;0;-37.96715;1.13218;1;2.87;0;0;6;1;0;0;5;1;40;3;2258372817;0;0;0;62;0
34;8;1;12;8.7;10126;09:15:28.08;0;-92.20051;-41.87332;1;2.77;0;0;6;1;0;0;5;1;40;3;2258372808;0;0;0;62;0
42;9;1;13;9.6;6780;09:15:28.25;0;-10.21924;67.03395;1;2.94;0;0;6;1;0;0;5;1;40;3;2258372825;0;0;0;62;0
73;8;1;14;8.9;9561;09:15:28.22;0;76.03413;57.98263;1;2.91;0;0;6;1;0;0;5;1;40;3;2258372822;0;0;0;62;0
213;10;1;16;10.5;2269;09:15:28.20;1;7.40709;21.44805;1;2.89;0;0;6;1;0;0;5;1;40;3;2258372820;0;0;0;62;0
144;10;1;18;10.0;4777;09:15:28.06;0;-22.16556;42.32562;1;2.74;0;0;6;1;0;0;5;1;40;3;2258372806;0;0;0;62;0
219;10;1;23;10.5;2308;09:15:28.23;1;20.28120;-11.02797;1;2.93;0;0;6;1;0;0;5;1;40;3;2258372823;0;0;0;62;0
170;10;1;25;10.0;4899;09:15:28.05;0;46.18105;-16.35092;1;2.75;0;0;6;1;0;0;5;1;40;3;2258372805;0;0;0;62;0
56;10;1;27;10.2;3978;09:15:27.69;0;2.84904;39.68021;1;2.38;0;0;6;1;0;0;5;1;40;3;2258372769;0;0;0;62;0
103;8;1;28;8.2;12105;09:15:28.26;0;-57.41611;106.56724;1;2.95;0;0;6;1;0;0;5;1;40;3;2258372826;0;0;0;62;0
79;10;1;30;10.3;3637;09:15:28.11;0;-11.44660;34.53042;1;2.81;0;0;6;1;0;0;5;1;40;3;2258372811;0;0;0;62;0
230;10;1;20;10.3;3365;09:15:37.59;0;28.67954;17.61241;1;2.18;0;0;6;1;0;0;5;1;41;3;2258373759;0;0;0;62;0
170;9;1;25;9.9;5401;09:15:37.98;0;36.58102;39.74561;1;2.58;0;0;6;1;0;0;5;1;41;3;2258373798;0;0;0;62;0
56;10;1;27;10.0;5126;09:15:37.92;0;26.16556;-44.08138;1;2.51;0;0;6;1;0;0;5;1;41;3;2258373792;0;0;0;62;0
103;9;1;28;9.9;5606;09:15:38.43;0;-50.55844;-24.22525;1;3.2;0;0;6;1;0;0;5;1;41;3;2258373843;0;0;0;62;0
131;9;1;31;9.4;7486;09:15:38.06;0;71.10184;23.43421;1;2.65;0;0;6;1;0;0;5;1;41;3;2258373806;0;0;0;62;0
67;10;1;32;10.7;1110;09:15:38.02;1;-4.15175;10.29836;1;2.61;0;0;6;1;0;0;5;1;41;3;2258373802;0;0;0;62;0
13;8;1;33;8.7;10413;09:15:37.81;0;-100.70567;-26.51829;1;2.40;0;0;6;1;0;0;5;1;41;3;2258373781;0;0;0;62;0
119;9;1;34;9.9;5438;09:15:37.95;0;-48.74565;-24.11203;1;2.55;0;0;6;1;0;0;5;1;41;3;2258373795;0;0;0;62;0
228;10;1;35;10.2;3994;09:15:37.63;0;-39.05315;8.37913;1;2.22;0;0;6;1;0;0;5;1;41;3;2258373763;0;0;0;62;0
156;10;1;40;10.3;3660;09:15:38.28;0;19.84683;-30.76288;1;2.87;0;0;6;1;0;0;5;1;41;3;2258373828;0;0;0;62;0
94;10;1;15;10.0;5108;09:15:38.06;0;-25.09843;-44.49649;1;2.65;0;0;6;1;0;0;5;1;41;3;2258373806;0;0;0;62;0
213;10;1;16;10.5;2198;09:15:38.38;1;6.72880;20.93429;1;2.97;0;0;6;1;0;0;5;1;41;3;2258373838;0;0;0;62;0
3;10;1;17;10.6;1768;09:15:38.17;1;-2.53690;17.50124;1;2.76;0;0;6;1;0;0;5;1;41;3;2258373817;0;0;0;62;0
144;10;1;18;10.3;3199;09:15:38.07;0;-29.91133;11.35651;1;2.65;0;0;6;1;0;0;5;1;41;3;2258373807;0;0;0;62;0
207;9;1;19;9.0;9195;09:15:38.05;0;28.40436;-87.45478;1;2.63;0;0;6;1;0;0;5;1;41;3;2258373805;0;0;0;62;0
60;9;1;21;9.9;5321;09:15:38.11;0;35.15957;-39.95138;1;2.71;0;0;6;1;0;0;5;1;41;3;2258373811;0;0;0;62;0
219;10;1;23;10.4;3157;09:15:38.29;0;-30.56461;-7.92442;1;2.88;0;0;6;1;0;0;5;1;41;3;2258373829;0;0;0;62;0
85;10;1;24;10.2;4102;09:15:38.34;0;17.66423;37.02503;1;2.93;0;0;6;1;0;0;5;1;41;3;2258373834;0;0;0;62;0
27;10;1;26;10.2;3919;09:15:38.07;0;11.92729;-37.33782;1;2.66;0;0;6;1;0;0;5;1;41;3;2258373807;0;0;0;62;0
79;9;1;30;9.6;6611;09:15:38.35;0;61.99237;-22.97923;1;2.95;0;0;6;1;0;0;5;1;41;3;2258373835;0;0;0;62;0
160;10;1;37;10.5;2171;09:15:38.05;1;18.95465;-10.60208;1;2.65;0;0;6;1;0;0;5;1;41;3;2258373805;0;0;0;62;0
222;10;1;38;10.4;2898;09:15:38.04;0;18.96632;-21.91207;1;2.64;0;0;6;1;0;0;5;1;41;3;2258373804;0;0;0;62;0
66;9;1;39;9.3;8051;09:15:38.16;0;-79.52956;-12.58835;1;2.75;0;0;6;1;0;0;5;1;41;3;2258373816;0;0;0;62;0
34;10;1;12;10.1;4374;09:15:38.34;0;36.84543;23.58320;1;2.93;0;0;6;1;0;0;5;1;41;3;2258373834;0;0;0;62;0
42;9;1;13;9.6;6819;09:15:38.27;0;56.86218;37.65081;1;2.86;0;0;6;1;0;0;5;1;41;3;2258373827;0;0;0;62;0
73;10;1;14;10.8;928;09:15:38.56;1;8.02994;4.65222;1;0.4;0;0;6;1;0;0;5;1;41;3;2258373856;0;0;0;62;0
224;10;1;22;10.4;2729;09:15:38.18;1;25.43291;-9.89914;1;2.77;0;0;6;1;0;0;5;1;41;3;2258373818;0;0;0;62;0
230;10;1;20;10.5;2502;09:15:47.67;1;23.09932;-9.63403;1;2.15;0;0;6;1;0;0;5;1;42;3;2258374767;0;0;0;62;0
60;9;1;21;9.7;6189;09:15:48.01;0;-35.22210;50.89344;1;2.51;0;0;6;1;0;0;5;1;42;3;2258374801;0;0;0;62;0
224;9;1;22;9.5;7195;09:15:48.20;0;20.88259;68.86320;1;2.69;0;0;6;1;0;0;5;1;42;3;2258374820;0;0;0;62;0
219;10;1;23;10.5;2375;09:15:48.25;1;-21.04129;-11.02458;1;2.74;0;0;6;1;0;0;5;1;42;3;2258374825;0;0;0;62;0
170;10;1;25;10.1;4574;09:15:48.02;0;26.01359;37.62871;1;2.52;0;0;6;1;0;0;5;1;42;3;2258374802;0;0;0;62;0
56;10;1;27;10.3;3232;09:15:48.13;0;32.26503;1.99605;1;2.62;0;0;6;1;0;0;5;1;42;3;2258374813;0;0;0;62;0
131;10;1;31;10.1;4485;09:15:48.19;0;42.73086;13.65586;1;2.68;0;0;6;1;0;0;5;1;42;3;2258374819;0;0;0;62;0
67;10;1;32;10.4;2655;09:15:48.07;1;12.72929;-23.30281;1;2.56;0;0;6;1;0;0;5;1;42;3;2258374807;0;0;0;62;0
13;9;1;33;9.1;8773;09:15:47.95;0;-75.72799;-44.30874;1;2.44;0;0;6;1;0;0;5;1;42;3;2258374795;0;0;0;62;0
119;10;1;34;10.9;501;09:15:47.93;1;0.70243;-4.96063;1;2.43;0;0;6;1;0;0;5;1;42;3;2258374793;0;0;0;62;0
228;9;1;35;9.9;5292;09:15:47.82;0;41.49919;32.84172;1;2.31;0;0;6;1;0;0;5;1;42;3;2258374782;0;0;0;62;0
222;10;1;38;10.2;3832;09:15:47.81;0;37.80599;6.27824;1;2.30;0;0;6;1;0;0;5;1;42;3;2258374781;0;0;0;62;0
66;9;1;39;9.1;8847;09:15:48.04;0;62.72797;62.38984;1;2.53;0;0;6;1;0;0;5;1;42;3;2258374804;0;0;0;62;0
42;10;1;13;10.3;3657;09:15:48.34;0;36.48634;-2.55270;1;2.83;0;0;6;1;0;0;5;1;42;3;2258374834;0;0;0;62;0
73;10;1;14;10.3;3643;09:15:48.55;0;34.07485;-12.88875;1;3.4;0;0;6;1;0;0;5;1;42;3;2258374855;0;0;0;62;0
94;10;1;15;10.3;3343;09:15:47.95;0;-31.28380;-11.80810;1;2.44;0;0;6;1;0;0;5;1;42;3;2258374795;0;0;0;62;0
213;10;1;16;10.8;1010;09:15:48.36;1;-9.94517;-1.78388;1;2.85;0;0;6;1;0;0;5;1;42;3;2258374836;0;0;0;62;0
3;10;1;17;10.4;3031;09:15:48.25;0;-30.10947;-3.48555;1;2.74;0;0;6;1;0;0;5;1;42;3;2258374825;0;0;0;62;0
144;9;1;18;9.4;7287;09:15:48.32;0;18.01458;-70.61427;1;2.80;0;0;6;1;0;0;5;1;42;3;2258374832;0;0;0;62;0
207;10;1;19;10.3;3551;09:15:48.22;0;-18.04542;-30.58791;1;2.70;0;0;6;1;0;0;5;1;42;3;2258374822;0;0;0;62;0
85;9;1;24;9.9;5601;09:15:48.33;0;55.63278;6.51299;1;2.82;0;0;6;1;0;0;5;1;42;3;2258374833;0;0;0;62;0
27;9;1;26;9.7;6338;09:15:48.29;0;8.68831;62.78362;1;2.78;0;0;6;1;0;0;5;1;42;3;2258374829;0;0;0;62;0
103;10;1;28;10.4;2949;09:15:48.34;0;-28.21315;-8.59881;1;2.83;0;0;6;1;0;0;5;1;42;3;2258374834;0;0;0;62;0
79;10;1;30;10.6;1975;09:15:48.48;1;14.42794;-13.49567;1;2.97;0;0;6;1;0;0;5;1;42;3;2258374848;0;0;0;62;0
160;10;1;37;10.7;1084;09:15:48.37;1;-5.26747;9.48083;1;2.87;0;0;6;1;0;0;5;1;42;3;2258374837;0;0;0;62;0
156;10;1;40;10.0;4797;09:15:48.38;0;40.58092;-25.58265;1;2.87;0;0;6;1;0;0;5;1;42;3;2258374838;0;0;0;62;0
34;8;1;12;8.0;13239;09:15:48.55;0;-127.78379;34.65167;1;3.4;0;0;6;1;0;0;5;1;42;3;2258374855;0;0;0;62;0
94;9;1;15;9.6;6588;09:15:58.12;0;-49.07817;43.96277;1;2.50;0;0;6;1;0;0;5;1;43;3;2258375812;0;0;0;62;0
3;10;1;17;10.1;4464;09:15:58.14;0;17.28648;-41.16188;1;2.52;0;0;6;1;0;0;5;1;43;3;2258375814;0;0;0;62;0
230;10;1;20;10.4;2894;09:15:57.66;0;17.69147;-22.91516;1;2.4;0;0;6;1;0;0;5;1;43;3;2258375766;0;0;0;62;0
60;10;1;21;10.3;3437;09:15:58.24;0;-34.34879;-1.39776;1;2.64;0;0;6;1;0;0;5;1;43;3;2258375824;0;0;0;62;0
224;9;1;22;9.3;7896;09:15:58.08;0;59.31817;52.12921;1;2.47;0;0;6;1;0;0;5;1;43;3;2258375808;0;0;0;62;0
170;10;1;25;10.1;4495;09:15:58.16;0;13.01821;-43.02403;1;2.55;0;0;6;1;0;0;5;1;43;3;2258375816;0;0;0;62;0
27;10;1;26;10.3;3408;09:15:58.30;0;-15.28176;30.46635;1;2.69;0;0;6;1;0;0;5;1;43;3;2258375830;0;0;0;62;0
56;9;1;27;9.7;6364;09:15:57.93;0;-27.38890;-57.44502;1;2.32;0;0;6;1;0;0;5;1;43;3;2258375793;0;0;0;62;0
103;10;1;28;10.3;3572;09:15:58.11;0;-35.01994;-7.05971;1;2.50;0;0;6;1;0;0;5;1;43;3;2258375811;0;0;0;62;0
67;10;1;32;10.7;1219;09:15:58.20;1;9.66025;7.44983;1;2.59;0;0;6;1;0;0;5;1;43;3;2258375820;0;0;0;62;0
13;10;1;33;10.6;2033;09:15:57.87;1;-0.83183;-20.31655;1;2.26;0;0;6;1;0;0;5;1;43;3;2258375787;0;0;0;62;0
119;9;1;34;9.6;6497;09:15:57.93;0;-8.95738;64.35832;1;2.32;0;0;6;1;0;0;5;1;43;3;2258375793;0;0;0;62;0
228;9;1;35;9.2;8107;09:15:57.88;0;26.07408;76.76326;1;2.27;0;0;6;1;0;0;5;1;43;3;2258375788;0;0;0;62;0
222;10;1;38;10.1;4696;09:15:57.84;0;-4.34382;46.76570;1;2.23;0;0;6;1;0;0;5;1;43;3;2258375784;0;0;0;62;0
66;10;1;39;10.6;1753;09:15:57.95;1;12.66498;-12.12960;1;2.33;0;0;6;1;0;0;5;1;43;3;2258375795;0;0;0;62;0
156;10;1;40;10.3;3348;09:15:58.30;0;28.89899;-16.91932;1;2.69;0;0;6;1;0;0;5;1;43;3;2258375830;0;0;0;62;0
34;10;1;12;10.2;3877;09:15:58.33;0;-16.83377;34.92932;1;2.71;0;0;6;1;0;0;5;1;43;3;2258375833;0;0;0;62;0
42;10;1;13;10.1;4501;09:15:58.61;0;-13.68443;42.88021;1;2.99;0;0;6;1;0;0;5;1;43;3;2258375861;0;0;0;62;0
73;9;1;14;9.3;7784;09:15:58.51;0;29.80212;-71.90911;1;2.89;0;0;6;1;0;0;5;1;43;3;2258375851;0;0;0;62;0
213;10;1;16;10.6;1766;09:15:58.48;1;3.68912;-17.27418;1;2.86;0;0;6;1;0;0;5;1;43;3;2258375848;0;0;0;62;0
144;10;1;18;10.2;4096;09:15:58.27;0;29.79656;-28.11064;1;2.65;0;0;6;1;0;0;5;1;43;3;2258375827;0;0;0;62;0
207;10;1;19;10.2;4053;09:15:58.17;0;-18.82103;-35.89515;1;2.55;0;0;6;1;0;0;5;1;43;3;2258375817;0;0;0;62;0
219;9;1;23;9.4;7322;09:15:58.50;0;73.07719;4.59140;1;2.89;0;0;6;1;0;0;5;1;43;3;2258375850;0;0;0;62;0
79;10;1;30;10.5;2215;09:15:58.29;1;21.43205;5.61285;1;2.68;0;0;6;1;0;0;5;1;43;3;2258375829;0;0;0;62;0
131;8;1;31;8.8;10007;09:15:58.44;0;69.00842;72.47372;1;2.83;0;0;6;1;0;0;5;1;43;3;2258375844;0;0;0;62;0
160;10;1;37;10.0;4887;09:15:58.46;0;-27.43679;-40.44723;1;2.85;0;0;6;1;0;0;5;1;43;3;2258375846;0;0;0;62;0
85;10;1;24;10.7;1074;09:15:58.41;1;-3.72156;10.07620;1;2.80;0;0;6;1;0;0;5;1;43;3;2258375841;0;0;0;62;0
13;10;1;33;10.3;3224;09:16:08.04;0;-17.61767;-27.00946;1;2.33;0;0;6;1;0;1;5;1;44;3;2258376804;0;0;0;62;0
228;10;1;35;10.5;2330;09:16:08.06;1;-17.31311;15.59702;1;2.35;0;0;6;1;0;1;5;1;44;3;2258376806;0;0;0;62;0
222;10;1;38;10.3;3434;09:16:08.20;0;1.40784;-34.31939;1;2.49;0;0;6;1;0;1;5;1;44;3;2258376820;0;0;0;62;0
66;9;1;39;9.6;6727;09:16:08.20;0;44.94688;50.06098;1;2.48;0;0;6;1;0;1;5;1;44;3;2258376820;0;0;0;62;0
156;10;1;40;10.2;3761;09:16:08.40;0;-37.61018;-0.32770;1;2.69;0;0;6;1;0;1;5;1;44;3;2258376840;0;0;0;62;0
94;10;1;15;10.4;2966;09:16:08.18;0;-14.96804;25.60699;1;2.46;0;0;6;1;0;1;5;1;44;3;2258376818;0;0;0;62;0
3;10;1;17;10.1;4494;09:16:08.06;0;-44.42981;6.77557;1;2.34;0;0;6;1;0;1;5;1;44;3;2258376806;0;0;0;62;0
144;10;1;18;10.4;2750;09:16:08.44;1;-13.83936;-23.77059;1;2.72;0;0;6;1;0;1;5;1;44;3;2258376844;0;0;0;62;0
207;10;1;19;10.8;727;09:16:08.34;1;-3.93839;6.12099;1;2.62;0;0;6;1;0;1;5;1;44;3;2258376834;0;0;0;62;0
230;10;1;20;10.5;2414;09:16:07.86;1;-9.17580;22.33682;1;2.14;0;0;6;1;0;1;5;1;44;3;2258376786;0;0;0;62;0
60;9;1;21;9.7;6118;09:16:08.23;0;-60.37671;-9.91027;1;2.52;0;0;6;1;0;1;5;1;44;3;2258376823;0;0;0;62;0
224;10;1;22;10.0;5269;09:16:08.12;0;-37.34567;-37.17821;1;2.41;0;0;6;1;0;1;5;1;44;3;2258376812;0;0;0;62;0
85;9;1;24;9.8;5834;09:16:08.48;0;23.94492;-53.20700;1;2.77;0;0;6;1;0;1;5;1;44;3;2258376848;0;0;0;62;0
170;10;1;25;10.6;1619;09:16:08.08;1;14.47490;7.26623;1;2.37;0;0;6;1;0;1;5;1;44;3;2258376808;0;0;0;62;0
27;9;1;26;9.6;6667;09:16:08.60;0;-50.19093;-43.89162;1;2.88;0;0;6;1;0;1;5;1;44;3;2258376860;0;0;0;62;0
56;8;1;27;8.9;9372;09:16:08.14;0;52.40576;-77.69994;1;2.43;0;0;6;1;0;1;5;1;44;3;2258376814;0;0;0;62;0
103;9;1;28;9.1;8842;09:16:08.74;0;86.46034;18.53294;1;3.3;0;0;6;1;0;1;5;1;44;3;2258376874;0;0;0;62;0
79;10;1;30;10.5;2618;09:16:08.73;1;-24.51322;-9.20510;1;3.2;0;0;6;1;0;1;5;1;44;3;2258376873;0;0;0;62;0
131;10;1;31;10.1;4485;09:16:08.46;0;42.98735;-12.79290;1;2.74;0;0;6;1;0;1;5;1;44;3;2258376846;0;0;0;62;0
67;9;1;32;9.4;7501;09:16:08.54;0;68.17656;31.29078;1;2.83;0;0;6;1;0;1;5;1;44;3;2258376854;0;0;0;62;0
119;10;1;34;10.8;1011;09:16:08.33;1;-9.72383;-2.77811;1;2.62;0;0;6;1;0;1;5;1;44;3;2258376833;0;0;0;62;0
160;10;1;37;10.0;4847;09:16:08.54;0;11.38981;-47.11762;1;2.83;0;0;6;1;0;1;5;1;44;3;2258376854;0;0;0;62;0
34;10;1;12;10.6;1825;09:16:08.61;1;-17.61761;-4.78539;1;2.89;0;0;6;1;0;1;5;1;44;3;2258376861;0;0;0;62;0
42;9;1;13;9.8;6000;09:16:08.65;0;56.53860;-20.09754;1;2.93;0;0;6;1;0;1;5;1;44;3;2258376865;0;0;0;62;0
73;10;1;14;10.2;4046;09:16:08.83;0;4.27999;-40.24135;1;0.2;0;0;6;1;0;1;5;1;44;3;2258376883;0;0;0;62;0
213;10;1;16;10.3;3652;09:16:08.51;0;1.92515;36.47741;1;2.79;0;0;6;1;0;1;5;1;44;3;2258376851;0;0;0;62;0
219;10;1;23;10.6;1588;09:16:08.66;1;15.05782;-5.05746;1;2.95;0;0;6;1;0;1;5;1;44;3;2258376866;0;0;0;62;0
230;10;1;20;10.4;3017;09:18:46.22;0;-26.54125;-14.35271;1;2.31;0;0;6;1;0;0;6;1;47;3;2258392622;0;0;0;62;0
170;10;1;25;10.3;3529;09:18:46.45;0;-35.20294;2.52110;1;2.55;0;0;6;1;0;0;6;1;47;3;2258392645;0;0;0;62;0
131;10;1;31;10.2;4208;09:18:46.65;0;-15.62686;39.07249;1;2.75;0;0;6;1;0;0;6;1;47;3;2258392665;0;0;0;62;0
13;9;1;33;9.6;6771;09:18:46.27;0;67.59588;3.96408;1;2.38;0;0;6;1;0;0;6;1;47;3;2258392627;0;0;0;62;0
119;10;1;34;10.0;5263;09:18:46.38;0;-5.57420;52.33551;1;2.48;0;0;6;1;0;0;6;1;47;3;2258392638;0;0;0;62;0
228;9;1;35;9.4;7677;09:18:46.46;0;74.99257;-16.45841;1;2.56;0;0;6;1;0;0;6;1;47;3;2258392646;0;0;0;62;0
160;9;1;37;9.5;7205;09:18:46.61;0;44.68240;-56.53157;1;2.71;0;0;6;1;0;0;6;1;47;3;2258392661;0;0;0;62;0
222;10;1;38;10.0;4799;09:18:46.40;0;14.07167;-45.88098;1;2.50;0;0;6;1;0;0;6;1;47;3;2258392640;0;0;0;62;0
66;9;1;39;9.8;5821;09:18:46.64;0;-19.76389;54.75370;1;2.74;0;0;6;1;0;0;6;1;47;3;2258392664;0;0;0;62;0
94;9;1;15;9.8;5773;09:18:46.57;0;24.54025;52.25655;1;2.66;0;0;6;1;0;0;6;1;47;3;2258392657;0;0;0;62;0
3;10;1;17;10.3;3298;09:18:46.33;0;26.96853;-18.99646;1;2.42;0;0;6;1;0;0;6;1;47;3;2258392633;0;0;0;62;0
144;9;1;18;9.8;5866;09:18:46.61;0;17.71975;55.92059;1;2.71;0;0;6;1;0;0;6;1;47;3;2258392661;0;0;0;62;0
207;8;1;19;8.6;10766;09:18:46.57;0;80.22653;-71.79418;1;2.67;0;0;6;1;0;0;6;1;47;3;2258392657;0;0;0;62;0
60;9;1;21;9.1;8851;09:18:46.57;0;-88.50671;1.08236;1;2.67;0;0;6;1;0;0;6;1;47;3;2258392657;0;0;0;62;0
224;10;1;22;10.1;4365;09:18:46.66;0;-24.39033;36.20911;1;2.76;0;0;6;1;0;0;6;1;47;3;2258392666;0;0;0;62;0
27;10;1;26;10.8;784;09:18:46.63;1;-6.37016;-4.57074;1;2.73;0;0;6;1;0;0;6;1;47;3;2258392663;0;0;0;62;0
156;10;1;40;10.3;3670;09:18:46.74;0;8.19758;-35.77277;1;2.84;0;0;6;1;0;0;6;1;47;3;2258392674;0;0;0;62;0
34;9;1;12;9.6;6609;09:18:47.06;0;-22.09209;-62.29833;1;0.6;0;0;6;1;0;0;6;1;47;3;2258392706;0;0;0;62;0
42;10;1;13;10.2;3863;09:18:46.71;0;31.45965;-22.42892;1;2.80;0;0;6;1;0;0;6;1;47;3;2258392671;0;0;0;62;0
73;10;1;14;10.5;2125;09:18:46.92;1;-20.88165;3.95108;1;3.1;0;0;6;1;0;0;6;1;47;3;2258392692;0;0;0;62;0
213;10;1;16;10.8;568;09:18:46.89;1;1.81062;-5.38758;1;2.98;0;0;6;1;0;0;6;1;47;3;2258392689;0;0;0;62;0
219;10;1;23;10.5;2541;09:18:46.91;1;-25.41243;-0.41647;1;3.1;0;0;6;1;0;0;6;1;47;3;2258392691;0;0;0;62;0
85;10;1;24;10.1;4302;09:18:46.66;0;38.84342;-18.50461;1;2.76;0;0;6;1;0;0;6;1;47;3;2258392666;0;0;0;62;0
56;9;1;27;9.9;5539;09:18:46.33;0;-30.63622;46.15457;1;2.43;0;0;6;1;0;0;6;1;47;3;2258392633;0;0;0;62;0
103;10;1;28;10.5;2302;09:18:46.87;1;14.69867;-17.72497;1;2.98;0;0;6;1;0;0;6;1;47;3;2258392687;0;0;0;62;0
79;8;1;30;8.8;9869;09:18:46.79;0;23.30290;95.90227;1;2.89;0;0;6;1;0;0;6;1;47;3;2258392679;0;0;0;62;0
67;10;1;32;10.0;4930;09:18:46.70;0;38.85410;-30.35039;1;2.81;0;0;6;1;0;0;6;1;47;3;2258392670;0;0;0;62;0
222;10;1;38;10.4;3058;09:18:56.22;0;0.43156;30.58213;1;2.23;0;0;6;1;0;0;6;1;48;3;2258393622;0;0;0;62;0
156;10;1;40;10.3;3488;09:18:56.69;0;28.71968;-19.79523;1;2.71;0;0;6;1;0;0;6;1;48;3;2258393669;0;0;0;62;0
94;10;1;15;10.0;5176;09:18:56.49;0;49.10897;-16.35831;1;2.50;0;0;6;1;0;0;6;1;48;3;2258393649;0;0;0;62;0
230;10;1;20;10.6;2028;09:18:56.36;1;11.70144;16.57134;1;2.37;0;0;6;1;0;0;6;1;48;3;2258393636;0;0;0;62;0
60;10;1;21;10.0;5256;09:18:56.51;0;50.43431;14.81346;1;2.52;0;0;6;1;0;0;6;1;48;3;2258393651;0;0;0;62;0
224;9;1;22;9.7;6118;09:18:56.60;0;6.90802;-60.79134;1;2.61;0;0;6;1;0;0;6;1;48;3;2258393660;0;0;0;62;0
219;9;1;23;9.7;6091;09:18:56.69;0;-58.18283;18.03566;1;2.70;0;0;6;1;0;0;6;1;48;3;2258393669;0;0;0;62;0
170;10;1;25;10.5;2287;09:18:56.57;1;-21.41514;-8.03818;1;2.59;0;0;6;1;0;0;6;1;48;3;2258393657;0;0;0;62;0
56;9;1;27;9.9;5634;09:18:56.60;0;28.54820;48.57857;1;2.62;0;0;6;1;0;0;6;1;48;3;2258393660;0;0;0;62;0
131;10;1;31;10.2;4073;09:18:56.73;0;-2.00532;40.68951;1;2.74;0;0;6;1;0;0;6;1;48;3;2258393673;0;0;0;62;0
67;10;1;32;10.1;4668;09:18:56.65;0;-34.18792;31.78776;1;2.67;0;0;6;1;0;0;6;1;48;3;2258393665;0;0;0;62;0
13;10;1;33;10.5;2351;09:18:56.51;1;19.95217;12.45107;1;2.52;0;0;6;1;0;0;6;1;48;3;2258393651;0;0;0;62;0
119;10;1;34;10.8;811;09:18:56.34;1;-1.21871;-8.02349;1;2.36;0;0;6;1;0;0;6;1;48;3;2258393634;0;0;0;62;0
228;10;1;35;10.5;2508;09:18:56.44;1;-24.73248;4.16146;1;2.46;0;0;6;1;0;0;6;1;48;3;2258393644;0;0;0;62;0
160;10;1;37;10.2;3710;09:18:56.66;0;-17.89582;32.50818;1;2.67;0;0;6;1;0;0;6;1;48;3;2258393666;0;0;0;62;0
66;9;1;39;9.1;8506;09:18:56.71;0;18.71305;-82.98372;1;2.72;0;0;6;1;0;0;6;1;48;3;2258393671;0;0;0;62;0
34;10;1;12;10.4;3137;09:18:56.97;0;-29.72496;10.05469;1;2.97;0;0;6;1;0;0;6;1;48;3;2258393697;0;0;0;62;0
42;10;1;13;10.3;3216;09:18:57.24;0;21.51639;23.90532;1;0.14;0;0;6;1;0;0;6;1;48;3;2258393724;0;0;0;62;0
73;10;1;14;10.8;1008;09:18:57.08;1;9.45660;-3.51005;1;3.9;0;0;6;1;0;0;6;1;48;3;2258393708;0;0;0;62;0
213;9;1;16;9.0;9247;09:18:56.89;0;-34.09771;-85.95855;1;2.90;0;0;6;1;0;0;6;1;48;3;2258393689;0;0;0;62;0
3;10;1;17;10.5;2116;09:18:56.72;1;21.02590;2.42974;1;2.73;0;0;6;1;0;0;6;1;48;3;2258393672;0;0;0;62;0
144;10;1;18;10.0;5149;09:18:56.88;0;-2.05863;51.45489;1;2.88;0;0;6;1;0;0;6;1;48;3;2258393688;0;0;0;62;0
207;9;1;19;9.2;8219;09:18:56.84;0;34.34159;-74.67369;1;2.84;0;0;6;1;0;0;6;1;48;3;2258393684;0;0;0;62;0
85;10;1;24;10.1;4268;09:18:56.80;0;42.07912;7.16194;1;2.81;0;0;6;1;0;0;6;1;48;3;2258393680;0;0;0;62;0
27;10;1;26;10.4;2924;09:18:56.71;0;-29.20565;1.45535;1;2.72;0;0;6;1;0;0;6;1;48;3;2258393671;0;0;0;62;0
103;9;1;28;9.2;8351;09:18:56.95;0;-77.36338;-31.46394;1;2.97;0;0;6;1;0;0;6;1;48;3;2258393695;0;0;0;62;0
79;10;1;30;10.0;4902;09:18:56.76;0;15.67726;46.44864;1;2.77;0;0;6;1;0;0;6;1;48;3;2258393676;0;0;0;62;0
228;10;1;35;10.7;1422;09:19:06.35;1;-1.44633;-14.14927;1;2.26;0;0;6;1;0;0;6;1;49;3;2258394635;0;0;0;62;0
222;10;1;38;10.2;3786;09:19:06.53;0;-36.23129;10.98986;1;2.44;0;0;6;1;0;0;6;1;49;3;2258394653;0;0;0;62;0
94;10;1;15;10.6;1611;09:19:06.50;1;-15.61555;-3.97223;1;2.41;0;0;6;1;0;0;6;1;49;3;2258394650;0;0;0;62;0
144;10;1;18;10.3;3676;09:19:06.83;0;35.55764;9.33067;1;2.73;0;0;6;1;0;0;6;1;49;3;2258394683;0;0;0;62;0
207;8;1;19;8.7;10422;09:19:06.67;0;101.68432;-22.86548;1;2.57;0;0;6;1;0;0;6;1;49;3;2258394667;0;0;0;62;0
230;10;1;20;10.6;2033;09:19:06.42;1;19.81909;-4.56239;1;2.33;0;0;6;1;0;0;6;1;49;3;2258394642;0;0;0;62;0
60;10;1;21;10.0;5193;09:19:06.74;0;28.62468;-43.33138;1;2.65;0;0;6;1;0;0;6;1;49;3;2258394674;0;0;0;62;0
224;10;1;22;10.1;4562;09:19:06.74;0;-45.55686;2.50842;1;2.65;0;0;6;1;0;0;6;1;49;3;2258394674;0;0;0;62;0
170;10;1;25;10.2;4027;09:19:06.60;0;12.18534;38.38743;1;2.52;0;0;6;1;0;0;6;1;49;3;2258394660;0;0;0;62;0
56;9;1;27;9.2;8429;09:19:06.53;0;-3.90553;-84.20229;1;2.44;0;0;6;1;0;0;6;1;49;3;2258394653;0;0;0;62;0
103;9;1;28;9.4;7534;09:19:07.21;0;-67.45289;-33.56092;1;0.2;0;0;6;1;0;0;6;1;49;3;2258394721;0;0;0;62;0
131;9;1;31;9.9;5648;09:19:06.75;0;50.96943;24.34142;1;2.66;0;0;6;1;0;0;6;1;49;3;2258394675;0;0;0;62;0
67;8;1;32;8.7;10231;09:19:06.69;0;-86.06339;-55.33712;1;2.60;0;0;6;1;0;0;6;1;49;3;2258394669;0;0;0;62;0
13;9;1;33;9.8;6077;09:19:06.32;0;-60.74328;-1.88196;1;2.23;0;0;6;1;0;0;6;1;49;3;2258394632;0;0;0;62;0
119;10;1;34;10.1;4441;09:19:06.48;0;-7.61660;-43.76126;1;2.40;0;0;6;1;0;0;6;1;49;3;2258394648;0;0;0;62;0
160;10;1;37;10.5;2284;09:19:06.87;1;22.68090;-2.73238;1;2.78;0;0;6;1;0;0;6;1;49;3;2258394687;0;0;0;62;0
66;10;1;39;10.7;1566;09:19:06.69;1;2.77252;15.41916;1;2.60;0;0;6;1;0;0;6;1;49;3;2258394669;0;0;0;62;0
156;9;1;40;9.8;6050;09:19:06.80;0;22.83317;-56.02755;1;2.71;0;0;6;1;0;0;6;1;49;3;2258394680;0;0;0;62;0
34;10;1;12;10.2;3889;09:19:06.89;0;-35.19819;-16.56136;1;2.79;0;0;6;1;0;0;6;1;49;3;2258394689;0;0;0;62;0
42;10;1;13;10.6;1968;09:19:06.97;1;-19.39515;-3.37060;1;2.87;0;0;6;1;0;0;6;1;49;3;2258394697;0;0;0;62;0
73;10;1;14;10.1;4705;09:19:07.10;0;24.93436;-39.90879;1;3.1;0;0;6;1;0;0;6;1;49;3;2258394710;0;0;0;62;0
213;10;1;16;10.0;4766;09:19:06.99;0;-29.69964;37.27498;1;2.90;0;0;6;1;0;0;6;1;49;3;2258394699;0;0;0;62;0
3;10;1;17;10.2;3815;09:19:06.92;0;16.03855;-34.61711;1;2.83;0;0;6;1;0;0;6;1;49;3;2258394692;0;0;0;62;0
219;10;1;23;10.0;4904;09:19:06.84;0;-46.69730;-14.98276;1;2.75;0;0;6;1;0;0;6;1;49;3;2258394684;0;0;0;62;0
85;10;1;24;10.6;1699;09:19:06.88;1;-16.29045;-4.84016;1;2.79;0;0;6;1;0;0;6;1;49;3;2258394688;0;0;0;62;0
27;10;1;26;10.8;1002;09:19:06.85;1;-8.98675;4.43731;1;2.76;0;0;6;1;0;0;6;1;49;3;2258394685;0;0;0;62;0
79;9;1;30;9.7;6210;09:19:07.01;0;40.88510;46.75139;1;2.92;0;0;6;1;0;0;6;1;49;3;2258394701;0;0;0;62;0
13;10;1;33;10.6;1809;09:19:16.54;1;-11.53151;13.94688;1;2.35;0;0;6;1;0;0;6;1;50;3;2258395654;0;0;0;62;0
228;10;1;35;10.0;4884;09:19:16.43;0;-33.48831;35.55789;1;2.24;0;0;6;1;0;0;6;1;50;3;2258395643;0;0;0;62;0
222;10;1;38;10.5;2611;09:19:16.46;1;26.10376;-0.90687;1;2.26;0;0;6;1;0;0;6;1;50;3;2258395646;0;0;0;62;0
66;10;1;39;10.5;2636;09:19:16.62;1;20.19433;-16.95093;1;2.43;0;0;6;1;0;0;6;1;50;3;2258395662;0;0;0;62;0
156;9;1;40;9.9;5431;09:19:16.76;0;-14.44936;-52.35928;1;2.57;0;0;6;1;0;0;6;1;50;3;2258395676;0;0;0;62;0
42;10;1;13;10.5;2613;09:19:17.37;1;3.52377;-25.90113;1;0.6;0;0;6;1;0;0;6;1;50;3;2258395737;0;0;0;62;0
94;10;1;15;10.5;2350;09:19:16.59;1;-21.32822;-9.87692;1;2.39;0;0;6;1;0;0;6;1;50;3;2258395659;0;0;0;62;0
3;10;1;17;10.2;3875;09:19:16.80;0;18.85611;-33.85918;1;2.61;0;0;6;1;0;0;6;1;50;3;2258395680;0;0;0;62;0
144;10;1;18;10.6;1694;09:19:16.88;1;13.79127;9.85087;1;2.68;0;0;6;1;0;0;6;1;50;3;2258395688;0;0;0;62;0
207;9;1;19;9.3;7901;09:19:16.82;0;-49.21827;-61.81688;1;2.62;0;0;6;1;0;0;6;1;50;3;2258395682;0;0;0;62;0
230;10;1;20;10.8;683;09:19:16.26;1;6.70434;-1.33872;1;2.6;0;0;6;1;0;0;6;1;50;3;2258395626;0;0;0;62;0
60;10;1;21;10.4;2683;09:19:16.90;1;10.97714;-24.48834;1;2.71;0;0;6;1;0;0;6;1;50;3;2258395690;0;0;0;62;0
170;9;1;25;9.9;5301;09:19:16.72;0;-11.77204;-51.69550;1;2.53;0;0;6;1;0;0;6;1;50;3;2258395672;0;0;0;62;0
27;10;1;26;10.1;4252;09:19:16.73;0;42.15853;-5.58401;1;2.54;0;0;6;1;0;0;6;1;50;3;2258395673;0;0;0;62;0
56;9;1;27;9.2;8368;09:19:16.72;0;-21.70175;-80.82151;1;2.53;0;0;6;1;0;0;6;1;50;3;2258395672;0;0;0;62;0
103;10;1;28;10.6;2063;09:19:16.96;1;19.14091;-7.69638;1;2.77;0;0;6;1;0;0;6;1;50;3;2258395696;0;0;0;62;0
79;9;1;30;9.6;6815;09:19:16.94;0;61.64445;29.06282;1;2.74;0;0;6;1;0;0;6;1;50;3;2258395694;0;0;0;62;0
131;10;1;31;10.2;3704;09:19:17.10;0;3.56330;36.86855;1;2.91;0;0;6;1;0;0;6;1;50;3;2258395710;0;0;0;62;0
67;9;1;32;9.8;6041;09:19:16.60;0;32.42093;-50.97860;1;2.41;0;0;6;1;0;0;6;1;50;3;2258395660;0;0;0;62;0
119;10;1;34;10.7;1160;09:19:16.64;1;10.73238;-4.42165;1;2.46;0;0;6;1;0;0;6;1;50;3;2258395664;0;0;0;62;0
160;10;1;37;10.8;1010;09:19:16.89;1;-5.93095;-8.18620;1;2.69;0;0;6;1;0;0;6;1;50;3;2258395689;0;0;0;62;0
34;9;1;12;9.8;5903;09:19:17.07;0;-43.72088;-39.66677;1;2.87;0;0;6;1;0;0;6;1;50;3;2258395707;0;0;0;62;0
73;10;1;14;10.6;1769;09:19:17.25;1;-17.69104;0.28061;1;3.6;0;0;6;1;0;0;6;1;50;3;2258395725;0;0;0;62;0
213;10;1;16;10.7;1085;09:19:17.05;1;10.56500;-2.51329;1;2.85;0;0;6;1;0;0;6;1;50;3;2258395705;0;0;0;62;0
224;10;1;22;10.1;4585;09:19:16.95;0;13.33611;-43.87446;1;2.76;0;0;6;1;0;0;6;1;50;3;2258395695;0;0;0;62;0
219;10;1;23;10.6;2030;09:19:16.99;1;-16.04040;-12.44682;1;2.80;0;0;6;1;0;0;6;1;50;3;2258395699;0;0;0;62;0
85;9;1;24;9.4;7513;09:19:17.09;0;73.39468;16.08152;1;2.90;0;0;6;1;0;0;6;1;50;3;2258395709;0;0;0;62;0
230;9;1;20;9.4;7677;09:19:26.47;0;-71.33444;28.39257;1;2.17;0;0;6;1;0;7;6;1;51;3;2258396647;0;0;0;62;0
60;9;1;21;9.8;5778;09:19:26.78;0;-20.68792;-53.95563;1;2.48;0;0;6;1;0;7;6;1;51;3;2258396678;0;0;0;62;0
224;9;1;22;9.4;7631;09:19:26.93;0;-75.74278;-9.34004;1;2.64;0;0;6;1;0;7;6;1;51;3;2258396693;0;0;0;62;0
170;10;1;25;10.1;4367;09:19:26.85;0;34.70545;26.51347;1;2.56;0;0;6;1;0;7;6;1;51;3;2258396685;0;0;0;62;0
56;9;1;27;9.9;5331;09:19:26.75;0;-7.05584;52.84677;1;2.46;0;0;6;1;0;7;6;1;51;3;2258396675;0;0;0;62;0
67;9;1;32;9.5;7031;09:19:26.74;0;63.95394;29.21549;1;2.45;0;0;6;1;0;7;6;1;51;3;2258396674;0;0;0;62;0
13;9;1;33;9.8;5858;09:19:26.61;0;31.50999;49.38650;1;2.32;0;0;6;1;0;7;6;1;51;3;2258396661;0;0;0;62;0
119;9;1;34;9.5;6913;09:19:26.68;0;-17.93692;-66.77039;1;2.39;0;0;6;1;0;7;6;1;51;3;2258396668;0;0;0;62;0
228;9;1;35;9.7;6318;09:19:26.52;0;-35.01995;-52.59380;1;2.23;0;0;6;1;0;7;6;1;51;3;2258396652;0;0;0;62;0
222;9;1;38;9.7;6227;09:19:26.59;0;54.91141;-29.38552;1;2.29;0;0;6;1;0;7;6;1;51;3;2258396659;0;0;0;62;0
66;9;1;39;9.0;8934;09:19:26.81;0;48.08984;-75.30160;1;2.51;0;0;6;1;0;7;6;1;51;3;2258396681;0;0;0;62;0
156;10;1;40;10.4;2912;09:19:26.92;0;16.78761;-23.79592;1;2.63;0;0;6;1;0;7;6;1;51;3;2258396692;0;0;0;62;0
73;10;1;14;10.1;4501;09:19:27.51;0;25.53649;37.06551;1;0.12;0;0;6;1;0;7;6;1;51;3;2258396751;0;0;0;62;0
94;9;1;15;9.8;5703;09:19:26.67;0;-34.43445;-45.47209;1;2.37;0;0;6;1;0;7;6;1;51;3;2258396667;0;0;0;62;0
213;10;1;16;10.5;2291;09:19:27.29;1;21.41352;8.14689;1;2.99;0;0;6;1;0;7;6;1;51;3;2258396729;0;0;0;62;0
3;10;1;17;10.2;3877;09:19:26.60;0;-23.65923;-30.71616;1;2.30;0;0;6;1;0;7;6;1;51;3;2258396660;0;0;0;62;0
144;9;1;18;9.9;5424;09:19:27.20;0;-52.85677;12.18203;1;2.90;0;0;6;1;0;7;6;1;51;3;2258396720;0;0;0;62;0
207;9;1;19;9.8;5974;09:19:26.88;0;-48.25214;-35.22253;1;2.58;0;0;6;1;0;7;6;1;51;3;2258396688;0;0;0;62;0
219;10;1;23;10.3;3497;09:19:27.00;0;27.15928;22.04406;1;2.71;0;0;6;1;0;7;6;1;51;3;2258396700;0;0;0;62;0
85;8;1;24;8.7;10321;09:19:27.13;0;97.95491;-32.54513;1;2.84;0;0;6;1;0;7;6;1;51;3;2258396713;0;0;0;62;0
27;10;1;26;10.0;4899;09:19:27.18;0;-21.97866;43.78986;1;2.89;0;0;6;1;0;7;6;1;51;3;2258396718;0;0;0;62;0
103;9;1;28;9.8;5978;09:19:27.19;0;20.71802;56.07539;1;2.90;0;0;6;1;0;7;6;1;51;3;2258396719;0;0;0;62;0
79;10;1;30;10.5;2533;09:19:27.16;1;-19.63921;-16.00528;1;2.86;0;0;6;1;0;7;6;1;51;3;2258396716;0;0;0;62;0
131;9;1;31;9.9;5658;09:19:27.13;0;52.73046;20.51704;1;2.84;0;0;6;1;0;7;6;1;51;3;2258396713;0;0;0;62;0
160;10;1;37;10.2;4040;09:19:26.97;0;-37.18377;-15.81483;1;2.67;0;0;6;1;0;7;6;1;51;3;2258396697;0;0;0;62;0
34;10;1;12;10.1;4567;09:19:27.36;0;22.74840;39.60452;1;3.5;0;0;6;1;0;7;6;1;51;3;2258396736;0;0;0;62;0
42;10;1;13;10.0;5105;09:19:27.49;0;-17.43294;-47.98815;1;0.9;0;0;6;1;0;7;6;1;51;3;2258396749;0;0;0;62;0
