2053;8;0;20;8.5;6369;14:41:24.75;0;-52.59502;-35.93351;1;3.10;0;0;28;0;0;0;0;0;5;3;2268968475;0;0;0;63;0
1776;8;0;27;8.1;7478;14:41:27.19;0;73.42939;14.16631;1;5.54;0;0;28;0;0;0;0;0;5;3;2268968719;0;0;0;63;0
1510;9;0;16;9.5;3984;14:41:28.12;0;-30.69861;-25.39713;1;6.47;0;0;28;0;0;0;0;0;5;3;2268968812;0;0;0;63;0
2080;8;0;19;8.5;6282;14:41:28.69;0;57.60062;-25.07060;1;7.4;0;0;28;0;0;0;0;0;5;3;2268968869;0;0;0;63;0
1794;7;0;25;7.9;7968;14:41:28.44;0;-3.39941;-79.61196;1;6.79;0;0;28;0;0;0;0;0;5;3;2268968844;0;0;0;63;0
2094;10;0;24;10.8;386;14:41:28.91;1;-2.02727;3.28946;1;7.27;0;0;28;0;0;0;0;0;5;3;2268968891;0;0;0;63;0
1550;10;0;30;10.4;1562;14:41:30.67;0;-15.55547;-1.42152;1;9.3;0;0;28;0;0;0;0;0;5;3;2268969067;0;0;0;63;0
1929;9;0;22;9.0;5059;14:41:34.77;0;-2.21821;-50.54808;1;13.12;0;0;28;0;0;0;0;0;5;3;2268969477;0;0;0;63;0
2069;9;0;21;9.7;3528;14:41:35.38;0;35.14460;-3.11652;1;13.73;0;0;28;0;0;0;0;0;5;3;2268969538;0;0;0;63;0
2053;8;0;20;8.8;5570;14:41:50.14;0;-45.26253;-32.47468;1;28.49;0;0;28;0;0;0;0;0;6;3;2268971014;0;0;0;63;0
1929;8;0;22;8.8;5721;14:41:52.65;0;-29.14768;-49.23237;1;31.0;0;0;28;0;0;0;0;0;6;3;2268971265;0;0;0;63;0
1550;9;0;30;9.6;3531;14:41:55.01;0;34.98334;-4.85693;1;33.37;0;0;28;0;0;0;0;0;6;3;2268971501;0;0;0;63;0
1510;8;0;16;8.4;6689;14:41:57.48;0;29.38761;-60.09522;1;35.83;0;0;28;0;0;0;0;0;6;3;2268971748;0;0;0;63;0
1794;10;0;25;10.6;1039;14:41:59.95;1;-7.56992;-7.13047;1;38.30;0;0;28;0;0;0;0;0;6;3;2268971995;0;0;0;63;0
2094;10;0;24;10.7;775;14:42:01.78;1;-7.75256;-0.16063;1;40.14;0;0;28;0;0;0;0;0;6;3;2268972178;0;0;0;63;0
2080;10;0;19;10.6;1102;14:42:02.37;1;-6.66940;-8.78071;1;40.72;0;0;28;0;0;0;0;0;6;3;2268972237;0;0;0;63;0
2080;10;0;19;10.1;2317;14:42:04.56;0;10.18416;20.81314;1;42.91;0;0;28;0;0;0;0;0;7;3;2268972456;0;0;0;63;0
1776;7;0;27;7.8;8155;14:42:07.78;0;63.60920;51.03236;1;46.13;0;0;28;0;0;0;0;0;6;3;2268972778;0;0;0;63;0
2069;9;0;21;9.4;4182;14:42:12.49;0;30.00765;-29.14045;1;50.84;0;0;28;0;0;0;0;0;6;3;2268973249;0;0;0;63;0
1794;10;0;25;10.6;1083;14:42:18.14;1;9.18012;-5.75167;1;56.49;0;0;28;0;0;0;0;0;7;3;2268973814;0;0;0;63;0
2053;10;0;20;10.2;2021;14:42:19.75;0;8.04896;-18.53975;1;58.10;0;0;28;0;0;0;0;0;7;3;2268973975;0;0;0;63;0
1929;9;0;22;9.5;3835;14:42:19.30;0;25.53070;-28.62355;1;57.65;0;0;28;0;0;0;0;0;7;3;2268973930;0;0;0;63;0
1191;8;0;17;8.9;5514;14:42:22.02;0;-55.00011;3.97030;1;60.37;0;0;28;0;0;0;0;0;5;3;2268974202;0;0;0;63;0
1191;9;0;17;9.8;3207;14:42:23.95;0;-11.10270;-30.09551;1;62.30;0;0;28;0;0;0;0;0;6;3;2268974395;0;0;0;63;0
2080;10;0;19;10.2;1974;14:42:26.85;0;12.38836;-15.37055;1;65.20;0;0;28;0;0;0;0;0;8;3;2268974685;0;0;0;63;0
1550;10;0;30;10.3;1880;14:42:26.43;0;17.24471;-7.49718;1;64.79;0;0;28;0;0;0;0;0;7;3;2268974643;0;0;0;63;0
1191;9;0;17;9.1;4951;14:42:25.45;0;-44.64562;-21.40551;1;63.80;0;0;28;0;0;0;0;0;7;3;2268974545;0;0;0;63;0
1510;10;0;16;10.5;1345;14:42:28.24;1;-12.00272;-6.07985;1;66.59;0;0;28;0;0;0;0;0;7;3;2268974824;0;0;0;63;0
2094;10;0;24;10.0;2657;14:42:30.24;0;12.42671;-23.48646;1;68.60;0;0;28;0;0;0;0;0;7;3;2268975024;0;0;0;63;0
2069;9;0;21;9.8;3185;14:42:33.17;0;19.35699;-25.30010;1;71.52;0;0;28;0;0;0;0;0;7;3;2268975317;0;0;0;63;0
1929;9;0;22;9.3;4527;14:42:38.15;0;-1.06962;-45.25744;1;76.50;0;0;28;0;0;0;0;0;8;3;2268975815;0;0;0;63;0
1794;10;0;25;10.4;1620;14:42:42.04;0;-15.80594;3.55580;1;80.39;0;0;28;0;0;0;0;0;8;3;2268976204;0;0;0;63;0
2053;9;0;20;9.0;5113;14:42:48.73;0;7.44325;-50.58916;1;87.8;0;0;28;0;0;0;0;0;8;3;2268976873;0;0;0;63;0
1776;7;0;27;7.2;9532;14:42:50.65;0;-21.39101;92.89581;1;89.0;0;0;28;0;0;0;0;0;7;3;2268977065;0;0;0;63;0
2080;10;0;19;10.0;2648;14:42:51.91;0;-8.85384;-24.96556;1;90.26;0;0;28;0;0;1;0;0;9;3;2268977191;0;0;0;63;0
1510;8;0;16;8.9;5416;14:42:52.38;0;33.83946;-42.29433;1;90.73;0;0;28;0;0;0;0;0;8;3;2268977238;0;0;0;63;0
1191;10;0;17;10.4;1552;14:42:55.27;0;10.77568;-11.17194;1;93.62;0;0;28;0;0;0;0;0;8;3;2268977527;0;0;0;63;0
1550;10;0;30;10.3;1819;14:42:56.05;0;-8.12219;16.28597;1;94.41;0;0;28;0;0;0;0;0;8;3;2268977605;0;0;0;63;0
1191;10;0;17;10.5;1224;14:42:58.19;1;-2.52451;-11.97736;1;96.54;0;0;28;0;0;1;0;0;9;3;2268977819;0;0;0;63;0
2094;10;0;24;10.2;2138;14:42:58.20;0;-14.76996;15.45934;1;96.56;0;0;28;0;0;0;0;0;8;3;2268977820;0;0;0;63;0
1929;9;0;22;9.8;3064;14:43:00.65;0;27.19347;-14.12362;1;99.0;0;0;28;0;0;1;0;0;9;3;2268978065;0;0;0;63;0
1794;10;0;25;10.2;2106;14:43:01.16;0;-20.93426;-2.38308;1;99.51;0;0;28;0;0;1;0;0;9;3;2268978116;0;0;0;63;0
2069;10;0;21;10.0;2611;14:43:04.52;0;6.24294;-25.36264;1;102.87;0;0;28;0;0;0;0;0;8;3;2268978452;0;0;0;63;0
2069;10;0;21;10.2;2104;14:43:08.36;0;11.89521;-17.35637;1;106.71;0;0;28;0;0;1;0;0;9;3;2268978836;0;0;0;63;0
2053;9;0;20;9.6;3767;14:43:09.85;0;-16.63181;-33.79996;1;108.20;0;0;28;0;0;1;0;0;9;3;2268978985;0;0;0;63;0
1510;10;0;16;10.1;2489;14:43:16.20;0;-3.53027;-24.63946;1;114.55;0;0;28;0;0;1;0;0;9;3;2268979620;0;0;0;63;0
1776;10;0;27;10.4;1438;14:43:18.94;1;-5.73675;13.19053;1;117.29;0;0;28;0;0;0;0;0;8;3;2268979894;0;0;0;63;0
1550;10;0;30;10.4;1504;14:43:22.23;1;15.03422;-0.57723;1;120.59;0;0;28;0;0;1;0;0;9;3;2268980223;0;0;0;63;0
2094;10;0;24;10.6;886;14:43:25.83;1;-5.83049;6.68283;1;124.19;0;0;28;0;0;1;0;0;9;3;2268980583;0;0;0;63;0
1776;9;0;27;9.4;4170;14:43:47.10;0;41.13295;6.89171;1;145.45;0;0;28;0;0;1;0;0;9;3;2268982710;0;0;0;63;0
2053;10;1;20;10.1;2227;14:46:27.03;0;-1.53555;22.22608;1;3.67;0;0;28;0;0;0;1;1;12;3;2268998703;0;0;0;63;0
2094;10;1;24;10.0;2723;14:46:29.04;0;-26.25685;7.24443;1;5.70;0;0;28;0;0;0;1;1;12;3;2268998904;0;0;0;63;0
1776;10;1;27;10.5;1172;14:46:31.34;1;10.23596;5.71313;1;8.0;0;0;28;0;0;0;1;1;12;3;2268999134;0;0;0;63;0
1550;10;1;30;10.0;2601;14:46:31.40;0;-25.97700;-1.33856;1;8.6;0;0;28;0;0;0;1;1;12;3;2268999140;0;0;0;63;0
1191;10;1;17;10.6;1007;14:46:33.17;1;-10.01186;-1.11900;1;9.81;0;0;28;0;0;0;1;1;12;3;2268999317;0;0;0;63;0
2080;10;1;19;10.1;2496;14:46:34.59;0;24.96997;-0.02370;1;11.24;0;0;28;0;0;0;1;1;12;3;2268999459;0;0;0;63;0
1794;9;1;25;9.4;4119;14:46:38.91;0;-8.39725;-40.32744;1;15.57;0;0;28;0;0;0;1;1;12;3;2268999891;0;0;0;63;0
1929;10;1;22;10.1;2377;14:46:39.06;0;16.54873;-17.06757;1;15.72;0;0;28;0;0;0;1;1;12;3;2268999906;0;0;0;63;0
2069;9;1;21;9.7;3436;14:46:39.61;0;33.04124;-9.44112;1;16.27;0;0;28;0;0;0;1;1;12;3;2268999961;0;0;0;63;0
1510;9;1;16;9.0;5148;14:46:42.73;0;19.03771;47.83298;1;19.38;0;0;28;0;0;0;1;1;12;3;2269000273;0;0;0;63;0
2053;10;1;20;10.4;1650;14:46:51.43;0;-10.32744;-12.86958;1;28.7;0;0;28;0;0;0;1;1;13;3;2269001143;0;0;0;63;0
1191;9;1;17;9.1;4978;14:46:55.78;0;38.22771;-31.89042;1;32.42;0;0;28;0;0;0;1;1;13;3;2269001578;0;0;0;63;0
1550;10;1;30;10.5;1234;14:46:56.37;1;-12.19135;-1.91929;1;33.3;0;0;28;0;0;0;1;1;13;3;2269001637;0;0;0;63;0
1794;10;1;25;10.0;2646;14:46:58.42;0;-16.43593;20.74354;1;35.8;0;0;28;0;0;0;1;1;13;3;2269001842;0;0;0;63;0
1776;10;1;27;10.0;2533;14:46:58.63;0;25.25919;1.97599;1;35.29;0;0;28;0;0;0;1;1;13;3;2269001863;0;0;0;63;0
1191;9;1;17;9.9;2848;14:46:58.43;0;11.72383;-25.96440;1;35.7;0;0;28;0;0;0;1;1;14;3;2269001843;0;0;0;63;0
2080;10;1;19;10.8;526;14:46:58.65;1;-5.26083;-0.05715;1;35.30;0;0;28;0;0;0;1;1;13;3;2269001865;0;0;0;63;0
1929;10;1;22;10.0;2759;14:46:58.74;0;14.75479;-23.31664;1;35.40;0;0;28;0;0;0;1;1;13;3;2269001874;0;0;0;63;0
2094;9;1;24;9.1;4882;14:47:03.23;0;24.53917;42.20594;1;39.89;0;0;28;0;0;0;1;1;13;3;2269002323;0;0;0;63;0
1510;10;1;16;10.6;1083;14:47:07.87;1;1.88532;10.66945;1;44.52;0;0;28;0;0;0;1;1;13;3;2269002787;0;0;0;63;0
2069;9;1;21;9.4;4197;14:47:10.04;0;36.22886;-21.20424;1;46.70;0;0;28;0;0;0;1;1;13;3;2269003004;0;0;0;63;0
2053;10;1;20;10.2;2163;14:47:16.30;0;14.02740;-16.47196;1;52.94;0;0;28;0;0;0;1;1;14;3;2269003630;0;0;0;63;0
1929;9;1;22;9.0;5193;14:47:18.31;0;30.98733;-41.67497;1;54.97;0;0;28;0;0;0;1;1;14;3;2269003831;0;0;0;63;0
1794;10;1;25;10.2;2036;14:47:22.56;0;-2.10197;20.25517;1;59.22;0;0;28;0;0;0;1;1;14;3;2269004256;0;0;0;63;0
2080;10;1;19;10.1;2281;14:47:23.71;0;18.71705;-13.04507;1;60.36;0;0;28;0;0;0;1;1;14;3;2269004371;0;0;0;63;0
1550;10;1;30;10.0;2551;14:47:23.92;0;14.33609;21.11157;1;60.58;0;0;28;0;0;0;1;1;14;3;2269004392;0;0;0;63;0
1776;10;1;27;10.1;2336;14:47:24.82;0;12.56030;19.70628;1;61.48;0;0;28;0;0;0;1;1;14;3;2269004482;0;0;0;63;0
1191;9;1;17;9.3;4493;14:47:29.32;0;-25.13541;37.24248;1;65.96;0;0;28;0;0;0;1;1;15;3;2269004932;0;0;0;63;0
2069;9;1;21;9.0;5193;14:47:33.23;0;5.09069;-51.68679;1;69.89;0;0;28;0;0;0;1;1;14;3;2269005323;0;0;0;63;0
1510;10;1;16;10.1;2297;14:47:33.95;0;10.51137;-20.43067;1;70.60;0;0;28;0;0;0;1;1;14;3;2269005395;0;0;0;63;0
2094;10;1;24;10.1;2405;14:47:34.19;0;-5.69000;23.37654;1;70.85;0;0;28;0;0;0;1;1;14;3;2269005419;0;0;0;63;0
1794;10;1;25;10.4;1632;14:47:42.33;0;6.74325;-14.86878;1;78.99;0;0;28;0;0;0;1;1;15;3;2269006233;0;0;0;63;0
2053;10;1;20;10.5;1299;14:47:43.78;1;3.51708;-12.51106;1;80.42;0;0;28;0;0;0;1;1;15;3;2269006378;0;0;0;63;0
1929;10;1;22;10.5;1287;14:47:46.03;1;2.64523;-12.60512;1;82.69;0;0;28;0;0;0;1;1;15;3;2269006603;0;0;0;63;0
1550;10;1;30;10.3;1735;14:47:48.10;0;6.66463;-16.02569;1;84.76;0;0;28;0;0;0;1;1;15;3;2269006810;0;0;0;63;0
2080;8;1;19;8.5;6345;14:47:48.37;0;17.11143;-61.10353;1;85.2;0;0;28;0;0;0;1;1;15;3;2269006837;0;0;0;63;0
1776;10;1;27;10.7;604;14:47:53.74;1;0.77198;5.99604;1;90.40;0;0;28;0;0;0;1;1;15;3;2269007374;0;0;0;63;0
1794;9;1;25;9.4;4246;14:47:56.42;0;-4.42274;42.23146;1;93.8;0;0;28;0;0;1;1;1;16;3;2269007642;0;0;0;63;0
1510;10;1;16;10.3;1889;14:47:58.80;0;4.40323;18.37246;1;95.45;0;0;28;0;0;0;1;1;15;3;2269007880;0;0;0;63;0
2069;10;1;21;10.3;1925;14:48:00.17;0;-0.70084;19.24401;1;96.83;0;0;28;0;0;0;1;1;15;3;2269008017;0;0;0;63;0
2094;10;1;24;10.4;1556;14:48:04.20;0;7.44922;13.66716;1;100.86;0;0;28;0;0;0;1;1;15;3;2269008420;0;0;0;63;0
1191;9;1;17;9.7;3495;14:48:04.60;0;-28.41940;20.36007;1;101.24;0;0;28;0;0;1;1;1;16;3;2269008460;0;0;0;63;0
1929;10;1;22;10.1;2427;14:48:06.85;0;-0.36499;24.26800;1;103.51;0;0;28;0;0;1;1;1;16;3;2269008685;0;0;0;63;0
2080;10;1;19;10.0;2760;14:48:12.26;0;17.35884;21.45986;1;108.91;0;0;28;0;0;1;1;1;16;3;2269009226;0;0;0;63;0
2053;10;1;20;10.5;1239;14:48:12.54;1;10.63447;-6.36450;1;109.18;0;0;28;0;0;1;1;1;16;3;2269009254;0;0;0;63;0
1776;9;1;27;9.7;3516;14:48:14.91;0;-25.05363;-24.67957;1;111.57;0;0;28;0;0;1;1;1;16;3;2269009491;0;0;0;63;0
1550;10;1;30;10.7;814;14:48:19.09;1;2.73916;7.67339;1;115.75;0;0;28;0;0;1;1;1;16;3;2269009909;0;0;0;63;0
1510;9;1;16;9.5;3791;14:48:24.94;0;-23.66550;29.61659;1;121.59;0;0;28;0;0;1;1;1;16;3;2269010494;0;0;0;63;0
2069;9;1;21;9.2;4631;14:48:33.31;0;3.03341;-46.21537;1;129.97;0;0;28;0;0;1;1;1;16;3;2269011331;0;0;0;63;0
2094;10;1;24;10.6;875;14:48:34.46;1;-6.32018;6.05743;1;131.12;0;0;28;0;0;1;1;1;16;3;2269011446;0;0;0;63;0
2053;10;1;20;10.5;1269;14:51:42.73;1;5.12565;11.61621;1;3.5;0;0;28;0;0;0;2;1;19;3;2269030273;0;0;0;63;0
2094;10;1;24;10.4;1480;14:51:45.04;1;-7.54769;-12.74184;1;5.36;0;0;28;0;0;0;2;1;19;3;2269030504;0;0;0;63;0
1550;9;1;30;9.9;3019;14:51:46.45;0;27.76513;-11.87207;1;6.77;0;0;28;0;0;0;2;1;19;3;2269030645;0;0;0;63;0
1776;10;1;27;10.5;1163;14:51:48.24;1;-4.91293;10.54829;1;8.56;0;0;28;0;0;0;2;1;19;3;2269030824;0;0;0;63;0
2080;10;1;19;10.4;1445;14:51:48.99;1;3.75106;13.95819;1;9.30;0;0;28;0;0;0;2;1;19;3;2269030899;0;0;0;63;0
2069;10;1;21;10.2;2006;14:51:49.29;0;-11.47296;16.46633;1;9.61;0;0;28;0;0;0;2;1;19;3;2269030929;0;0;0;63;0
1510;10;1;16;10.7;630;14:51:50.50;1;-5.86490;-2.31170;1;10.82;0;0;28;0;0;0;2;1;19;3;2269031050;0;0;0;63;0
1929;10;1;22;10.9;197;14:51:52.90;1;1.30448;-1.47681;1;13.23;0;0;28;0;0;0;2;1;19;3;2269031290;0;0;0;63;0
1794;10;1;25;10.8;527;14:51:53.41;1;-5.25689;0.39759;1;13.73;0;0;28;0;0;0;2;1;19;3;2269031341;0;0;0;63;0
2053;10;1;20;10.1;2274;14:52:08.32;0;20.85371;9.06842;1;28.64;0;0;28;0;0;0;2;1;20;3;2269032832;0;0;0;63;0
1776;10;1;27;10.6;1012;14:52:10.31;1;-10.11802;-0.36050;1;30.63;0;0;28;0;0;0;2;1;20;3;2269033031;0;0;0;63;0
1550;9;1;30;9.8;3083;14:52:12.00;0;28.28309;-12.29505;1;32.32;0;0;28;0;0;0;2;1;20;3;2269033200;0;0;0;63;0
1929;10;1;22;10.3;1876;14:52:14.77;0;-14.30600;-12.14175;1;35.10;0;0;28;0;0;0;2;1;20;3;2269033477;0;0;0;63;0
2080;10;1;19;10.6;1091;14:52:16.23;1;5.59571;-9.36987;1;36.54;0;0;28;0;0;0;2;1;20;3;2269033623;0;0;0;63;0
1794;10;1;25;10.1;2493;14:52:16.29;0;-1.85868;-24.86392;1;36.61;0;0;28;0;0;0;2;1;20;3;2269033629;0;0;0;63;0
1510;10;1;16;10.3;1830;14:52:17.06;0;7.71479;-16.59638;1;37.38;0;0;28;0;0;0;2;1;20;3;2269033706;0;0;0;63;0
2069;9;1;21;9.4;4092;14:52:17.11;0;20.14274;-35.62387;1;37.43;0;0;28;0;0;0;2;1;20;3;2269033711;0;0;0;63;0
2094;10;1;24;10.6;943;14:52:20.04;1;9.33421;1.37724;1;40.36;0;0;28;0;0;0;2;1;20;3;2269034004;0;0;0;63;0
1929;9;1;22;9.9;2920;14:52:31.64;0;-4.09144;-28.91682;1;51.97;0;0;28;0;0;0;2;1;21;3;2269035164;0;0;0;63;0
1776;10;1;27;10.1;2310;14:52:33.82;0;-21.85178;7.50495;1;54.14;0;0;28;0;0;0;2;1;21;3;2269035382;0;0;0;63;0
1794;10;1;25;10.0;2679;14:52:35.02;0;-14.75567;22.36529;1;55.34;0;0;28;0;0;0;2;1;21;3;2269035502;0;0;0;63;0
2053;9;1;20;9.7;3480;14:52:36.64;0;24.69344;24.53473;1;56.96;0;0;28;0;0;0;2;1;21;3;2269035664;0;0;0;63;0
1550;10;1;30;10.5;1332;14:52:38.68;1;12.84881;-3.52516;1;59.0;0;0;28;0;0;0;2;1;21;3;2269035868;0;0;0;63;0
2080;10;1;19;10.6;1105;14:52:41.92;1;11.00965;-0.97915;1;62.23;0;0;28;0;0;0;2;1;21;3;2269036192;0;0;0;63;0
1510;9;1;16;9.4;4065;14:52:45.14;0;32.74238;24.09724;1;65.46;0;0;28;0;0;0;2;1;21;3;2269036514;0;0;0;63;0
2069;10;1;21;10.0;2620;14:52:46.12;0;-4.88264;-25.74750;1;66.44;0;0;28;0;0;0;2;1;21;3;2269036612;0;0;0;63;0
1191;9;1;17;9.9;2782;14:52:46.20;0;-2.85726;27.67756;1;66.51;0;0;28;0;0;0;2;1;19;3;2269036620;0;0;0;63;0
1191;9;1;17;9.9;2867;14:52:48.88;0;-18.06062;22.27896;1;69.19;0;0;28;0;0;0;2;1;20;3;2269036888;0;0;0;63;0
2094;10;1;24;10.6;980;14:52:48.71;1;-0.89261;-9.76725;1;69.3;0;0;28;0;0;0;2;1;21;3;2269036871;0;0;0;63;0
1929;10;1;22;10.4;1442;14:52:55.51;1;2.60622;-14.18566;1;75.84;0;0;28;0;0;0;2;1;22;3;2269037551;0;0;0;63;0
1776;9;1;27;9.7;3414;14:52:59.17;0;32.28524;11.12144;1;79.49;0;0;28;0;0;0;2;1;22;3;2269037917;0;0;0;63;0
1794;10;1;25;10.2;2196;14:53:01.55;0;-21.94883;-0.90060;1;81.87;0;0;28;0;0;0;2;1;22;3;2269038155;0;0;0;63;0
1191;9;1;17;9.1;4793;14:53:03.55;0;-16.46026;45.01756;1;83.86;0;0;28;0;0;0;2;1;21;3;2269038355;0;0;0;63;0
2053;10;1;20;10.9;174;14:53:04.04;1;-1.08874;-1.36714;1;84.36;0;0;28;0;0;0;2;1;22;3;2269038404;0;0;0;63;0
1191;9;1;17;9.3;4311;14:53:06.56;0;42.93118;-3.93082;1;86.87;0;0;28;0;0;0;2;1;22;3;2269038656;0;0;0;63;0
1550;10;1;30;10.4;1643;14:53:10.54;0;16.42079;-0.79380;1;90.86;0;0;28;0;0;0;2;1;22;3;2269039054;0;0;0;63;0
2080;10;1;19;10.1;2482;14:53:10.70;0;-13.59434;-20.77791;1;91.1;0;0;28;0;0;0;2;1;22;3;2269039070;0;0;0;63;0
2069;9;1;21;9.5;4003;14:53:13.05;0;-35.91604;17.67622;1;93.37;0;0;28;0;0;0;2;1;22;3;2269039305;0;0;0;63;0
1929;10;1;22;10.6;925;14:53:13.24;1;-8.78422;-2.91086;1;93.57;0;0;28;0;0;1;2;1;23;3;2269039324;0;0;0;63;0
1510;10;1;16;10.2;1988;14:53:13.74;0;-13.93753;-14.17900;1;94.6;0;0;28;0;0;0;2;1;22;3;2269039374;0;0;0;63;0
2094;10;1;24;10.7;624;14:53:16.36;1;-3.92898;4.84778;1;96.68;0;0;28;0;0;0;2;1;22;3;2269039636;0;0;0;63;0
1191;9;1;17;9.3;4357;14:53:25.14;0;-21.77059;37.74689;1;105.45;0;0;28;0;0;1;2;1;23;3;2269040514;0;0;0;63;0
1776;10;1;27;10.0;2645;14:53:26.03;0;-23.47478;-12.20685;1;106.35;0;0;28;0;0;1;2;1;23;3;2269040603;0;0;0;63;0
2053;10;1;20;10.5;1146;14:53:30.89;1;10.06727;5.47724;1;111.21;0;0;28;0;0;1;2;1;23;3;2269041089;0;0;0;63;0
1794;9;1;25;9.9;2912;14:53:32.64;0;-28.26816;7.02227;1;112.96;0;0;28;0;0;1;2;1;23;3;2269041264;0;0;0;63;0
1550;9;1;30;9.0;5212;14:53:36.34;0;31.03792;41.87123;1;116.66;0;0;28;0;0;1;2;1;23;3;2269041634;0;0;0;63;0
2080;10;1;19;10.2;2206;14:53:36.61;0;13.94471;-17.10193;1;116.92;0;0;28;0;0;1;2;1;23;3;2269041661;0;0;0;63;0
2069;9;1;21;9.9;3015;14:53:37.08;0;6.30281;-29.48875;1;117.40;0;0;28;0;0;1;2;1;23;3;2269041708;0;0;0;63;0
1510;10;1;16;10.3;1925;14:53:40.37;0;3.22105;-18.98441;1;120.69;0;0;28;0;0;1;2;1;23;3;2269042037;0;0;0;63;0
2094;10;1;24;10.5;1280;14:53:44.09;1;-7.31044;10.51805;1;124.41;0;0;28;0;0;1;2;1;23;3;2269042409;0;0;0;63;0
1929;10;1;22;10.4;1531;14:56:39.98;0;-12.40710;8.98466;1;3.67;0;0;28;0;0;0;3;1;26;3;2269059998;0;0;0;63;0
1776;9;1;27;9.7;3519;14:56:40.72;0;-33.69321;10.16787;1;4.41;0;0;28;0;0;0;3;1;26;3;2269060072;0;0;0;63;0
1550;10;1;30;10.5;1213;14:56:41.19;1;5.77381;10.67149;1;4.88;0;0;28;0;0;0;3;1;26;3;2269060119;0;0;0;63;0
1191;10;1;17;10.4;1575;14:56:41.49;0;-2.78378;15.50332;1;5.17;0;0;28;0;0;0;3;1;26;3;2269060149;0;0;0;63;0
2080;10;1;19;10.0;2571;14:56:41.84;0;25.71435;0.03589;1;5.52;0;0;28;0;0;0;3;1;26;3;2269060184;0;0;0;63;0
1929;9;1;22;9.2;4657;14:56:42.37;0;-10.90535;-45.28542;1;6.6;0;0;28;0;0;0;3;1;27;3;2269060237;0;0;0;63;0
1510;9;1;16;9.7;3473;14:56:42.44;0;34.65005;2.35679;1;6.12;0;0;28;0;0;0;3;1;26;3;2269060244;0;0;0;63;0
2053;10;1;20;10.2;2030;14:56:42.31;0;4.35200;19.82949;1;5.99;0;0;28;0;0;0;3;1;26;3;2269060231;0;0;0;63;0
2094;9;1;24;9.7;3289;14:56:42.49;0;-7.11503;-32.11341;1;6.18;0;0;28;0;0;0;3;1;26;3;2269060249;0;0;0;63;0
1776;8;1;27;8.3;6976;14:56:43.15;0;-54.69133;-43.31160;1;6.84;0;0;28;0;0;0;3;1;27;3;2269060315;0;0;0;63;0
1794;10;1;25;10.3;1893;14:56:43.12;0;-14.75044;11.86951;1;6.81;0;0;28;0;0;0;3;1;26;3;2269060312;0;0;0;63;0
1191;9;1;17;9.9;2834;14:56:43.25;0;-11.66968;-25.82679;1;6.93;0;0;28;0;0;0;3;1;27;3;2269060325;0;0;0;63;0
2080;10;1;19;10.2;1994;14:56:43.52;0;6.64895;18.79955;1;7.20;0;0;28;0;0;0;3;1;27;3;2269060352;0;0;0;63;0
2069;9;1;21;9.0;5080;14:56:43.84;0;3.67689;-50.66760;1;7.54;0;0;28;0;0;0;3;1;26;3;2269060384;0;0;0;63;0
1929;10;1;22;10.5;1303;14:56:44.49;1;-7.72733;-10.49205;1;8.18;0;0;28;0;0;0;3;1;28;3;2269060449;0;0;0;63;0
1550;10;1;30;10.5;1273;14:56:42.97;1;8.15136;9.78646;1;6.66;0;0;28;0;0;0;3;1;27;3;2269060297;0;0;0;63;0
1510;9;1;16;9.6;3555;14:56:45.85;0;-0.73522;-35.54469;1;9.53;0;0;28;0;0;0;3;1;27;3;2269060585;0;0;0;63;0
2053;10;1;20;10.3;1688;14:56:44.22;0;-16.82618;-1.40701;1;7.90;0;0;28;0;0;0;3;1;27;3;2269060422;0;0;0;63;0
1776;10;1;27;10.0;2528;14:56:45.63;0;-25.28311;-0.28775;1;9.32;0;0;28;0;0;0;3;1;28;3;2269060563;0;0;0;63;0
2069;8;1;21;8.6;6049;14:56:46.60;0;-0.77244;-60.49085;1;10.30;0;0;28;0;0;0;3;1;27;3;2269060660;0;0;0;63;0
2094;9;1;24;9.4;4106;14:56:45.07;0;18.14446;36.83922;1;8.76;0;0;28;0;0;0;3;1;27;3;2269060507;0;0;0;63;0
1794;10;1;25;10.4;1649;14:56:45.61;0;-14.26498;-8.28449;1;9.30;0;0;28;0;0;0;3;1;27;3;2269060561;0;0;0;63;0
2080;10;1;19;10.4;1416;14:56:45.91;1;-6.82684;-12.41210;1;9.59;0;0;28;0;0;0;3;1;28;3;2269060591;0;0;0;63;0
1929;9;1;22;9.1;4872;14:56:46.75;0;2.22175;-48.67491;1;10.44;0;0;28;0;0;0;3;1;29;3;2269060675;0;0;0;63;0
1191;9;1;17;9.6;3707;14:56:45.46;0;-9.75067;-35.76602;1;9.14;0;0;28;0;0;0;3;1;28;3;2269060546;0;0;0;63;0
2094;9;1;24;9.7;3472;14:56:47.80;0;-4.50511;34.43377;1;11.49;0;0;28;0;0;0;3;1;28;3;2269060780;0;0;0;63;0
1776;10;1;27;10.7;791;14:56:48.24;1;4.59455;6.44342;1;11.93;0;0;28;0;0;0;3;1;29;3;2269060824;0;0;0;63;0
1550;9;1;30;9.3;4386;14:56:44.81;0;42.49093;10.87326;1;8.50;0;0;28;0;0;0;3;1;28;3;2269060481;0;0;0;63;0
1510;10;1;16;10.1;2262;14:56:47.92;0;5.92134;21.83287;1;11.60;0;0;28;0;0;0;3;1;28;3;2269060792;0;0;0;63;0
2053;9;1;20;9.8;3134;14:56:46.17;0;23.84258;20.34853;1;9.85;0;0;28;0;0;0;3;1;28;3;2269060617;0;0;0;63;0
2069;8;1;21;8.5;6293;14:56:49.06;0;-21.78250;-59.04423;1;12.76;0;0;28;0;0;0;3;1;28;3;2269060906;0;0;0;63;0
1794;10;1;25;10.4;1591;14:56:47.69;0;-9.99332;-12.38304;1;11.38;0;0;28;0;0;0;3;1;28;3;2269060769;0;0;0;63;0
2080;9;1;19;9.9;2978;14:56:47.91;0;29.74890;1.40099;1;11.59;0;0;28;0;0;0;3;1;29;3;2269060791;0;0;0;63;0
1191;9;1;17;9.4;4114;14:56:47.95;0;-19.58042;-36.18405;1;11.63;0;0;28;0;0;0;3;1;29;3;2269060795;0;0;0;63;0
1510;10;1;16;10.2;2143;14:56:49.45;0;18.99360;-9.93981;1;13.13;0;0;28;0;0;0;3;1;29;3;2269060945;0;0;0;63;0
2053;10;1;20;10.6;906;14:56:48.31;1;-8.32172;-3.58398;1;11.99;0;0;28;0;0;0;3;1;29;3;2269060831;0;0;0;63;0
1929;9;1;22;9.9;2827;14:56:48.57;0;-3.68388;28.03421;1;12.26;0;0;28;0;0;1;3;1;30;3;2269060857;0;0;0;63;0
2094;9;1;24;9.9;2850;14:56:50.18;0;-18.81740;21.40727;1;13.87;0;0;28;0;0;0;3;1;29;3;2269061018;0;0;0;63;0
1794;10;1;25;10.4;1405;14:56:49.84;1;1.25303;-13.99815;1;13.53;0;0;28;0;0;0;3;1;29;3;2269060984;0;0;0;63;0
1550;10;1;30;10.2;2193;14:56:46.35;0;20.55500;7.66828;1;10.4;0;0;28;0;0;0;3;1;29;3;2269060635;0;0;0;63;0
2069;9;1;21;9.2;4646;14:56:50.92;0;-22.83217;-40.47112;1;14.62;0;0;28;0;0;0;3;1;29;3;2269061092;0;0;0;63;0
1776;10;1;27;10.7;758;14:56:50.18;1;-5.57090;5.15027;1;13.87;0;0;28;0;0;1;3;1;30;3;2269061018;0;0;0;63;0
1191;9;1;17;9.4;4109;14:56:49.62;0;-36.05557;-19.70921;1;13.30;0;0;28;0;0;1;3;1;30;3;2269060962;0;0;0;63;0
2080;10;1;19;10.7;701;14:56:50.25;1;4.41712;-5.45017;1;13.93;0;0;28;0;0;1;3;1;30;3;2269061025;0;0;0;63;0
1510;10;1;16;10.2;2108;14:56:51.22;0;17.12342;-12.30780;1;14.90;0;0;28;0;0;1;3;1;30;3;2269061122;0;0;0;63;0
2053;8;1;20;8.9;5423;14:56:51.49;0;-2.07172;54.19827;1;15.17;0;0;28;0;0;1;3;1;30;3;2269061149;0;0;0;63;0
2094;10;1;24;10.1;2280;14:56:53.07;0;-2.52924;-22.65982;1;16.76;0;0;28;0;0;1;3;1;30;3;2269061307;0;0;0;63;0
1550;9;1;30;9.7;3396;14:56:48.07;0;8.63867;-32.84438;1;11.76;0;0;28;0;0;1;3;1;30;3;2269060807;0;0;0;63;0
1794;10;1;25;10.4;1420;14:56:52.02;1;-13.65007;-3.94665;1;15.71;0;0;28;0;0;1;3;1;30;3;2269061202;0;0;0;63;0
2069;10;1;21;10.6;939;14:56:52.50;1;-4.79554;-8.08097;1;16.20;0;0;28;0;0;1;3;1;30;3;2269061250;0;0;0;63;0
1191;10;1;17;10.9;172;14:59:16.40;1;0.50937;1.64309;1;4.41;0;0;28;0;0;0;4;1;33;3;2269075640;0;0;0;63;0
2053;10;1;20;10.7;805;14:59:16.81;1;2.80298;-7.55234;1;4.82;0;0;28;0;0;0;4;1;33;3;2269075681;0;0;0;63;0
1550;10;1;30;10.2;2186;14:59:16.47;0;3.70241;-21.55327;1;4.49;0;0;28;0;0;0;4;1;33;3;2269075647;0;0;0;63;0
1776;9;1;27;9.6;3569;14:59:17.41;0;-21.25778;28.67240;1;5.43;0;0;28;0;0;0;4;1;33;3;2269075741;0;0;0;63;0
1929;9;1;22;9.8;3096;14:59:17.53;0;-25.67878;17.30349;1;5.55;0;0;28;0;0;0;4;1;33;3;2269075753;0;0;0;63;0
2094;9;1;24;9.5;3875;14:59:17.57;0;-32.04730;21.79908;1;5.59;0;0;28;0;0;0;4;1;33;3;2269075757;0;0;0;63;0
1510;9;1;16;9.3;4469;14:59:18.60;0;4.50037;44.47155;1;6.61;0;0;28;0;0;0;4;1;33;3;2269075860;0;0;0;63;0
2080;9;1;19;9.2;4726;14:59:18.76;0;20.64912;42.51828;1;6.77;0;0;28;0;0;0;4;1;33;3;2269075876;0;0;0;63;0
2053;10;1;20;10.4;1635;14:59:19.86;0;-2.05871;-16.22939;1;7.87;0;0;28;0;0;0;4;1;34;3;2269075986;0;0;0;63;0
2069;9;1;21;9.7;3402;14:59:18.98;0;16.46164;-29.77400;1;7.0;0;0;28;0;0;0;4;1;33;3;2269075898;0;0;0;63;0
1550;9;1;30;9.5;3929;14:59:19.86;0;39.22784;-2.33586;1;7.88;0;0;28;0;0;0;4;1;34;3;2269075986;0;0;0;63;0
1191;9;1;17;9.8;3106;14:59:17.97;0;-1.58728;-31.02648;1;5.98;0;0;28;0;0;0;4;1;34;3;2269075797;0;0;0;63;0
1929;9;1;22;9.7;3353;14:59:19.59;0;-32.80245;-6.96446;1;7.61;0;0;28;0;0;0;4;1;34;3;2269075959;0;0;0;63;0
2094;10;1;24;10.3;1824;14:59:20.38;0;3.56188;17.89901;1;8.40;0;0;28;0;0;0;4;1;34;3;2269076038;0;0;0;63;0
1794;9;1;25;9.7;3528;14:59:19.89;0;-35.21723;2.13853;1;7.91;0;0;28;0;0;0;4;1;33;3;2269075989;0;0;0;63;0
1776;10;1;27;10.3;1896;14:59:20.62;0;-18.69538;3.20762;1;8.64;0;0;28;0;0;0;4;1;34;3;2269076062;0;0;0;63;0
1510;10;1;16;10.4;1649;14:59:21.58;0;10.65482;12.58739;1;9.59;0;0;28;0;0;0;4;1;34;3;2269076158;0;0;0;63;0
2080;10;1;19;10.4;1601;14:59:20.44;0;15.98895;0.89821;1;8.45;0;0;28;0;0;0;4;1;34;3;2269076044;0;0;0;63;0
2069;9;1;21;9.6;3650;14:59:21.63;0;-16.32277;-32.65309;1;9.65;0;0;28;0;0;0;4;1;34;3;2269076163;0;0;0;63;0
1550;9;1;30;9.9;2848;14:59:21.14;0;26.52385;10.38632;1;9.16;0;0;28;0;0;0;4;1;35;3;2269076114;0;0;0;63;0
1191;10;1;17;10.0;2562;14:59:19.31;0;-18.34168;-17.89577;1;7.32;0;0;28;0;0;0;4;1;35;3;2269075931;0;0;0;63;0
2053;10;1;20;10.4;1507;14:59:22.53;1;14.79723;-2.88505;1;10.54;0;0;28;0;0;0;4;1;35;3;2269076253;0;0;0;63;0
1929;10;1;22;10.4;1586;14:59:21.79;0;-3.77954;15.40762;1;9.81;0;0;28;0;0;0;4;1;35;3;2269076179;0;0;0;63;0
1794;9;1;25;9.8;3238;14:59:21.96;0;-13.84821;29.27868;1;9.98;0;0;28;0;0;0;4;1;34;3;2269076196;0;0;0;63;0
2069;9;1;21;9.9;3022;14:59:23.93;0;-8.44971;-29.01510;1;11.95;0;0;28;0;0;0;4;1;35;3;2269076393;0;0;0;63;0
1776;10;1;27;10.5;1159;14:59:23.92;1;-11.19520;3.00475;1;11.94;0;0;28;0;0;0;4;1;35;3;2269076392;0;0;0;63;0
1550;10;1;30;10.5;1346;14:59:22.52;1;6.11057;-12.00175;1;10.54;0;0;28;0;0;0;4;1;36;3;2269076252;0;0;0;63;0
1510;10;1;16;10.1;2311;14:59:23.47;0;-23.07847;-1.34040;1;11.48;0;0;28;0;0;0;4;1;35;3;2269076347;0;0;0;63;0
2080;10;1;19;10.4;1614;14:59:21.97;0;-10.02872;-12.64637;1;9.98;0;0;28;0;0;0;4;1;35;3;2269076197;0;0;0;63;0
2053;10;1;20;10.0;2587;14:59:24.69;0;-11.16467;-23.34295;1;12.70;0;0;28;0;0;0;4;1;36;3;2269076469;0;0;0;63;0
1191;10;1;17;10.6;943;14:59:20.81;1;-9.42919;0.25756;1;8.82;0;0;28;0;0;0;4;1;36;3;2269076081;0;0;0;63;0
1929;10;1;22;10.4;1618;14:59:23.46;0;-13.30488;-9.21383;1;11.48;0;0;28;0;0;0;4;1;36;3;2269076346;0;0;0;63;0
1794;10;1;25;10.0;2645;14:59:24.26;0;-15.02992;-21.76626;1;12.28;0;0;28;0;0;0;4;1;35;3;2269076426;0;0;0;63;0
1550;10;1;30;10.4;1537;14:59:24.87;0;-9.58654;-12.01423;1;12.89;0;0;28;0;0;1;4;1;37;3;2269076487;0;0;0;63;0
2080;10;1;19;10.4;1417;14:59:23.32;1;-14.16280;-0.46185;1;11.33;0;0;28;0;0;0;4;1;36;3;2269076332;0;0;0;63;0
2094;10;1;24;10.2;1993;14:59:26.44;0;-18.70619;6.90345;1;14.46;0;0;28;0;0;0;4;1;35;3;2269076644;0;0;0;63;0
1776;9;1;27;9.8;3271;14:59:26.44;0;-29.82940;13.43808;1;14.46;0;0;28;0;0;0;4;1;36;3;2269076644;0;0;0;63;0
1510;9;1;16;9.6;3734;14:59:25.54;0;-2.62965;-37.25696;1;13.55;0;0;28;0;0;0;4;1;36;3;2269076554;0;0;0;63;0
1191;10;1;17;10.3;1749;14:59:23.17;0;11.25470;13.39217;1;11.18;0;0;28;0;0;1;4;1;37;3;2269076317;0;0;0;63;0
2069;10;1;21;10.1;2311;14:59:25.96;0;-7.60854;-21.82708;1;13.98;0;0;28;0;0;0;4;1;36;3;2269076596;0;0;0;63;0
1794;10;1;25;10.4;1476;14:59:26.52;1;-14.50003;-2.79008;1;14.54;0;0;28;0;0;0;4;1;36;3;2269076652;0;0;0;63;0
2053;10;1;20;10.2;2041;14:59:26.87;0;15.55582;-13.21976;1;14.88;0;0;28;0;0;1;4;1;37;3;2269076687;0;0;0;63;0
1929;10;1;22;10.3;1675;14:59:25.36;0;-16.72526;0.95109;1;13.38;0;0;28;0;0;1;4;1;37;3;2269076536;0;0;0;63;0
2080;10;1;19;10.0;2748;14:59:25.31;0;5.92060;-26.83618;1;13.32;0;0;28;0;0;1;4;1;37;3;2269076531;0;0;0;63;0
1510;10;1;16;10.2;1999;14:59:27.19;0;-17.84261;9.01481;1;15.20;0;0;28;0;0;1;4;1;37;3;2269076719;0;0;0;63;0
2069;10;1;21;10.3;1911;14:59:28.32;0;0.86335;19.09622;1;16.34;0;0;28;0;0;1;4;1;37;3;2269076832;0;0;0;63;0
1776;10;1;27;10.0;2531;14:59:28.56;0;-24.00954;8.01709;1;16.58;0;0;28;0;0;1;4;1;37;3;2269076856;0;0;0;63;0
2094;10;1;24;10.1;2376;14:59:29.78;0;-20.02249;-12.79485;1;17.80;0;0;28;0;0;0;4;1;36;3;2269076978;0;0;0;63;0
1794;10;1;25;10.4;1453;14:59:28.64;1;1.33578;-14.47814;1;16.66;0;0;28;0;0;1;4;1;37;3;2269076864;0;0;0;63;0
2094;0;1;24;0;0;14:59:38.88;0;0.00000;0.00000;1;0.0;0;1;28;0;0;1;4;1;37;3;2269077888;0;0;0;63;0
1191;8;1;17;8.1;7333;15:01:51.75;0;-69.80800;-22.45365;1;2.31;0;0;28;0;0;0;5;1;40;3;2269091175;0;0;0;63;0
2094;8;1;24;8.5;6412;15:01:51.93;0;-53.80883;-34.88298;1;2.50;0;0;28;0;0;0;5;1;40;3;2269091193;0;0;0;63;0
1776;7;1;27;7.5;8895;15:01:52.21;0;-19.44555;86.80658;1;2.78;0;0;28;0;0;0;5;1;40;3;2269091221;0;0;0;63;0
1550;9;1;30;9.8;3225;15:01:51.97;0;13.40546;29.33981;1;2.54;0;0;28;0;0;0;5;1;40;3;2269091197;0;0;0;63;0
2069;10;1;21;10.3;1842;15:01:52.62;0;-16.87421;-7.39861;1;3.19;0;0;28;0;0;0;5;1;40;3;2269091262;0;0;0;63;0
1929;10;1;22;10.0;2621;15:01:52.52;0;-24.34176;-9.72990;1;3.8;0;0;28;0;0;0;5;1;40;3;2269091252;0;0;0;63;0
1794;10;1;25;10.2;2147;15:01:52.62;0;-21.24214;3.15994;1;3.20;0;0;28;0;0;0;5;1;40;3;2269091262;0;0;0;63;0
1510;8;1;16;8.6;6098;15:01:53.13;0;44.71027;41.47328;1;3.69;0;0;28;0;0;0;5;1;40;3;2269091313;0;0;0;63;0
2080;9;1;19;9.9;2857;15:01:52.21;0;-27.42488;8.01115;1;2.77;0;0;28;0;0;0;5;1;40;3;2269091221;0;0;0;63;0
2053;10;1;20;10.8;346;15:01:52.61;1;3.21521;-1.28032;1;3.17;0;0;28;0;0;0;5;1;40;3;2269091261;0;0;0;63;0
1550;9;1;30;9.4;4184;15:01:53.23;0;30.30373;28.86116;1;3.80;0;0;28;0;0;0;5;1;41;3;2269091323;0;0;0;63;0
1191;9;1;17;9.1;4953;15:01:53.28;0;-6.93622;49.04699;1;3.84;0;0;28;0;0;0;5;1;41;3;2269091328;0;0;0;63;0
2080;8;1;19;8.6;6106;15:01:53.41;0;5.40228;60.82563;1;3.97;0;0;28;0;0;0;5;1;41;3;2269091341;0;0;0;63;0
2053;9;1;20;9.8;3193;15:01:54.00;0;29.84238;11.38104;1;4.56;0;0;28;0;0;0;5;1;41;3;2269091400;0;0;0;63;0
2069;10;1;21;10.2;2114;15:01:53.92;0;-15.57693;14.29367;1;4.49;0;0;28;0;0;0;5;1;41;3;2269091392;0;0;0;63;0
2094;10;1;24;10.6;993;15:01:53.70;1;8.76389;4.68194;1;4.27;0;0;28;0;0;0;5;1;41;3;2269091370;0;0;0;63;0
1510;9;1;16;9.6;3642;15:01:54.33;0;4.09942;36.19304;1;4.89;0;0;28;0;0;0;5;1;41;3;2269091433;0;0;0;63;0
1929;9;1;22;9.0;5061;15:01:54.03;0;40.17967;-30.78607;1;4.59;0;0;28;0;0;0;5;1;41;3;2269091403;0;0;0;63;0
1794;9;1;25;9.5;3787;15:01:53.97;0;-35.92088;12.01205;1;4.55;0;0;28;0;0;0;5;1;41;3;2269091397;0;0;0;63;0
1776;9;1;27;9.7;3300;15:01:53.94;0;0.89270;32.99779;1;4.51;0;0;28;0;0;0;5;1;41;3;2269091394;0;0;0;63;0
1550;10;1;30;10.5;1295;15:01:54.77;1;-2.10898;-12.78689;1;5.34;0;0;28;0;0;0;5;1;42;3;2269091477;0;0;0;63;0
1191;9;1;17;9.7;3517;15:01:54.56;0;-34.04805;-8.81490;1;5.12;0;0;28;0;0;0;5;1;42;3;2269091456;0;0;0;63;0
2080;10;1;19;10.7;787;15:01:54.74;1;5.23695;5.87484;1;5.30;0;0;28;0;0;0;5;1;42;3;2269091474;0;0;0;63;0
1510;9;1;16;9.7;3332;15:01:55.52;0;22.81694;24.29244;1;6.8;0;0;28;0;0;0;5;1;42;3;2269091552;0;0;0;63;0
2053;10;1;20;10.8;520;15:01:55.81;1;5.20305;0.08266;1;6.37;0;0;28;0;0;0;5;1;42;3;2269091581;0;0;0;63;0
2069;10;1;21;10.7;818;15:01:55.13;1;8.07597;-1.33779;1;5.70;0;0;28;0;0;0;5;1;42;3;2269091513;0;0;0;63;0
2094;10;1;24;10.7;705;15:01:55.24;1;-6.35137;3.06553;1;5.81;0;0;28;0;0;0;5;1;42;3;2269091524;0;0;0;63;0
1794;9;1;25;9.4;4082;15:01:55.23;0;-40.70565;3.14201;1;5.81;0;0;28;0;0;0;5;1;42;3;2269091523;0;0;0;63;0
1776;10;1;27;10.1;2283;15:01:55.51;0;20.24913;10.55788;1;6.8;0;0;28;0;0;0;5;1;42;3;2269091551;0;0;0;63;0
1929;9;1;22;9.4;4261;15:01:55.24;0;36.52916;21.94952;1;5.80;0;0;28;0;0;0;5;1;42;3;2269091524;0;0;0;63;0
1191;9;1;17;9.6;3605;15:01:56.64;0;28.84976;21.62784;1;7.20;0;0;28;0;0;0;5;1;43;3;2269091664;0;0;0;63;0
2080;10;1;19;10.0;2644;15:01:56.12;0;24.21282;-10.63909;1;6.68;0;0;28;0;0;0;5;1;43;3;2269091612;0;0;0;63;0
1929;8;1;22;8.3;6964;15:01:56.57;0;68.42624;12.95443;1;7.13;0;0;28;0;0;0;5;1;43;3;2269091657;0;0;0;63;0
2094;10;1;24;10.7;669;15:01:56.74;1;-0.82826;6.64729;1;7.31;0;0;28;0;0;0;5;1;43;3;2269091674;0;0;0;63;0
1794;9;1;25;9.3;4528;15:01:56.49;0;-44.83052;-6.36965;1;7.7;0;0;28;0;0;0;5;1;43;3;2269091649;0;0;0;63;0
1776;9;1;27;9.6;3747;15:01:57.29;0;-21.85589;30.43688;1;7.86;0;0;28;0;0;0;5;1;43;3;2269091729;0;0;0;63;0
1550;10;1;30;10.3;1800;15:01:56.03;0;5.31267;-17.19814;1;6.60;0;0;28;0;0;0;5;1;43;3;2269091603;0;0;0;63;0
1510;9;1;16;9.9;2827;15:01:56.80;0;27.58183;6.24276;1;7.36;0;0;28;0;0;0;5;1;43;3;2269091680;0;0;0;63;0
2053;9;1;20;9.4;4235;15:01:57.20;0;-42.35742;0.37998;1;7.76;0;0;28;0;0;0;5;1;43;3;2269091720;0;0;0;63;0
1191;10;1;17;10.2;2179;15:01:57.84;0;6.80659;-20.70540;1;8.40;0;0;28;0;0;1;5;1;44;3;2269091784;0;0;0;63;0
2069;10;1;21;10.2;2048;15:01:56.31;0;18.39163;-9.02564;1;6.88;0;0;28;0;0;0;5;1;43;3;2269091631;0;0;0;63;0
2080;9;1;19;9.9;3002;15:01:57.59;0;-30.00066;-1.22712;1;8.15;0;0;28;0;0;1;5;1;44;3;2269091759;0;0;0;63;0
2094;9;1;24;9.7;3512;15:01:58.21;0;34.23183;7.87766;1;8.78;0;0;28;0;0;1;5;1;44;3;2269091821;0;0;0;63;0
1776;9;1;27;9.3;4298;15:01:58.85;0;-41.56825;10.95792;1;9.42;0;0;28;0;0;1;5;1;44;3;2269091885;0;0;0;63;0
1510;9;1;16;9.5;3937;15:01:58.03;0;-24.82617;-30.55606;1;8.59;0;0;28;0;0;1;5;1;44;3;2269091803;0;0;0;63;0
2053;9;1;20;9.6;3566;15:01:58.92;0;35.08458;-6.38555;1;9.48;0;0;28;0;0;1;5;1;44;3;2269091892;0;0;0;63;0
2069;9;1;21;9.7;3524;15:01:57.61;0;-32.76834;-12.97595;1;8.18;0;0;28;0;0;1;5;1;44;3;2269091761;0;0;0;63;0
1929;10;1;22;10.0;2741;15:01:57.72;0;-13.58878;23.80521;1;8.28;0;0;28;0;0;1;5;1;44;3;2269091772;0;0;0;63;0
1794;9;1;25;9.7;3430;15:01:57.73;0;-25.98759;22.38764;1;8.31;0;0;28;0;0;1;5;1;44;3;2269091773;0;0;0;63;0
1550;9;1;30;9.4;4163;15:01:57.51;0;34.83256;-22.81379;1;8.8;0;0;28;0;0;1;5;1;44;3;2269091751;0;0;0;63;0
2094;9;1;24;9.6;3714;15:04:22.60;0;-37.14036;0.00414;1;2.48;0;0;28;0;0;0;6;1;47;3;2269106260;0;0;0;63;0
1550;10;1;30;10.5;1351;15:04:22.78;1;-12.62154;4.84241;1;2.67;0;0;28;0;0;0;6;1;47;3;2269106278;0;0;0;63;0
1191;10;1;17;10.0;2647;15:04:22.99;0;-21.68735;15.19204;1;2.87;0;0;28;0;0;0;6;1;47;3;2269106299;0;0;0;63;0
2053;8;1;20;8.8;5693;15:04:23.28;0;-26.07594;-50.61168;1;3.17;0;0;28;0;0;0;6;1;47;3;2269106328;0;0;0;63;0
2069;9;1;21;9.3;4413;15:04:23.26;0;-41.00037;16.34852;1;3.15;0;0;28;0;0;0;6;1;47;3;2269106326;0;0;0;63;0
1929;9;1;22;9.7;3413;15:04:22.92;0;32.00376;11.86389;1;2.81;0;0;28;0;0;0;6;1;47;3;2269106292;0;0;0;63;0
1776;8;1;27;8.8;5720;15:04:23.34;0;29.92485;48.74786;1;3.23;0;0;28;0;0;0;6;1;47;3;2269106334;0;0;0;63;0
2080;8;1;19;8.6;6274;15:04:23.54;0;-39.60986;48.65631;1;3.42;0;0;28;0;0;0;6;1;47;3;2269106354;0;0;0;63;0
1794;7;1;25;7.2;9682;15:04:23.53;0;-84.92833;46.49412;1;3.42;0;0;28;0;0;0;6;1;47;3;2269106353;0;0;0;63;0
1510;10;1;16;10.1;2418;15:04:24.53;0;-22.76431;8.15275;1;4.41;0;0;28;0;0;0;6;1;47;3;2269106453;0;0;0;63;0
1191;9;1;17;9.5;3784;15:04:24.35;0;-36.39092;-10.37810;1;4.23;0;0;28;0;0;0;6;1;48;3;2269106435;0;0;0;63;0
1929;10;1;22;10.2;1986;15:04:24.45;0;-19.28262;-4.78505;1;4.34;0;0;28;0;0;0;6;1;48;3;2269106445;0;0;0;63;0
1776;9;1;27;9.5;3941;15:04:25.29;0;-26.11561;-29.52719;1;5.18;0;0;28;0;0;0;6;1;48;3;2269106529;0;0;0;63;0
1550;9;1;30;9.5;3927;15:04:24.09;0;38.62940;7.07201;1;3.98;0;0;28;0;0;0;6;1;48;3;2269106409;0;0;0;63;0
2080;10;1;19;10.5;1380;15:04:24.73;1;-2.85122;13.50938;1;4.61;0;0;28;0;0;0;6;1;48;3;2269106473;0;0;0;63;0
2053;10;1;20;10.0;2594;15:04:25.03;0;20.92856;15.33867;1;4.92;0;0;28;0;0;0;6;1;48;3;2269106503;0;0;0;63;0
2069;10;1;21;10.0;2605;15:04:24.61;0;25.29779;-6.22875;1;4.50;0;0;28;0;0;0;6;1;48;3;2269106461;0;0;0;63;0
2094;10;1;24;10.1;2289;15:04:24.31;0;-10.05175;20.56568;1;4.19;0;0;28;0;0;0;6;1;48;3;2269106431;0;0;0;63;0
1794;10;1;25;10.4;1496;15:04:24.83;1;7.63397;12.87455;1;4.72;0;0;28;0;0;0;6;1;48;3;2269106483;0;0;0;63;0
1510;10;1;16;10.2;2164;15:04:25.82;0;-5.62119;20.90024;1;5.70;0;0;28;0;0;0;6;1;48;3;2269106582;0;0;0;63;0
1191;10;1;17;10.2;2150;15:04:25.60;0;11.66467;18.06857;1;5.48;0;0;28;0;0;0;6;1;49;3;2269106560;0;0;0;63;0
1929;9;1;22;9.7;3523;15:04:25.69;0;-29.14563;19.80782;1;5.58;0;0;28;0;0;0;6;1;49;3;2269106569;0;0;0;63;0
2094;9;1;24;9.3;4288;15:04:25.73;0;-15.33823;-40.05098;1;5.61;0;0;28;0;0;0;6;1;49;3;2269106573;0;0;0;63;0
2080;10;1;19;10.0;2706;15:04:25.83;0;-17.05787;21.01295;1;5.71;0;0;28;0;0;0;6;1;49;3;2269106583;0;0;0;63;0
2053;8;1;20;8.7;5918;15:04:26.58;0;26.61661;-52.86219;1;6.47;0;0;28;0;0;0;6;1;49;3;2269106658;0;0;0;63;0
2069;8;1;21;8.6;6185;15:04:25.69;0;-25.00550;-56.57781;1;5.58;0;0;28;0;0;0;6;1;49;3;2269106569;0;0;0;63;0
1794;9;1;25;9.6;3703;15:04:26.08;0;-32.44936;-17.84434;1;5.97;0;0;28;0;0;0;6;1;49;3;2269106608;0;0;0;63;0
1776;9;1;27;9.9;3025;15:04:26.77;0;20.99403;21.79107;1;6.66;0;0;28;0;0;0;6;1;49;3;2269106677;0;0;0;63;0
1550;10;1;30;10.2;2041;15:04:25.38;0;-19.29285;-6.67031;1;5.27;0;0;28;0;0;0;6;1;49;3;2269106538;0;0;0;63;0
1510;10;1;16;10.4;1632;15:04:26.99;0;-9.32229;13.39847;1;6.87;0;0;28;0;0;0;6;1;49;3;2269106699;0;0;0;63;0
1191;10;1;17;10.0;2583;15:04:26.89;0;-1.90701;-25.76937;1;6.77;0;0;28;0;0;0;6;1;50;3;2269106689;0;0;0;63;0
1776;9;1;27;9.2;4559;15:04:28.05;0;-18.92633;-41.48114;1;7.94;0;0;28;0;0;0;6;1;50;3;2269106805;0;0;0;63;0
1929;10;1;22;10.6;1011;15:04:26.84;1;1.95160;9.92801;1;6.73;0;0;28;0;0;0;6;1;50;3;2269106684;0;0;0;63;0
2094;9;1;24;9.2;4534;15:04:27.24;0;-45.31917;1.59379;1;7.12;0;0;28;0;0;0;6;1;50;3;2269106724;0;0;0;63;0
2080;9;1;19;9.7;3519;15:04:27.13;0;26.95857;22.62340;1;7.1;0;0;28;0;0;0;6;1;50;3;2269106713;0;0;0;63;0
2053;10;1;20;10.4;1577;15:04:28.21;0;1.64477;-15.68885;1;8.10;0;0;28;0;0;0;6;1;50;3;2269106821;0;0;0;63;0
2069;9;1;21;9.8;3189;15:04:26.85;0;-31.68663;-3.61149;1;6.74;0;0;28;0;0;0;6;1;50;3;2269106685;0;0;0;63;0
1794;9;1;25;9.6;3723;15:04:27.24;0;-34.62501;-13.68237;1;7.13;0;0;28;0;0;0;6;1;50;3;2269106724;0;0;0;63;0
1550;10;1;30;10.5;1272;15:04:26.64;1;4.62459;-11.85658;1;6.53;0;0;28;0;0;0;6;1;50;3;2269106664;0;0;0;63;0
1510;10;1;16;10.2;2064;15:04:28.23;0;-1.79810;20.56589;1;8.11;0;0;28;0;0;0;6;1;50;3;2269106823;0;0;0;63;0
1191;10;1;17;10.0;2698;15:04:28.39;0;0.04648;-26.98358;1;8.27;0;0;28;0;0;1;6;1;51;3;2269106839;0;0;0;63;0
1929;9;1;22;9.7;3326;15:04:27.95;0;-4.93480;32.89320;1;7.84;0;0;28;0;0;1;6;1;51;3;2269106795;0;0;0;63;0
2094;9;1;24;9.8;3160;15:04:28.74;0;-22.06609;-22.62497;1;8.62;0;0;28;0;0;1;6;1;51;3;2269106874;0;0;0;63;0
1776;9;1;27;9.2;4642;15:04:29.29;0;45.30371;-10.14003;1;9.18;0;0;28;0;0;1;6;1;51;3;2269106929;0;0;0;63;0
2080;10;1;19;10.2;2182;15:04:28.41;0;-5.62197;21.08625;1;8.29;0;0;28;0;0;1;6;1;51;3;2269106841;0;0;0;63;0
2053;9;1;20;9.7;3424;15:04:29.74;0;-1.61729;34.20214;1;9.63;0;0;28;0;0;1;6;1;51;3;2269106974;0;0;0;63;0
2069;9;1;21;9.8;3096;15:04:28.01;0;-28.46972;12.18184;1;7.90;0;0;28;0;0;1;6;1;51;3;2269106801;0;0;0;63;0
1794;10;1;25;10.4;1474;15:04:28.44;1;-0.88348;14.71904;1;8.33;0;0;28;0;0;1;6;1;51;3;2269106844;0;0;0;63;0
1510;9;1;16;9.6;3697;15:04:29.40;0;-27.68110;24.51687;1;9.28;0;0;28;0;0;1;6;1;51;3;2269106940;0;0;0;63;0
1550;9;1;30;9.1;4854;15:04:27.86;0;27.78868;-39.80310;1;7.75;0;0;28;0;0;1;6;1;51;3;2269106786;0;0;0;63;0
