2053;9;0;20;9.4;4173;15:58:26.50;0;-41.26791;-6.21254;1;2.20;0;0;28;0;0;0;0;0;5;3;2269430650;0;0;0;63;0
1776;8;0;27;8.1;7405;15:58:29.08;0;12.17643;73.05042;1;4.79;0;0;28;0;0;0;0;0;5;3;2269430908;0;0;0;63;0
1550;10;0;30;10.4;1597;15:58:30.09;0;8.09560;13.76991;1;5.80;0;0;28;0;0;0;0;0;5;3;2269431009;0;0;0;63;0
2080;9;0;19;9.7;3383;15:58:31.88;0;33.60233;-3.95970;1;7.58;0;0;28;0;0;0;0;0;5;3;2269431188;0;0;0;63;0
2094;8;0;24;8.3;6855;15:58:32.12;0;-18.62239;-65.97415;1;7.83;0;0;28;0;0;0;0;0;5;3;2269431212;0;0;0;63;0
2069;10;0;21;10.0;2697;15:58:32.37;0;2.36887;-26.86627;1;8.7;0;0;28;0;0;0;0;0;5;3;2269431237;0;0;0;63;0
1929;9;0;22;9.3;4344;15:58:32.84;0;-6.63163;-42.93614;1;8.55;0;0;28;0;0;0;0;0;5;3;2269431284;0;0;0;63;0
1794;8;0;25;8.9;5488;15:58:32.83;0;38.93119;38.69096;1;8.53;0;0;28;0;0;0;0;0;5;3;2269431283;0;0;0;63;0
1191;9;0;17;9.7;3522;15:58:34.17;0;-17.71427;-30.45100;1;9.87;0;0;28;0;0;0;0;0;5;3;2269431417;0;0;0;63;0
1510;9;0;16;9.9;2825;15:58:37.13;0;10.70065;26.14637;1;12.83;0;0;28;0;0;0;0;0;5;3;2269431713;0;0;0;63;0
1929;8;0;22;8.2;7088;15:58:50.32;0;-65.79292;-26.37230;1;26.3;0;0;28;0;0;0;0;0;6;3;2269433032;0;0;0;63;0
1794;10;0;25;10.2;2113;15:58:50.21;0;-20.37605;5.61541;1;25.91;0;0;28;0;0;0;0;0;6;3;2269433021;0;0;0;63;0
2053;10;0;20;10.5;1368;15:58:53.78;1;-12.80687;4.81802;1;29.48;0;0;28;0;0;0;0;0;6;3;2269433378;0;0;0;63;0
2069;6;0;21;6.3;11994;15:58:54.71;0;14.13807;119.10914;1;30.41;0;0;28;0;0;0;0;0;6;3;2269433471;0;0;0;63;0
2080;9;0;19;9.5;3855;15:58:56.04;0;-22.14253;-31.56462;1;31.74;0;0;28;0;0;0;0;0;6;3;2269433604;0;0;0;63;0
1776;8;0;27;8.5;6317;15:58:55.57;0;-5.14064;62.96783;1;31.28;0;0;28;0;0;0;0;0;6;3;2269433557;0;0;0;63;0
1550;10;0;30;10.1;2252;15:58:58.46;0;18.10239;13.40588;1;34.17;0;0;28;0;0;0;0;0;6;3;2269433846;0;0;0;63;0
2094;9;0;24;9.4;4123;15:59:01.49;0;-2.11572;-41.17905;1;37.20;0;0;28;0;0;0;0;0;6;3;2269434149;0;0;0;63;0
1191;10;0;17;10.5;1255;15:59:02.57;1;3.16433;-12.15042;1;38.27;0;0;28;0;0;0;0;0;6;3;2269434257;0;0;0;63;0
1510;9;0;16;9.3;4463;15:59:04.86;0;27.37692;-35.25678;1;40.56;0;0;28;0;0;0;0;0;6;3;2269434486;0;0;0;63;0
1929;10;0;22;10.3;1817;15:59:10.68;0;18.17608;0.15615;1;46.39;0;0;28;0;0;0;0;0;7;3;2269435068;0;0;0;63;0
1794;10;0;25;10.7;647;15:59:15.56;1;6.47063;-0.12299;1;51.26;0;0;28;0;0;0;0;0;7;3;2269435556;0;0;0;63;0
1929;9;0;22;9.6;3616;15:59:16.28;0;-18.81109;30.88276;1;51.99;0;0;28;0;0;0;0;0;8;3;2269435628;0;0;0;63;0
2069;9;0;21;9.4;4198;15:59:18.20;0;-12.52219;-40.07737;1;53.90;0;0;28;0;0;0;0;0;7;3;2269435820;0;0;0;63;0
1929;9;0;22;9.9;2871;15:59:20.94;0;-16.47483;23.52408;1;56.65;0;0;28;0;0;1;0;0;9;3;2269436094;0;0;0;63;0
2053;10;0;20;10.3;1794;15:59:21.56;0;-5.87099;-16.95754;1;57.26;0;0;28;0;0;0;0;0;7;3;2269436156;0;0;0;63;0
1191;9;0;17;9.9;2952;15:59:22.06;0;-19.58220;22.09761;1;57.76;0;0;28;0;0;0;0;0;7;3;2269436206;0;0;0;63;0
2080;9;0;19;9.6;3589;15:59:23.98;0;10.75189;-34.24701;1;59.68;0;0;28;0;0;0;0;0;7;3;2269436398;0;0;0;63;0
1776;9;0;27;9.8;3175;15:59:28.95;0;22.20725;-22.69430;1;64.66;0;0;28;0;0;0;0;0;7;3;2269436895;0;0;0;63;0
1550;8;0;30;8.7;5929;15:59:28.79;0;39.53675;44.18432;1;64.50;0;0;28;0;0;0;0;0;7;3;2269436879;0;0;0;63;0
1794;9;0;25;9.8;3063;15:59:33.90;0;11.11181;28.54390;1;69.60;0;0;28;0;0;0;0;0;8;3;2269437390;0;0;0;63;0
2094;9;0;24;9.6;3696;15:59:37.39;0;-15.06680;33.76049;1;73.10;0;0;28;0;0;0;0;0;7;3;2269437739;0;0;0;63;0
2069;10;0;21;10.3;1900;15:59:44.41;0;-19.00373;-0.02053;1;80.11;0;0;28;0;0;0;0;0;8;3;2269438441;0;0;0;63;0
2053;10;0;20;10.4;1448;15:59:47.55;1;-4.97291;-13.60830;1;83.25;0;0;28;0;0;0;0;0;8;3;2269438755;0;0;0;63;0
2080;10;0;19;10.1;2488;15:59:50.54;0;8.09499;-23.52707;1;86.24;0;0;28;0;0;0;0;0;8;3;2269439054;0;0;0;63;0
1510;10;0;16;10.5;1303;15:59:52.01;1;5.85740;-11.63955;1;87.71;0;0;28;0;0;0;0;0;7;3;2269439201;0;0;0;63;0
1191;10;0;17;10.5;1150;15:59:51.88;1;-5.29962;-10.21210;1;87.58;0;0;28;0;0;0;0;0;8;3;2269439188;0;0;0;63;0
1776;10;0;27;10.7;695;15:59:53.87;1;6.02531;3.47460;1;89.58;0;0;28;0;0;0;0;0;8;3;2269439387;0;0;0;63;0
1550;10;0;30;10.6;1010;16:00:03.25;1;8.25504;-5.83590;1;98.96;0;0;28;0;0;0;0;0;8;3;2269440325;0;0;0;63;0
1794;10;0;25;10.5;1184;16:00:06.27;1;7.88324;8.83753;1;101.97;0;0;28;0;0;1;0;0;9;3;2269440627;0;0;0;63;0
2094;10;0;24;10.7;804;16:00:07.25;1;4.15637;6.88780;1;102.96;0;0;28;0;0;0;0;0;8;3;2269440725;0;0;0;63;0
1191;10;0;17;10.4;1436;16:00:10.80;1;-2.62609;-14.12367;1;106.50;0;0;28;0;0;1;0;0;9;3;2269441080;0;0;0;63;0
2053;10;0;20;10.6;1036;16:00:11.43;1;3.44213;9.77397;1;107.13;0;0;28;0;0;1;0;0;9;3;2269441143;0;0;0;63;0
2069;8;0;21;8.9;5510;16:00:14.20;0;24.78367;-49.21808;1;109.90;0;0;28;0;0;1;0;0;9;3;2269441420;0;0;0;63;0
1510;9;0;16;9.7;3332;16:00:15.60;0;32.70680;-6.37361;1;111.30;0;0;28;0;0;0;0;0;8;3;2269441560;0;0;0;63;0
1776;10;0;27;10.0;2563;16:00:15.60;0;15.02529;20.76996;1;111.31;0;0;28;0;0;1;0;0;9;3;2269441560;0;0;0;63;0
2080;10;0;19;10.3;1848;16:00:17.04;0;-9.71857;-15.72760;1;112.74;0;0;28;0;0;1;0;0;9;3;2269441704;0;0;0;63;0
1550;9;0;30;9.9;2948;16:00:29.89;0;9.00317;-28.07183;1;125.60;0;0;28;0;0;1;0;0;9;3;2269442989;0;0;0;63;0
2094;10;0;24;10.5;1134;16:00:35.99;1;-9.41980;6.32803;1;131.70;0;0;28;0;0;1;0;0;9;3;2269443599;0;0;0;63;0
1510;8;0;16;8.5;6421;16:00:37.21;0;57.07244;29.44094;1;132.91;0;0;28;0;0;1;0;0;9;3;2269443721;0;0;0;63;0
2053;10;1;20;10.1;2244;16:03:21.10;0;3.42743;-22.18478;1;4.62;0;0;28;0;0;0;1;1;12;3;2269460110;0;0;0;63;0
1776;10;1;27;10.3;1872;16:03:23.51;0;8.63078;16.61690;1;7.4;0;0;28;0;0;0;1;1;12;3;2269460351;0;0;0;63;0
1191;10;1;17;10.3;1707;16:03:25.15;0;16.97303;1.86892;1;8.67;0;0;28;0;0;0;1;1;12;3;2269460515;0;0;0;63;0
2080;9;1;19;9.8;3079;16:03:25.89;0;0.49840;30.78745;1;9.41;0;0;28;0;0;0;1;1;12;3;2269460589;0;0;0;63;0
2069;9;1;21;9.4;4047;16:03:26.96;0;3.66494;-40.31244;1;10.50;0;0;28;0;0;0;1;1;12;3;2269460696;0;0;0;63;0
2094;10;1;24;10.0;2633;16:03:27.19;0;-7.32157;-25.29976;1;10.72;0;0;28;0;0;0;1;1;12;3;2269460719;0;0;0;63;0
1550;9;1;30;9.4;4092;16:03:27.71;0;40.88708;-1.83152;1;11.24;0;0;28;0;0;0;1;1;12;3;2269460771;0;0;0;63;0
1929;8;1;22;8.6;6035;16:03:28.31;0;-35.85694;48.55362;1;11.84;0;0;28;0;0;0;1;1;12;3;2269460831;0;0;0;63;0
1794;10;1;25;10.0;2603;16:03:27.88;0;8.73460;24.52408;1;11.41;0;0;28;0;0;0;1;1;12;3;2269460788;0;0;0;63;0
1510;10;1;16;10.3;1944;16:03:34.03;0;7.47536;17.94622;1;17.56;0;0;28;0;0;0;1;1;12;3;2269461403;0;0;0;63;0
2053;10;1;20;10.6;1104;16:03:47.72;1;-10.54430;3.27693;1;31.24;0;0;28;0;0;0;1;1;13;3;2269462772;0;0;0;63;0
1191;10;1;17;10.0;2676;16:03:48.91;0;-26.32156;4.82485;1;32.43;0;0;28;0;0;0;1;1;13;3;2269462891;0;0;0;63;0
1794;10;1;25;10.2;1956;16:03:49.85;0;-19.05717;4.43392;1;33.38;0;0;28;0;0;0;1;1;13;3;2269462985;0;0;0;63;0
1929;10;1;22;10.6;1072;16:03:50.08;1;-7.97180;-7.18034;1;33.61;0;0;28;0;0;0;1;1;13;3;2269463008;0;0;0;63;0
2080;9;1;19;9.6;3593;16:03:51.07;0;28.11272;22.38232;1;34.59;0;0;28;0;0;0;1;1;13;3;2269463107;0;0;0;63;0
2069;10;1;21;10.2;2017;16:03:51.04;0;-16.74040;-11.26264;1;34.58;0;0;28;0;0;0;1;1;13;3;2269463104;0;0;0;63;0
1776;10;1;27;10.2;1956;16:03:53.19;0;16.89103;-9.87008;1;36.72;0;0;28;0;0;0;1;1;13;3;2269463319;0;0;0;63;0
1550;10;1;30;10.7;824;16:03:55.94;1;-7.78969;-2.69435;1;39.47;0;0;28;0;0;0;1;1;13;3;2269463594;0;0;0;63;0
2094;10;1;24;10.5;1323;16:03:58.87;1;7.30197;11.03999;1;42.40;0;0;28;0;0;0;1;1;13;3;2269463887;0;0;0;63;0
1510;8;1;16;8.6;6170;16:04:02.67;0;-31.73880;52.91530;1;46.20;0;0;28;0;0;0;1;1;13;3;2269464267;0;0;0;63;0
1191;9;1;17;9.8;3215;16:04:05.74;0;19.57942;25.50470;1;49.26;0;0;28;0;0;0;1;1;14;3;2269464574;0;0;0;63;0
1794;10;1;25;10.4;1451;16:04:08.13;1;-12.97242;6.51528;1;51.66;0;0;28;0;0;0;1;1;14;3;2269464813;0;0;0;63;0
1929;10;1;22;10.2;2136;16:04:10.29;0;-16.52550;-13.54697;1;53.82;0;0;28;0;0;0;1;1;14;3;2269465029;0;0;0;63;0
2069;10;1;21;10.3;1712;16:04:14.86;0;12.64374;-11.54560;1;58.40;0;0;28;0;0;0;1;1;14;3;2269465486;0;0;0;63;0
2053;9;1;20;9.8;3274;16:04:20.36;0;2.65093;32.63834;1;63.88;0;0;28;0;0;0;1;1;14;3;2269466036;0;0;0;63;0
1776;9;1;27;9.7;3446;16:04:21.54;0;20.44371;27.74502;1;65.7;0;0;28;0;0;0;1;1;14;3;2269466154;0;0;0;63;0
1191;9;1;17;9.6;3721;16:04:22.27;0;-36.22044;-8.55951;1;65.79;0;0;28;0;0;0;1;1;15;3;2269466227;0;0;0;63;0
1550;10;1;30;10.3;1803;16:04:23.91;0;15.90917;-8.49342;1;67.44;0;0;28;0;0;0;1;1;14;3;2269466391;0;0;0;63;0
2080;8;1;19;8.9;5469;16:04:24.07;0;-42.79830;-34.06283;1;67.59;0;0;28;0;0;0;1;1;14;3;2269466407;0;0;0;63;0
1794;10;1;25;10.1;2279;16:04:28.26;0;-22.79229;-0.19260;1;71.79;0;0;28;0;0;0;1;1;15;3;2269466826;0;0;0;63;0
2094;10;1;24;10.4;1470;16:04:29.73;1;-11.36918;9.33043;1;73.26;0;0;28;0;0;0;1;1;14;3;2269466973;0;0;0;63;0
1510;9;1;16;9.5;3953;16:04:34.28;0;39.05287;6.18712;1;77.81;0;0;28;0;0;0;1;1;14;3;2269467428;0;0;0;63;0
1929;9;1;22;9.6;3612;16:04:36.87;0;-6.39026;-35.55810;1;80.40;0;0;28;0;0;0;1;1;15;3;2269467687;0;0;0;63;0
2069;9;1;21;9.2;4560;16:04:43.36;0;-8.21405;-44.85941;1;86.90;0;0;28;0;0;0;1;1;15;3;2269468336;0;0;0;63;0
2053;10;1;20;10.6;907;16:04:44.09;1;-7.07563;-5.68459;1;87.61;0;0;28;0;0;0;1;1;15;3;2269468409;0;0;0;63;0
1191;9;1;17;9.7;3314;16:04:46.91;0;1.28085;33.11651;1;90.43;0;0;28;0;0;1;1;1;16;3;2269468691;0;0;0;63;0
1776;10;1;27;10.9;197;16:04:48.76;1;0.58460;-1.89014;1;92.29;0;0;28;0;0;0;1;1;15;3;2269468876;0;0;0;63;0
1794;10;1;25;10.5;1290;16:04:50.89;1;11.52361;5.81668;1;94.42;0;0;28;0;0;1;1;1;16;3;2269469089;0;0;0;63;0
2080;10;1;19;10.5;1133;16:04:51.84;1;11.11572;-2.24228;1;95.36;0;0;28;0;0;0;1;1;15;3;2269469184;0;0;0;63;0
1550;9;1;30;9.4;4139;16:04:52.09;0;28.15331;30.34955;1;95.62;0;0;28;0;0;0;1;1;15;3;2269469209;0;0;0;63;0
1929;10;1;22;10.1;2351;16:04:55.08;0;-5.41925;-22.88138;1;98.61;0;0;28;0;0;1;1;1;16;3;2269469508;0;0;0;63;0
2094;10;1;24;10.8;297;16:04:58.07;1;-1.55556;2.53066;1;101.60;0;0;28;0;0;0;1;1;15;3;2269469807;0;0;0;63;0
1776;9;1;27;9.9;2948;16:05:11.07;0;29.43760;1.59376;1;114.60;0;0;28;0;0;1;1;1;16;3;2269471107;0;0;0;63;0
1510;10;1;16;10.1;2314;16:05:12.37;0;-22.85966;3.60426;1;115.90;0;0;28;0;0;0;1;1;15;3;2269471237;0;0;0;63;0
2053;9;1;20;9.9;2811;16:05:12.86;0;-6.60158;-27.32959;1;116.38;0;0;28;0;0;1;1;1;16;3;2269471286;0;0;0;63;0
2080;10;1;19;10.4;1594;16:05:14.63;0;13.54423;8.41933;1;118.15;0;0;28;0;0;1;1;1;16;3;2269471463;0;0;0;63;0
2069;10;1;21;10.1;2283;16:05:16.93;0;14.95960;-17.25199;1;120.47;0;0;28;0;0;1;1;1;16;3;2269471693;0;0;0;63;0
1550;9;1;30;9.9;2986;16:05:21.97;0;12.38446;27.18069;1;125.50;0;0;28;0;0;1;1;1;16;3;2269472197;0;0;0;63;0
2094;10;1;24;10.2;2008;16:05:27.74;0;-14.65345;-13.73449;1;131.27;0;0;28;0;0;1;1;1;16;3;2269472774;0;0;0;63;0
1510;9;1;16;9.4;4277;16:05:32.22;0;-4.05786;42.58432;1;135.75;0;0;28;0;0;1;1;1;16;3;2269473222;0;0;0;63;0
2053;10;1;20;10.0;2559;16:08:06.46;0;0.97233;-25.57249;1;4.59;0;0;28;0;0;0;2;1;19;3;2269488646;0;0;0;63;0
2094;9;1;24;9.9;2939;16:08:08.22;0;-22.12460;-19.34697;1;6.36;0;0;28;0;0;0;2;1;19;3;2269488822;0;0;0;63;0
2069;10;1;21;10.4;1417;16:08:09.87;1;14.06445;1.79560;1;8.1;0;0;28;0;0;0;2;1;19;3;2269488987;0;0;0;63;0
2080;9;1;19;9.8;3125;16:08:10.67;0;10.54661;29.42665;1;8.80;0;0;28;0;0;0;2;1;19;3;2269489067;0;0;0;63;0
1776;10;1;27;10.2;2083;16:08:10.86;0;6.73255;19.72196;1;9.0;0;0;28;0;0;0;2;1;19;3;2269489086;0;0;0;63;0
1550;10;1;30;10.1;2330;16:08:10.95;0;18.33935;14.38405;1;9.9;0;0;28;0;0;0;2;1;19;3;2269489095;0;0;0;63;0
1191;10;1;17;10.4;1474;16:08:12.93;1;3.55484;14.30944;1;11.7;0;0;28;0;0;0;2;1;19;3;2269489293;0;0;0;63;0
1929;9;1;22;9.8;3078;16:08:14.29;0;-2.43352;-30.68633;1;12.43;0;0;28;0;0;0;2;1;19;3;2269489429;0;0;0;63;0
1794;10;1;25;10.6;996;16:08:15.98;1;-3.45792;9.34687;1;14.12;0;0;28;0;0;0;2;1;19;3;2269489598;0;0;0;63;0
1510;10;1;16;10.8;280;16:08:31.48;1;2.79887;-0.09039;1;29.61;0;0;28;0;0;0;2;1;19;3;2269491148;0;0;0;63;0
1191;9;1;17;9.8;3053;16:08:32.58;0;-1.32050;-30.50391;1;30.72;0;0;28;0;0;0;2;1;20;3;2269491258;0;0;0;63;0
1794;10;1;25;10.5;1342;16:08:35.73;1;5.60119;-12.20277;1;33.87;0;0;28;0;0;0;2;1;20;3;2269491573;0;0;0;63;0
2053;10;1;20;10.8;448;16:08:36.52;1;0.73199;4.42622;1;34.65;0;0;28;0;0;0;2;1;20;3;2269491652;0;0;0;63;0
2069;10;1;21;10.3;1907;16:08:36.02;0;-6.42926;-17.95687;1;34.16;0;0;28;0;0;0;2;1;20;3;2269491602;0;0;0;63;0
1550;10;1;30;10.6;943;16:08:36.29;1;4.66314;8.20236;1;34.43;0;0;28;0;0;0;2;1;20;3;2269491629;0;0;0;63;0
2080;10;1;19;10.3;1868;16:08:37.39;0;-14.13747;-12.22172;1;35.52;0;0;28;0;0;0;2;1;20;3;2269491739;0;0;0;63;0
1776;10;1;27;10.0;2751;16:08:39.34;0;24.60586;12.31909;1;37.48;0;0;28;0;0;0;2;1;20;3;2269491934;0;0;0;63;0
2094;9;1;24;9.4;4152;16:08:41.31;0;18.27197;37.28339;1;39.45;0;0;28;0;0;0;2;1;20;3;2269492131;0;0;0;63;0
1929;9;1;22;9.2;4768;16:08:46.62;0;44.39037;-17.41272;1;44.76;0;0;28;0;0;0;2;1;20;3;2269492662;0;0;0;63;0
1191;10;1;17;10.1;2434;16:08:54.79;0;18.66835;15.62377;1;52.93;0;0;28;0;0;0;2;1;21;3;2269493479;0;0;0;63;0
1794;10;1;25;10.8;318;16:08:58.75;1;0.74714;-3.09171;1;56.89;0;0;28;0;0;0;2;1;21;3;2269493875;0;0;0;63;0
1929;10;1;22;10.4;1515;16:09:02.77;1;4.26612;14.54299;1;60.91;0;0;28;0;0;0;2;1;21;3;2269494277;0;0;0;63;0
1776;9;1;27;9.7;3408;16:09:04.92;0;6.69086;33.41977;1;63.6;0;0;28;0;0;0;2;1;21;3;2269494492;0;0;0;63;0
1550;10;1;30;10.6;991;16:09:06.73;1;4.28047;-8.94604;1;64.87;0;0;28;0;0;0;2;1;21;3;2269494673;0;0;0;63;0
2069;10;1;21;10.2;2082;16:09:08.27;0;-12.69969;16.50549;1;66.41;0;0;28;0;0;0;2;1;21;3;2269494827;0;0;0;63;0
1510;9;1;16;9.9;2873;16:09:08.77;0;-24.53226;-14.96312;1;66.90;0;0;28;0;0;0;2;1;20;3;2269494877;0;0;0;63;0
2053;9;1;20;9.3;4508;16:09:09.17;0;-44.92410;-3.74830;1;67.30;0;0;28;0;0;0;2;1;21;3;2269494917;0;0;0;63;0
2094;10;1;24;10.1;2435;16:09:13.54;0;22.64761;-8.95690;1;71.68;0;0;28;0;0;0;2;1;21;3;2269495354;0;0;0;63;0
1191;9;1;17;9.9;2951;16:09:14.61;0;-2.25706;29.43088;1;72.75;0;0;28;0;0;0;2;1;22;3;2269495461;0;0;0;63;0
1794;10;1;25;10.0;2629;16:09:20.53;0;16.65425;20.35447;1;78.67;0;0;28;0;0;0;2;1;22;3;2269496053;0;0;0;63;0
1929;10;1;22;10.4;1592;16:09:21.57;0;3.36860;15.56865;1;79.71;0;0;28;0;0;0;2;1;22;3;2269496157;0;0;0;63;0
1550;9;1;30;9.8;3274;16:09:31.38;0;-15.79467;28.68868;1;89.52;0;0;28;0;0;0;2;1;22;3;2269497138;0;0;0;63;0
2080;10;1;19;10.7;811;16:09:31.36;1;-0.66752;8.08331;1;89.49;0;0;28;0;0;0;2;1;21;3;2269497136;0;0;0;63;0
2069;9;1;21;9.9;2854;16:09:34.41;0;20.29764;20.07166;1;92.55;0;0;28;0;0;0;2;1;22;3;2269497441;0;0;0;63;0
2053;9;1;20;9.6;3617;16:09:36.14;0;18.12953;-31.30699;1;94.27;0;0;28;0;0;0;2;1;22;3;2269497614;0;0;0;63;0
1776;10;1;27;10.1;2409;16:09:35.70;0;24.07002;-0.99444;1;93.84;0;0;28;0;0;0;2;1;22;3;2269497570;0;0;0;63;0
1510;9;1;16;9.8;3214;16:09:40.84;0;-0.16403;-32.14234;1;98.97;0;0;28;0;0;0;2;1;21;3;2269498084;0;0;0;63;0
2094;10;1;24;10.2;1984;16:09:41.33;0;3.55698;19.52630;1;99.47;0;0;28;0;0;0;2;1;22;3;2269498133;0;0;0;63;0
1191;10;1;17;10.7;722;16:09:42.47;1;5.47121;4.71788;1;100.61;0;0;28;0;0;1;2;1;23;3;2269498247;0;0;0;63;0
1794;10;1;25;10.7;565;16:09:44.21;1;1.74154;5.37554;1;102.35;0;0;28;0;0;1;2;1;23;3;2269498421;0;0;0;63;0
1929;9;1;22;9.2;4621;16:09:45.50;0;-46.11831;2.96475;1;103.64;0;0;28;0;0;1;2;1;23;3;2269498550;0;0;0;63;0
2080;9;1;19;9.5;3935;16:09:54.24;0;-31.03963;-24.18960;1;112.37;0;0;28;0;0;0;2;1;22;3;2269499424;0;0;0;63;0
2080;10;1;19;10.1;2316;16:09:57.40;0;23.14104;1.07589;1;115.53;0;0;28;0;0;1;2;1;23;3;2269499740;0;0;0;63;0
1776;10;1;27;10.5;1329;16:09:57.21;1;2.25780;-13.10151;1;115.35;0;0;28;0;0;1;2;1;23;3;2269499721;0;0;0;63;0
1550;9;1;30;9.0;5141;16:09:58.16;0;6.74347;-50.96585;1;116.30;0;0;28;0;0;1;2;1;23;3;2269499816;0;0;0;63;0
2069;10;1;21;10.0;2606;16:10:06.40;0;-21.85228;14.20741;1;124.54;0;0;28;0;0;1;2;1;23;3;2269500640;0;0;0;63;0
2094;10;1;24;10.2;2191;16:10:08.60;0;-9.78000;-19.60738;1;126.74;0;0;28;0;0;1;2;1;23;3;2269500860;0;0;0;63;0
2053;10;1;20;10.7;717;16:10:09.05;1;4.50264;-5.58442;1;127.18;0;0;28;0;0;1;2;1;23;3;2269500905;0;0;0;63;0
1510;9;1;16;9.9;2813;16:10:10.60;0;11.17178;-25.82640;1;128.73;0;0;28;0;0;0;2;1;22;3;2269501060;0;0;0;63;0
1510;9;1;16;9.6;3647;16:10:13.55;0;-36.46369;0.95229;1;131.68;0;0;28;0;0;1;2;1;23;3;2269501355;0;0;0;63;0
2069;10;1;21;10.5;1320;16:12:56.04;1;-12.10823;5.27341;1;5.75;0;0;28;0;0;0;3;1;26;3;2269517604;0;0;0;63;0
1776;10;1;27;10.8;395;16:12:58.73;1;-3.24276;-2.26543;1;8.44;0;0;28;0;0;0;3;1;26;3;2269517873;0;0;0;63;0
2053;10;1;20;10.7;698;16:12:59.19;1;-3.00071;6.30791;1;8.89;0;0;28;0;0;0;3;1;26;3;2269517919;0;0;0;63;0
1794;9;1;25;9.5;3828;16:12:59.88;0;-31.07696;22.35347;1;9.58;0;0;28;0;0;0;3;1;26;3;2269517988;0;0;0;63;0
1929;9;1;22;9.5;3965;16:13:01.13;0;-18.27361;35.19181;1;10.83;0;0;28;0;0;0;3;1;26;3;2269518113;0;0;0;63;0
1550;9;1;30;9.5;3934;16:13:00.86;0;-3.63851;-39.18049;1;10.57;0;0;28;0;0;0;3;1;26;3;2269518086;0;0;0;63;0
2080;9;1;19;9.3;4310;16:13:01.43;0;-40.26143;-15.39275;1;11.13;0;0;28;0;0;0;3;1;26;3;2269518143;0;0;0;63;0
1191;10;1;17;10.3;1705;16:13:02.12;0;13.57698;10.32498;1;11.82;0;0;28;0;0;0;3;1;26;3;2269518212;0;0;0;63;0
1510;10;1;16;10.0;2521;16:13:07.54;0;-15.83947;19.61294;1;17.24;0;0;28;0;0;0;3;1;26;3;2269518754;0;0;0;63;0
1929;10;1;22;10.0;2509;16:13:17.21;0;-17.97735;17.50685;1;26.91;0;0;28;0;0;0;3;1;27;3;2269519721;0;0;0;63;0
1191;10;1;17;10.3;1942;16:13:23.02;0;13.12205;14.32038;1;32.72;0;0;28;0;0;0;3;1;27;3;2269520302;0;0;0;63;0
1794;10;1;25;10.7;794;16:13:24.47;1;7.23184;-3.29871;1;34.17;0;0;28;0;0;0;3;1;27;3;2269520447;0;0;0;63;0
1776;10;1;27;10.3;1915;16:13:24.52;0;12.56343;-14.45387;1;34.23;0;0;28;0;0;0;3;1;27;3;2269520452;0;0;0;63;0
2069;10;1;21;10.5;1184;16:13:25.67;1;-11.29081;3.57564;1;35.38;0;0;28;0;0;0;3;1;27;3;2269520567;0;0;0;63;0
2094;8;1;24;8.1;7287;16:13:24.41;0;7.96791;-72.43352;1;34.11;0;0;28;0;0;0;3;1;26;3;2269520441;0;0;0;63;0
2080;10;1;19;10.4;1600;16:13:26.44;0;-14.24982;-7.28655;1;36.14;0;0;28;0;0;0;3;1;27;3;2269520644;0;0;0;63;0
1550;10;1;30;10.6;1082;16:13:30.10;1;-9.02387;-5.98505;1;39.81;0;0;28;0;0;0;3;1;27;3;2269521010;0;0;0;63;0
1510;10;1;16;10.3;1875;16:13:33.13;0;-2.71734;18.55885;1;42.83;0;0;28;0;0;0;3;1;27;3;2269521313;0;0;0;63;0
1794;10;1;25;10.8;297;16:13:43.56;1;-2.88805;-0.71786;1;53.26;0;0;28;0;0;0;3;1;28;3;2269522356;0;0;0;63;0
1191;10;1;17;10.3;1762;16:13:44.11;0;-4.81935;-16.95738;1;53.81;0;0;28;0;0;0;3;1;28;3;2269522411;0;0;0;63;0
1929;9;1;22;9.4;4210;16:13:48.33;0;35.82604;-22.11187;1;58.3;0;0;28;0;0;0;3;1;28;3;2269522833;0;0;0;63;0
1776;10;1;27;10.1;2379;16:13:49.84;0;-23.79109;0.22212;1;59.55;0;0;28;0;0;0;3;1;28;3;2269522984;0;0;0;63;0
2094;9;1;24;9.8;3219;16:13:50.69;0;7.17961;31.38885;1;60.39;0;0;28;0;0;0;3;1;27;3;2269523069;0;0;0;63;0
2080;9;1;19;9.8;3132;16:13:55.35;0;-26.31733;-16.99512;1;65.5;0;0;28;0;0;0;3;1;28;3;2269523535;0;0;0;63;0
2069;8;1;21;8.1;7306;16:13:55.42;0;50.07291;-53.21126;1;65.13;0;0;28;0;0;0;3;1;28;3;2269523542;0;0;0;63;0
2053;10;1;20;10.5;1312;16:13:57.54;1;-8.26383;-10.20261;1;67.24;0;0;28;0;0;0;3;1;27;3;2269523754;0;0;0;63;0
1510;9;1;16;9.7;3302;16:14:01.52;0;-16.29581;28.72158;1;71.22;0;0;28;0;0;0;3;1;28;3;2269524152;0;0;0;63;0
1550;10;1;30;10.6;1046;16:14:02.49;1;-3.16332;9.97922;1;72.20;0;0;28;0;0;0;3;1;28;3;2269524249;0;0;0;63;0
1191;9;1;17;9.4;4158;16:14:03.40;0;10.01384;-40.36195;1;73.10;0;0;28;0;0;0;3;1;29;3;2269524340;0;0;0;63;0
1794;10;1;25;10.6;906;16:14:07.74;1;-7.37893;-5.26887;1;77.44;0;0;28;0;0;0;3;1;29;3;2269524774;0;0;0;63;0
1929;10;1;22;10.6;1091;16:14:09.93;1;3.01237;-10.48751;1;79.63;0;0;28;0;0;0;3;1;29;3;2269524993;0;0;0;63;0
1776;10;1;27;10.6;848;16:14:12.02;1;0.20561;-8.48736;1;81.73;0;0;28;0;0;0;3;1;29;3;2269525202;0;0;0;63;0
2053;10;1;20;10.3;1803;16:14:16.56;0;-11.57132;-13.82840;1;86.26;0;0;28;0;0;0;3;1;28;3;2269525656;0;0;0;63;0
2094;10;1;24;10.0;2718;16:14:17.57;0;-27.17607;-0.67150;1;87.27;0;0;28;0;0;0;3;1;28;3;2269525757;0;0;0;63;0
2069;10;1;21;10.0;2658;16:14:22.39;0;24.77494;-9.63236;1;92.10;0;0;28;0;0;0;3;1;29;3;2269526239;0;0;0;63;0
1550;9;1;30;9.9;2851;16:14:25.44;0;3.97615;28.23730;1;95.15;0;0;28;0;0;0;3;1;29;3;2269526544;0;0;0;63;0
1929;10;1;22;10.2;1986;16:14:26.76;0;-10.87147;-16.62288;1;96.46;0;0;28;0;0;1;3;1;30;3;2269526676;0;0;0;63;0
2080;10;1;19;10.1;2482;16:14:28.85;0;13.85913;-20.59213;1;98.55;0;0;28;0;0;0;3;1;29;3;2269526885;0;0;0;63;0
1191;10;1;17;10.4;1416;16:14:30.15;1;6.80139;12.42010;1;99.85;0;0;28;0;0;1;3;1;30;3;2269527015;0;0;0;63;0
1510;10;1;16;10.6;1010;16:14:33.89;1;-1.86541;-9.93320;1;103.59;0;0;28;0;0;0;3;1;29;3;2269527389;0;0;0;63;0
1776;10;1;27;10.2;1971;16:14:35.14;0;-6.36892;-18.65997;1;104.85;0;0;28;0;0;1;3;1;30;3;2269527514;0;0;0;63;0
1794;10;1;25;10.4;1483;16:14:35.78;1;-14.77254;1.31102;1;105.48;0;0;28;0;0;1;3;1;30;3;2269527578;0;0;0;63;0
2094;10;1;24;10.0;2561;16:14:42.81;0;24.97303;5.68103;1;112.51;0;0;28;0;0;0;3;1;29;3;2269528281;0;0;0;63;0
2069;10;1;21;10.1;2312;16:14:51.28;0;7.76685;21.78483;1;120.99;0;0;28;0;0;1;3;1;30;3;2269529128;0;0;0;63;0
1550;10;1;30;10.5;1147;16:14:51.45;1;1.67384;-11.35335;1;121.16;0;0;28;0;0;1;3;1;30;3;2269529145;0;0;0;63;0
2080;9;1;19;9.3;4428;16:14:52.34;0;6.03997;43.87131;1;122.4;0;0;28;0;0;1;3;1;30;3;2269529234;0;0;0;63;0
2053;10;1;20;10.0;2664;16:14:57.71;0;-20.90124;-16.52295;1;127.41;0;0;28;0;0;0;3;1;29;3;2269529771;0;0;0;63;0
1510;10;1;16;10.3;1888;16:15:00.17;0;4.20419;18.41444;1;129.87;0;0;28;0;0;1;3;1;30;3;2269530017;0;0;0;63;0
2053;10;1;20;10.4;1608;16:15:02.78;0;-16.00677;-1.55828;1;132.48;0;0;28;0;0;1;3;1;30;3;2269530278;0;0;0;63;0
2094;10;1;24;10.5;1381;16:15:09.92;1;5.82816;-12.53044;1;139.62;0;0;28;0;0;1;3;1;30;3;2269530992;0;0;0;63;0
2069;9;1;21;9.0;5207;16:17:47.61;0;11.19407;50.85630;1;4.67;0;0;28;0;0;0;4;1;33;3;2269546761;0;0;0;63;0
1191;10;1;17;10.4;1619;16:17:49.76;0;15.69166;-4.00573;1;6.81;0;0;28;0;0;0;4;1;33;3;2269546976;0;0;0;63;0
1776;10;1;27;10.2;2086;16:17:49.52;0;20.77674;1.89299;1;6.58;0;0;28;0;0;0;4;1;33;3;2269546952;0;0;0;63;0
2094;9;1;24;9.6;3635;16:17:50.45;0;-28.11062;-23.06167;1;7.51;0;0;28;0;0;0;4;1;33;3;2269547045;0;0;0;63;0
2053;10;1;20;10.5;1251;16:17:50.99;1;-3.33541;12.06449;1;8.5;0;0;28;0;0;0;4;1;33;3;2269547099;0;0;0;63;0
1550;10;1;30;10.3;1803;16:17:51.39;0;12.17251;-13.30199;1;8.46;0;0;28;0;0;0;4;1;33;3;2269547139;0;0;0;63;0
2080;10;1;19;10.0;2676;16:17:51.54;0;-25.02026;-9.51936;1;8.60;0;0;28;0;0;0;4;1;33;3;2269547154;0;0;0;63;0
1929;10;1;22;10.5;1360;16:17:53.24;1;-7.01293;-11.65867;1;10.30;0;0;28;0;0;0;4;1;33;3;2269547324;0;0;0;63;0
1794;9;1;25;9.8;3061;16:17:54.84;0;-17.65328;25.00881;1;11.90;0;0;28;0;0;0;4;1;33;3;2269547484;0;0;0;63;0
1510;9;1;16;9.6;3745;16:18:02.26;0;-3.06434;37.32606;1;19.32;0;0;28;0;0;0;4;1;33;3;2269548226;0;0;0;63;0
1191;10;1;17;10.8;401;16:18:11.71;1;-2.24611;-3.33232;1;28.76;0;0;28;0;0;0;4;1;34;3;2269549171;0;0;0;63;0
1929;10;1;22;10.3;1849;16:18:13.26;0;-9.69799;-15.74934;1;30.32;0;0;28;0;0;0;4;1;34;3;2269549326;0;0;0;63;0
2053;9;1;20;9.9;2980;16:18:13.70;0;-27.61803;-11.21922;1;30.76;0;0;28;0;0;0;4;1;34;3;2269549370;0;0;0;63;0
2069;10;1;21;10.7;698;16:18:14.35;1;2.86388;6.37281;1;31.41;0;0;28;0;0;0;4;1;34;3;2269549435;0;0;0;63;0
1776;10;1;27;10.4;1638;16:18:16.62;0;14.83093;6.97050;1;33.68;0;0;28;0;0;0;4;1;34;3;2269549662;0;0;0;63;0
1550;10;1;30;10.4;1535;16:18:16.71;0;-2.42941;-15.15982;1;33.78;0;0;28;0;0;0;4;1;34;3;2269549671;0;0;0;63;0
2080;10;1;19;10.3;1919;16:18:17.99;0;-12.81524;-14.28382;1;35.5;0;0;28;0;0;0;4;1;34;3;2269549799;0;0;0;63;0
2094;10;1;24;10.2;2200;16:18:19.27;0;21.64300;-3.98335;1;36.33;0;0;28;0;0;0;4;1;34;3;2269549927;0;0;0;63;0
1794;10;1;25;10.1;2458;16:18:20.86;0;-24.37286;3.25011;1;37.92;0;0;28;0;0;0;4;1;34;3;2269550086;0;0;0;63;0
1929;10;1;22;10.0;2657;16:18:31.29;0;26.11145;-4.92658;1;48.35;0;0;28;0;0;0;4;1;35;3;2269551129;0;0;0;63;0
1794;10;1;25;10.2;2059;16:18:38.88;0;-19.21023;-7.42483;1;55.94;0;0;28;0;0;0;4;1;35;3;2269551888;0;0;0;63;0
2053;10;1;20;10.8;410;16:18:39.98;1;0.74533;-4.03712;1;57.4;0;0;28;0;0;0;4;1;35;3;2269551998;0;0;0;63;0
1776;9;1;27;9.9;2914;16:18:40.40;0;1.85315;-29.08744;1;57.46;0;0;28;0;0;0;4;1;35;3;2269552040;0;0;0;63;0
2069;10;1;21;10.8;542;16:18:41.42;1;3.47671;4.15964;1;58.48;0;0;28;0;0;0;4;1;35;3;2269552142;0;0;0;63;0
2080;10;1;19;10.2;2221;16:18:42.24;0;20.08567;9.49662;1;59.30;0;0;28;0;0;0;4;1;35;3;2269552224;0;0;0;63;0
1550;10;1;30;10.6;987;16:18:42.64;1;-0.55982;-9.86268;1;59.71;0;0;28;0;0;0;4;1;35;3;2269552264;0;0;0;63;0
2094;9;1;24;9.9;2945;16:18:47.85;0;7.20041;-28.56641;1;64.91;0;0;28;0;0;0;4;1;35;3;2269552785;0;0;0;63;0
1929;10;1;22;10.9;212;16:18:49.02;1;-2.03671;-0.61708;1;66.8;0;0;28;0;0;0;4;1;36;3;2269552902;0;0;0;63;0
1510;10;1;16;10.5;1163;16:19:02.29;1;9.50965;-6.70861;1;79.35;0;0;28;0;0;0;4;1;34;3;2269554229;0;0;0;63;0
2069;10;1;21;10.4;1411;16:19:04.85;1;12.92573;-5.66826;1;81.91;0;0;28;0;0;0;4;1;36;3;2269554485;0;0;0;63;0
2053;9;1;20;9.6;3637;16:19:05.94;0;-36.34473;1.54788;1;83.0;0;0;28;0;0;0;4;1;36;3;2269554594;0;0;0;63;0
1929;10;1;22;10.7;590;16:19:05.39;1;5.73260;-1.41361;1;82.45;0;0;28;0;0;1;4;1;37;3;2269554539;0;0;0;63;0
1794;8;1;25;8.3;6872;16:19:05.91;0;43.53422;53.17730;1;82.97;0;0;28;0;0;0;4;1;36;3;2269554591;0;0;0;63;0
1191;9;1;17;9.3;4511;16:19:07.42;0;-20.94384;39.96196;1;84.47;0;0;28;0;0;0;4;1;35;3;2269554742;0;0;0;63;0
1776;10;1;27;10.8;454;16:19:10.80;1;2.30124;-3.92097;1;87.86;0;0;28;0;0;0;4;1;36;3;2269555080;0;0;0;63;0
1550;9;1;30;9.8;3201;16:19:12.27;0;-19.87997;-25.09784;1;89.34;0;0;28;0;0;0;4;1;36;3;2269555227;0;0;0;63;0
2094;9;1;24;9.8;3230;16:19:18.69;0;-15.86433;-28.14293;1;95.75;0;0;28;0;0;0;4;1;36;3;2269555869;0;0;0;63;0
1510;9;1;16;9.9;2908;16:19:25.44;0;-13.57028;-25.72413;1;102.50;0;0;28;0;0;0;4;1;35;3;2269556544;0;0;0;63;0
2069;9;1;21;9.2;4700;16:19:30.55;0;44.59269;-14.86017;1;107.61;0;0;28;0;0;1;4;1;37;3;2269557055;0;0;0;63;0
1191;10;1;17;10.3;1816;16:19:31.72;0;-11.52254;-14.03658;1;108.77;0;0;28;0;0;0;4;1;36;3;2269557172;0;0;0;63;0
1776;10;1;27;10.0;2743;16:19:37.40;0;23.97250;-13.33433;1;114.46;0;0;28;0;0;1;4;1;37;3;2269557740;0;0;0;63;0
2053;10;1;20;10.3;1692;16:19:39.91;0;-12.57385;-11.33003;1;116.97;0;0;28;0;0;1;4;1;37;3;2269557991;0;0;0;63;0
1550;10;1;30;10.0;2747;16:19:40.99;0;17.68487;-21.02031;1;118.6;0;0;28;0;0;1;4;1;37;3;2269558099;0;0;0;63;0
2080;10;1;19;10.2;2173;16:19:41.68;0;11.58126;-18.39503;1;118.74;0;0;28;0;0;0;4;1;36;3;2269558168;0;0;0;63;0
1794;10;1;25;10.2;2222;16:19:41.92;0;-8.50566;-20.52833;1;118.98;0;0;28;0;0;1;4;1;37;3;2269558192;0;0;0;63;0
2080;10;1;19;10.6;945;16:19:43.97;1;5.94043;7.35164;1;121.3;0;0;28;0;0;1;4;1;37;3;2269558397;0;0;0;63;0
1510;10;1;16;10.5;1238;16:19:50.73;1;-10.08944;-7.19000;1;127.79;0;0;28;0;0;0;4;1;36;3;2269559073;0;0;0;63;0
1510;10;1;16;10.3;1821;16:19:53.94;0;-14.75749;-10.68144;1;131.0;0;0;28;0;0;1;4;1;37;3;2269559394;0;0;0;63;0
1191;9;1;17;9.1;4998;16:19:55.58;0;-3.42792;-49.86617;1;132.63;0;0;28;0;0;1;4;1;37;3;2269559558;0;0;0;63;0
2094;10;1;24;10.1;2474;16:19:57.12;0;19.68990;-14.98516;1;134.18;0;0;28;0;0;1;4;1;37;3;2269559712;0;0;0;63;0
1510;10;1;16;10.5;1163;16:22:35.16;1;-11.58282;1.13956;1;4.77;0;0;28;0;0;0;5;1;40;3;2269575516;0;0;0;63;0
1191;10;1;17;10.0;2537;16:22:34.91;0;25.33505;1.36182;1;4.53;0;0;28;0;0;0;5;1;40;3;2269575491;0;0;0;63;0
2053;9;1;20;9.7;3514;16:22:35.21;0;27.17949;22.28557;1;4.84;0;0;28;0;0;0;5;1;40;3;2269575521;0;0;0;63;0
1929;9;1;22;9.6;3711;16:22:34.88;0;-36.65085;5.85259;1;4.50;0;0;28;0;0;0;5;1;40;3;2269575488;0;0;0;63;0
2094;9;1;24;9.0;5075;16:22:34.77;0;-33.34502;-38.26346;1;4.40;0;0;28;0;0;0;5;1;40;3;2269575477;0;0;0;63;0
1776;8;1;27;8.8;5705;16:22:34.97;0;-22.49081;52.43448;1;4.59;0;0;28;0;0;0;5;1;40;3;2269575497;0;0;0;63;0
2080;10;1;19;10.6;1054;16:22:35.85;1;-10.53922;0.43693;1;5.46;0;0;28;0;0;0;5;1;40;3;2269575585;0;0;0;63;0
1550;9;1;30;9.2;4711;16:22:36.23;0;-31.15607;-35.33670;1;5.86;0;0;28;0;0;0;5;1;40;3;2269575623;0;0;0;63;0
2053;8;1;20;8.7;5913;16:22:37.54;0;2.84126;-59.06966;1;7.17;0;0;28;0;0;0;5;1;41;3;2269575754;0;0;0;63;0
2069;9;1;21;9.7;3322;16:22:37.25;0;-23.78117;23.20711;1;6.88;0;0;28;0;0;0;5;1;40;3;2269575725;0;0;0;63;0
1929;9;1;22;9.9;2815;16:22:36.62;0;-5.59421;27.59182;1;6.24;0;0;28;0;0;0;5;1;41;3;2269575662;0;0;0;63;0
2094;10;1;24;10.5;1139;16:22:38.49;1;1.19654;11.32737;1;8.12;0;0;28;0;0;0;5;1;41;3;2269575849;0;0;0;63;0
1510;10;1;16;10.6;879;16:22:38.97;1;-0.00623;8.79628;1;8.58;0;0;28;0;0;0;5;1;41;3;2269575897;0;0;0;63;0
1191;9;1;17;9.3;4331;16:22:36.33;0;-5.75577;-42.93380;1;5.95;0;0;28;0;0;0;5;1;41;3;2269575633;0;0;0;63;0
1776;9;1;27;9.5;3886;16:22:37.40;0;-34.57034;-17.76535;1;7.2;0;0;28;0;0;0;5;1;41;3;2269575740;0;0;0;63;0
1550;10;1;30;10.3;1726;16:22:38.91;0;-13.81682;-10.34672;1;8.54;0;0;28;0;0;0;5;1;41;3;2269575891;0;0;0;63;0
2080;10;1;19;10.5;1228;16:22:39.94;1;-9.31254;8.01363;1;9.55;0;0;28;0;0;0;5;1;41;3;2269575994;0;0;0;63;0
2053;9;1;20;9.7;3288;16:22:40.30;0;-10.13226;-31.28980;1;9.93;0;0;28;0;0;0;5;1;42;3;2269576030;0;0;0;63;0
2069;10;1;21;10.3;1906;16:22:39.47;0;10.24228;16.08067;1;9.10;0;0;28;0;0;0;5;1;41;3;2269575947;0;0;0;63;0
1929;9;1;22;9.1;4916;16:22:38.59;0;33.73231;-35.77405;1;8.21;0;0;28;0;0;0;5;1;42;3;2269575859;0;0;0;63;0
1794;8;1;25;8.3;6861;16:22:38.84;0;-59.54160;34.09400;1;8.47;0;0;28;0;0;0;5;1;40;3;2269575884;0;0;0;63;0
1776;9;1;27;9.4;4161;16:22:39.37;0;-40.40370;-9.96709;1;8.99;0;0;28;0;0;0;5;1;42;3;2269575937;0;0;0;63;0
1510;10;1;16;10.3;1737;16:22:40.49;0;12.62032;-11.94196;1;10.10;0;0;28;0;0;0;5;1;42;3;2269576049;0;0;0;63;0
1191;9;1;17;9.3;4484;16:22:37.91;0;-33.90733;-29.35489;1;7.53;0;0;28;0;0;0;5;1;42;3;2269575791;0;0;0;63;0
2094;10;1;24;10.9;178;16:22:41.31;1;-1.76217;-0.29050;1;10.94;0;0;28;0;0;0;5;1;42;3;2269576131;0;0;0;63;0
2069;9;1;21;9.8;3220;16:22:41.00;0;-15.14727;28.42258;1;10.63;0;0;28;0;0;0;5;1;42;3;2269576100;0;0;0;63;0
1929;10;1;22;10.4;1479;16:22:40.32;1;-7.72729;12.61670;1;9.94;0;0;28;0;0;0;5;1;43;3;2269576032;0;0;0;63;0
1794;8;1;25;8.4;6745;16:22:40.68;0;-56.52379;-36.81460;1;10.31;0;0;28;0;0;0;5;1;41;3;2269576068;0;0;0;63;0
1776;10;1;27;10.1;2398;16:22:41.75;0;-23.24586;-5.91768;1;11.37;0;0;28;0;0;0;5;1;43;3;2269576175;0;0;0;63;0
1550;9;1;30;9.6;3562;16:22:40.67;0;3.74559;-35.43186;1;10.30;0;0;28;0;0;0;5;1;42;3;2269576067;0;0;0;63;0
1510;8;1;16;8.0;7621;16:22:42.43;0;-62.44037;-43.70392;1;12.4;0;0;28;0;0;0;5;1;43;3;2269576243;0;0;0;63;0
1191;10;1;17;10.4;1522;16:22:39.48;1;15.19632;-0.92249;1;9.10;0;0;28;0;0;0;5;1;43;3;2269575948;0;0;0;63;0
2080;10;1;19;10.7;826;16:22:41.16;1;-2.38365;-7.91471;1;10.77;0;0;28;0;0;0;5;1;42;3;2269576116;0;0;0;63;0
2053;10;1;20;10.7;718;16:22:42.50;1;-3.98967;5.97675;1;12.13;0;0;28;0;0;0;5;1;43;3;2269576250;0;0;0;63;0
2094;10;1;24;10.2;2158;16:22:44.26;0;21.13953;-4.33981;1;13.89;0;0;28;0;0;0;5;1;43;3;2269576426;0;0;0;63;0
1550;10;1;30;10.3;1867;16:22:42.11;0;-16.02923;-9.57698;1;11.74;0;0;28;0;0;0;5;1;43;3;2269576211;0;0;0;63;0
2080;10;1;19;10.4;1398;16:22:42.54;1;4.63723;13.19752;1;12.15;0;0;28;0;0;0;5;1;43;3;2269576254;0;0;0;63;0
2069;10;1;21;10.5;1178;16:22:42.95;1;8.90188;7.72700;1;12.58;0;0;28;0;0;0;5;1;43;3;2269576295;0;0;0;63;0
1929;10;1;22;10.0;2515;16:22:42.53;0;-23.29292;-9.49415;1;12.15;0;0;28;0;0;1;5;1;44;3;2269576253;0;0;0;63;0
1794;9;1;25;9.8;3160;16:22:42.24;0;8.35413;-30.48196;1;11.87;0;0;28;0;0;0;5;1;42;3;2269576224;0;0;0;63;0
1776;9;1;27;9.3;4283;16:22:43.39;0;7.08004;42.24322;1;13.1;0;0;28;0;0;1;5;1;44;3;2269576339;0;0;0;63;0
1510;10;1;16;10.0;2559;16:22:43.91;0;2.12896;-25.50217;1;13.52;0;0;28;0;0;1;5;1;44;3;2269576391;0;0;0;63;0
1191;10;1;17;10.0;2696;16:22:42.23;0;16.96629;20.95973;1;11.85;0;0;28;0;0;1;5;1;44;3;2269576223;0;0;0;63;0
2053;10;1;20;10.4;1498;16:22:45.02;1;8.58092;-12.28001;1;14.65;0;0;28;0;0;1;5;1;44;3;2269576502;0;0;0;63;0
1550;9;1;30;9.8;3175;16:22:44.35;0;-27.16177;16.44415;1;13.98;0;0;28;0;0;1;5;1;44;3;2269576435;0;0;0;63;0
2080;9;1;19;9.6;3756;16:22:44.72;0;-20.68256;31.36218;1;14.33;0;0;28;0;0;1;5;1;44;3;2269576472;0;0;0;63;0
2069;10;1;21;10.3;1844;16:22:44.47;0;-18.02395;-3.90969;1;14.10;0;0;28;0;0;1;5;1;44;3;2269576447;0;0;0;63;0
2094;10;1;24;10.4;1410;16:22:46.67;1;6.12496;-12.70766;1;16.30;0;0;28;0;0;1;5;1;44;3;2269576667;0;0;0;63;0
1794;9;1;25;9.6;3669;16:22:44.00;0;-20.54105;-30.41293;1;13.63;0;0;28;0;0;0;5;1;43;3;2269576400;0;0;0;63;0
1794;10;1;25;10.7;710;16:22:45.75;1;-5.88650;3.98249;1;15.38;0;0;28;0;0;1;5;1;44;3;2269576575;0;0;0;63;0
1776;10;1;27;10.0;2743;16:25:13.89;0;-15.83694;22.39913;1;3.30;0;0;28;0;0;0;6;1;47;3;2269591389;0;0;0;63;0
1191;10;1;17;10.1;2406;16:25:16.18;0;-12.13910;20.77571;1;5.59;0;0;28;0;0;0;6;1;47;3;2269591618;0;0;0;63;0
2080;10;1;19;10.6;974;16:25:16.27;1;-7.75713;-5.89152;1;5.67;0;0;28;0;0;0;6;1;47;3;2269591627;0;0;0;63;0
1929;10;1;22;10.5;1145;16:25:15.96;1;-10.35903;4.88302;1;5.37;0;0;28;0;0;0;6;1;47;3;2269591596;0;0;0;63;0
2094;9;1;24;9.7;3507;16:25:16.09;0;-13.50165;32.36919;1;5.51;0;0;28;0;0;0;6;1;47;3;2269591609;0;0;0;63;0
2053;9;1;20;9.8;3225;16:25:16.48;0;11.11197;30.28249;1;5.88;0;0;28;0;0;0;6;1;47;3;2269591648;0;0;0;63;0
1794;9;1;25;9.8;3136;16:25:16.90;0;-1.61195;31.32031;1;6.32;0;0;28;0;0;0;6;1;47;3;2269591690;0;0;0;63;0
1776;9;1;27;9.3;4428;16:25:18.08;0;-41.18521;-16.27511;1;7.49;0;0;28;0;0;0;6;1;48;3;2269591808;0;0;0;63;0
1550;10;1;30;10.7;581;16:25:17.49;1;-5.06955;-2.85586;1;6.90;0;0;28;0;0;0;6;1;47;3;2269591749;0;0;0;63;0
1510;10;1;16;10.6;1089;16:25:18.38;1;7.49409;-7.90709;1;7.78;0;0;28;0;0;0;6;1;47;3;2269591838;0;0;0;63;0
1191;9;1;17;9.4;4171;16:25:17.79;0;41.54474;3.76813;1;7.20;0;0;28;0;0;0;6;1;48;3;2269591779;0;0;0;63;0
2069;9;1;21;9.7;3409;16:25:18.01;0;-32.03506;11.68092;1;7.42;0;0;28;0;0;0;6;1;47;3;2269591801;0;0;0;63;0
1929;9;1;22;9.1;4921;16:25:19.14;0;-17.96381;-45.82388;1;8.55;0;0;28;0;0;0;6;1;48;3;2269591914;0;0;0;63;0
1794;9;1;25;9.1;4972;16:25:19.56;0;-48.93828;8.80890;1;8.98;0;0;28;0;0;0;6;1;48;3;2269591956;0;0;0;63;0
2080;9;1;19;9.3;4454;16:25:18.13;0;16.22123;41.48511;1;7.53;0;0;28;0;0;0;6;1;48;3;2269591813;0;0;0;63;0
2053;10;1;20;10.7;788;16:25:18.87;1;7.86395;0.54728;1;8.27;0;0;28;0;0;0;6;1;48;3;2269591887;0;0;0;63;0
2094;10;1;24;10.4;1402;16:25:21.05;1;-12.48987;-6.38077;1;10.47;0;0;28;0;0;0;6;1;48;3;2269592105;0;0;0;63;0
1776;10;1;27;10.4;1508;16:25:20.83;1;-0.97569;-15.05494;1;10.24;0;0;28;0;0;0;6;1;49;3;2269592083;0;0;0;63;0
1550;9;1;30;9.8;3049;16:25:19.37;0;30.46306;-1.47406;1;8.78;0;0;28;0;0;0;6;1;48;3;2269591937;0;0;0;63;0
1510;10;1;16;10.2;2222;16:25:20.59;0;-9.29024;-20.18656;1;9.99;0;0;28;0;0;0;6;1;48;3;2269592059;0;0;0;63;0
1191;9;1;17;9.3;4294;16:25:19.71;0;-5.02356;-42.64921;1;9.12;0;0;28;0;0;0;6;1;49;3;2269591971;0;0;0;63;0
2080;10;1;19;10.0;2657;16:25:19.67;0;-26.45289;2.49591;1;9.7;0;0;28;0;0;0;6;1;49;3;2269591967;0;0;0;63;0
2053;10;1;20;10.3;1824;16:25:21.20;0;-12.88561;12.91034;1;10.60;0;0;28;0;0;0;6;1;49;3;2269592120;0;0;0;63;0
2069;10;1;21;10.0;2507;16:25:20.21;0;8.22053;-23.68888;1;9.62;0;0;28;0;0;0;6;1;48;3;2269592021;0;0;0;63;0
1929;10;1;22;10.3;1686;16:25:21.28;0;-11.76792;-12.08234;1;10.69;0;0;28;0;0;0;6;1;49;3;2269592128;0;0;0;63;0
1794;9;1;25;9.5;4008;16:25:21.59;0;-26.43154;-30.13985;1;11.1;0;0;28;0;0;0;6;1;49;3;2269592159;0;0;0;63;0
1510;9;1;16;9.4;4277;16:25:22.86;0;-15.22897;-39.97045;1;12.26;0;0;28;0;0;0;6;1;49;3;2269592286;0;0;0;63;0
1929;9;1;22;9.5;3900;16:25:23.50;0;33.13844;20.57799;1;12.91;0;0;28;0;0;0;6;1;50;3;2269592350;0;0;0;63;0
2094;9;1;24;9.8;3201;16:25:24.17;0;-5.06215;-31.61326;1;13.59;0;0;28;0;0;0;6;1;49;3;2269592417;0;0;0;63;0
1776;10;1;27;10.3;1834;16:25:23.61;0;6.15414;17.28458;1;13.2;0;0;28;0;0;0;6;1;50;3;2269592361;0;0;0;63;0
1550;10;1;30;10.3;1708;16:25:20.99;0;7.24128;-15.47384;1;10.40;0;0;28;0;0;0;6;1;49;3;2269592099;0;0;0;63;0
1191;9;1;17;9.5;3796;16:25:21.43;0;36.85074;-9.14935;1;10.84;0;0;28;0;0;0;6;1;50;3;2269592143;0;0;0;63;0
2080;9;1;19;9.6;3711;16:25:21.56;0;-0.26173;-37.11161;1;10.96;0;0;28;0;0;0;6;1;50;3;2269592156;0;0;0;63;0
2053;9;1;20;9.9;2971;16:25:23.23;0;24.91178;-16.19448;1;12.63;0;0;28;0;0;0;6;1;50;3;2269592323;0;0;0;63;0
2069;9;1;21;9.8;3107;16:25:21.80;0;-29.84512;-8.64173;1;11.21;0;0;28;0;0;0;6;1;49;3;2269592180;0;0;0;63;0
1794;10;1;25;10.4;1637;16:25:23.81;0;-12.42471;10.67373;1;13.23;0;0;28;0;0;0;6;1;50;3;2269592381;0;0;0;63;0
1510;9;1;16;9.7;3491;16:25:25.63;0;-34.84882;-2.08457;1;15.3;0;0;28;0;0;0;6;1;50;3;2269592563;0;0;0;63;0
2069;9;1;21;9.6;3724;16:25:23.58;0;-15.58283;-33.82627;1;12.99;0;0;28;0;0;0;6;1;50;3;2269592358;0;0;0;63;0
1929;9;1;22;9.7;3452;16:25:25.97;0;-33.66646;7.66631;1;15.38;0;0;28;0;0;1;6;1;51;3;2269592597;0;0;0;63;0
2094;9;1;24;9.8;3151;16:25:26.56;0;-9.92278;29.91680;1;15.98;0;0;28;0;0;0;6;1;50;3;2269592656;0;0;0;63;0
1776;9;1;27;9.9;2934;16:25:25.85;0;8.26745;28.15543;1;15.26;0;0;28;0;0;1;6;1;51;3;2269592585;0;0;0;63;0
1550;9;1;30;9.4;4242;16:25:22.98;0;-9.16186;-41.42674;1;12.39;0;0;28;0;0;0;6;1;50;3;2269592298;0;0;0;63;0
1191;9;1;17;9.7;3393;16:25:23.52;0;32.80610;8.69946;1;12.93;0;0;28;0;0;1;6;1;51;3;2269592352;0;0;0;63;0
2080;9;1;19;9.6;3604;16:25:24.20;0;35.05598;8.37639;1;13.60;0;0;28;0;0;1;6;1;51;3;2269592420;0;0;0;63;0
2053;10;1;20;10.1;2442;16:25:25.44;0;16.97495;-17.56389;1;14.84;0;0;28;0;0;1;6;1;51;3;2269592544;0;0;0;63;0
1794;9;1;25;9.8;3101;16:25:25.89;0;-26.30361;-16.43859;1;15.31;0;0;28;0;0;1;6;1;51;3;2269592589;0;0;0;63;0
1510;10;1;16;10.1;2359;16:25:27.27;0;0.87144;-23.57666;1;16.67;0;0;28;0;0;1;6;1;51;3;2269592727;0;0;0;63;0
2069;10;1;21;10.5;1325;16:25:25.33;1;-2.47981;-13.02374;1;14.74;0;0;28;0;0;1;6;1;51;3;2269592533;0;0;0;63;0
1550;9;1;30;9.7;3291;16:25:24.56;0;31.12069;-10.72633;1;13.97;0;0;28;0;0;1;6;1;51;3;2269592456;0;0;0;63;0
2094;10;1;24;10.4;1654;16:25:29.34;0;-5.50003;15.60067;1;18.76;0;0;28;0;0;1;6;1;51;3;2269592934;0;0;0;63;0
2094;10;1;24;10.2;2154;16:27:52.59;0;-19.20461;-9.77511;1;4.4;0;0;28;0;0;0;7;1;54;3;2269607259;0;0;0;63;0
1776;9;1;27;9.4;4034;16:27:52.54;0;-16.91741;36.62997;1;3.99;0;0;28;0;0;0;7;1;54;3;2269607254;0;0;0;63;0
2053;9;1;20;9.9;2960;16:27:53.14;0;-28.43263;-8.25549;1;4.59;0;0;28;0;0;0;7;1;54;3;2269607314;0;0;0;63;0
1794;9;1;25;9.8;3156;16:27:53.48;0;19.15943;25.08309;1;4.93;0;0;28;0;0;0;7;1;54;3;2269607348;0;0;0;63;0
1550;10;1;30;10.8;458;16:27:53.21;1;4.05363;-2.15304;1;4.67;0;0;28;0;0;0;7;1;54;3;2269607321;0;0;0;63;0
1929;9;1;22;9.7;3477;16:27:53.60;0;-27.02840;21.88469;1;5.5;0;0;28;0;0;0;7;1;54;3;2269607360;0;0;0;63;0
2080;10;1;19;10.2;2177;16:27:54.64;0;-7.20958;20.54404;1;6.8;0;0;28;0;0;0;7;1;54;3;2269607464;0;0;0;63;0
1776;10;1;27;10.0;2754;16:27:55.92;0;-27.11080;4.88829;1;7.37;0;0;28;0;0;0;7;1;55;3;2269607592;0;0;0;63;0
1510;10;1;16;10.4;1629;16:27:55.72;0;16.19858;-1.77640;1;7.17;0;0;28;0;0;0;7;1;54;3;2269607572;0;0;0;63;0
2053;10;1;20;10.6;869;16:27:56.48;1;-0.13021;-8.69461;1;7.93;0;0;28;0;0;0;7;1;55;3;2269607648;0;0;0;63;0
2069;9;1;21;9.2;4535;16:27:55.81;0;31.46842;-32.65607;1;7.27;0;0;28;0;0;0;7;1;54;3;2269607581;0;0;0;63;0
1929;10;1;22;10.7;771;16:27:56.27;1;7.67112;-0.79404;1;7.72;0;0;28;0;0;0;7;1;55;3;2269607627;0;0;0;63;0
2094;10;1;24;10.2;2099;16:27:57.03;0;-18.56827;-9.80611;1;8.48;0;0;28;0;0;0;7;1;55;3;2269607703;0;0;0;63;0
1794;10;1;25;10.7;624;16:27:56.59;1;5.79661;2.31503;1;8.4;0;0;28;0;0;0;7;1;55;3;2269607659;0;0;0;63;0
1550;10;1;30;10.7;800;16:27:54.73;1;-7.94977;-0.90421;1;6.19;0;0;28;0;0;0;7;1;55;3;2269607473;0;0;0;63;0
1191;9;1;17;9.5;3958;16:27:56.12;0;36.40701;15.54917;1;7.56;0;0;28;0;0;0;7;1;54;3;2269607612;0;0;0;63;0
2080;9;1;19;9.4;4144;16:27:56.23;0;1.77937;41.40228;1;7.67;0;0;28;0;0;0;7;1;55;3;2269607623;0;0;0;63;0
1510;10;1;16;10.2;2134;16:27:57.52;0;14.95824;-15.22474;1;8.97;0;0;28;0;0;0;7;1;55;3;2269607752;0;0;0;63;0
2053;10;1;20;10.3;1830;16:27:59.46;0;3.12525;-18.03572;1;10.91;0;0;28;0;0;0;7;1;56;3;2269607946;0;0;0;63;0
2069;9;1;21;9.0;5067;16:27:57.88;0;49.69119;-9.95530;1;9.34;0;0;28;0;0;0;7;1;55;3;2269607788;0;0;0;63;0
1929;8;1;22;8.9;5458;16:27:59.02;0;-52.62487;14.49193;1;10.47;0;0;28;0;0;0;7;1;56;3;2269607902;0;0;0;63;0
2094;10;1;24;10.6;1028;16:27:59.93;1;-8.16227;-6.25040;1;11.38;0;0;28;0;0;0;7;1;56;3;2269607993;0;0;0;63;0
1794;10;1;25;10.3;1856;16:27:59.12;0;12.42097;-13.79605;1;10.57;0;0;28;0;0;0;7;1;56;3;2269607912;0;0;0;63;0
1776;10;1;27;10.4;1648;16:27:59.11;0;-13.38485;-9.62021;1;10.56;0;0;28;0;0;0;7;1;56;3;2269607911;0;0;0;63;0
1550;9;1;30;9.5;4026;16:27:56.46;0;-29.10818;-27.81369;1;7.92;0;0;28;0;0;0;7;1;56;3;2269607646;0;0;0;63;0
1510;9;1;16;9.3;4506;16:27:59.70;0;-40.86150;-18.99431;1;11.15;0;0;28;0;0;0;7;1;56;3;2269607970;0;0;0;63;0
1191;9;1;17;9.2;4727;16:27:57.71;0;27.26845;38.62027;1;9.15;0;0;28;0;0;0;7;1;55;3;2269607771;0;0;0;63;0
2080;9;1;19;9.8;3095;16:27:57.86;0;21.48227;-22.28324;1;9.30;0;0;28;0;0;0;7;1;56;3;2269607786;0;0;0;63;0
2069;10;1;21;10.3;1873;16:27:59.67;0;10.90792;15.22981;1;11.13;0;0;28;0;0;0;7;1;56;3;2269607967;0;0;0;63;0
1929;10;1;22;10.3;1902;16:28:01.46;0;15.28298;11.32394;1;12.91;0;0;28;0;0;0;7;1;57;3;2269608146;0;0;0;63;0
1794;9;1;25;9.2;4637;16:28:01.64;0;-1.37922;-46.35823;1;13.9;0;0;28;0;0;0;7;1;57;3;2269608164;0;0;0;63;0
1776;9;1;27;9.4;4057;16:28:01.39;0;-8.99449;-39.56387;1;12.84;0;0;28;0;0;0;7;1;57;3;2269608139;0;0;0;63;0
1191;10;1;17;10.7;637;16:27:59.28;1;4.71209;4.29359;1;10.72;0;0;28;0;0;0;7;1;56;3;2269607928;0;0;0;63;0
2080;9;1;19;9.2;4704;16:27:59.36;0;46.24547;8.63812;1;10.80;0;0;28;0;0;0;7;1;57;3;2269607936;0;0;0;63;0
2053;9;1;20;9.9;3010;16:28:02.31;0;-13.39987;-26.95920;1;13.76;0;0;28;0;0;0;7;1;57;3;2269608231;0;0;0;63;0
2094;10;1;24;10.6;853;16:28:03.09;1;-4.01906;-7.52992;1;14.54;0;0;28;0;0;0;7;1;57;3;2269608309;0;0;0;63;0
1550;10;1;30;10.0;2504;16:27:58.72;0;13.98039;-20.77466;1;10.18;0;0;28;0;0;0;7;1;57;3;2269607872;0;0;0;63;0
1510;9;1;16;9.9;2957;16:28:02.92;0;28.42321;8.18172;1;14.37;0;0;28;0;0;0;7;1;57;3;2269608292;0;0;0;63;0
2069;9;1;21;9.6;3684;16:28:01.34;0;36.68801;3.39557;1;12.80;0;0;28;0;0;0;7;1;57;3;2269608134;0;0;0;63;0
1929;9;1;22;9.3;4385;16:28:03.53;0;-34.58985;26.95312;1;14.98;0;0;28;0;0;1;7;1;58;3;2269608353;0;0;0;63;0
1794;10;1;25;10.5;1359;16:28:04.16;1;2.03962;-13.44480;1;15.61;0;0;28;0;0;1;7;1;58;3;2269608416;0;0;0;63;0
1776;10;1;27;10.2;2104;16:28:03.61;0;-3.92132;-20.67747;1;15.6;0;0;28;0;0;1;7;1;58;3;2269608361;0;0;0;63;0
1191;10;1;17;10.0;2504;16:28:01.13;0;-20.83203;13.90999;1;12.57;0;0;28;0;0;0;7;1;57;3;2269608113;0;0;0;63;0
2080;10;1;19;10.2;2049;16:28:02.51;0;19.01289;-7.64998;1;13.95;0;0;28;0;0;1;7;1;58;3;2269608251;0;0;0;63;0
2053;10;1;20;10.3;1875;16:28:04.80;0;13.08495;-13.44000;1;16.25;0;0;28;0;0;1;7;1;58;3;2269608480;0;0;0;63;0
2069;9;1;21;9.6;3561;16:28:03.13;0;35.58859;1.35171;1;14.59;0;0;28;0;0;1;7;1;58;3;2269608313;0;0;0;63;0
2094;10;1;24;10.2;1989;16:28:05.87;0;15.57418;12.38352;1;17.32;0;0;28;0;0;1;7;1;58;3;2269608587;0;0;0;63;0
1550;10;1;30;10.5;1294;16:28:00.62;1;7.61412;10.47159;1;12.8;0;0;28;0;0;1;7;1;58;3;2269608062;0;0;0;63;0
1510;10;1;16;10.0;2755;16:28:05.20;0;-24.02839;-13.47871;1;16.65;0;0;28;0;0;1;7;1;58;3;2269608520;0;0;0;63;0
1191;9;1;17;9.6;3758;16:28:04.32;0;14.68343;34.59582;1;15.76;0;0;28;0;0;1;7;1;58;3;2269608432;0;0;0;63;0
1510;9;1;16;9.7;3360;16:30:28.04;0;24.17241;-23.34257;1;4.67;0;0;28;0;0;0;8;1;61;3;2269622804;0;0;0;63;0
2080;9;1;19;9.6;3712;16:30:27.71;0;-37.10347;1.25977;1;4.34;0;0;28;0;0;0;8;1;61;3;2269622771;0;0;0;63;0
1776;10;1;27;10.4;1467;16:30:28.01;1;5.47600;-13.61070;1;4.65;0;0;28;0;0;0;8;1;61;3;2269622801;0;0;0;63;0
1550;8;1;30;8.5;6284;16:30:27.77;0;-21.82143;-58.93216;1;4.41;0;0;28;0;0;0;8;1;61;3;2269622777;0;0;0;63;0
1191;9;1;17;9.5;3889;16:30:28.79;0;-0.65534;38.88725;1;5.43;0;0;28;0;0;0;8;1;61;3;2269622879;0;0;0;63;0
2053;8;1;20;8.2;7095;16:30:28.40;0;62.76242;33.09644;1;5.3;0;0;28;0;0;0;8;1;61;3;2269622840;0;0;0;63;0
2094;9;1;24;9.6;3709;16:30:28.50;0;-35.83514;9.58061;1;5.14;0;0;28;0;0;0;8;1;61;3;2269622850;0;0;0;63;0
2069;10;1;21;10.6;963;16:30:29.99;1;6.05200;-7.49291;1;6.63;0;0;28;0;0;0;8;1;61;3;2269622999;0;0;0;63;0
1929;9;1;22;9.2;4738;16:30:29.85;0;-47.16083;4.64817;1;6.49;0;0;28;0;0;0;8;1;61;3;2269622985;0;0;0;63;0
1794;9;1;25;9.2;4746;16:30:30.30;0;17.50037;44.11655;1;6.94;0;0;28;0;0;0;8;1;61;3;2269623030;0;0;0;63;0
1550;9;1;30;9.6;3554;16:30:29.71;0;12.70632;-33.19941;1;6.35;0;0;28;0;0;0;8;1;62;3;2269622971;0;0;0;63;0
1510;10;1;16;10.3;1896;16:30:31.78;0;-1.58188;-18.90155;1;8.41;0;0;28;0;0;0;8;1;62;3;2269623178;0;0;0;63;0
1191;9;1;17;9.7;3390;16:30:30.41;0;17.75077;28.89045;1;7.5;0;0;28;0;0;0;8;1;62;3;2269623041;0;0;0;63;0
2080;10;1;19;10.5;1248;16:30:29.68;1;6.08416;10.89722;1;6.31;0;0;28;0;0;0;8;1;62;3;2269622968;0;0;0;63;0
2053;10;1;20;10.2;2116;16:30:30.85;0;-7.14849;-19.92333;1;7.48;0;0;28;0;0;0;8;1;62;3;2269623085;0;0;0;63;0
2069;10;1;21;10.2;2129;16:30:31.97;0;-21.29224;-0.40539;1;8.61;0;0;28;0;0;0;8;1;62;3;2269623197;0;0;0;63;0
1929;10;1;22;10.2;2205;16:30:31.85;0;-21.92354;2.41014;1;8.49;0;0;28;0;0;0;8;1;62;3;2269623185;0;0;0;63;0
2094;9;1;24;9.5;3929;16:30:31.60;0;-22.36397;32.31546;1;8.24;0;0;28;0;0;0;8;1;62;3;2269623160;0;0;0;63;0
1794;10;1;25;10.1;2448;16:30:33.19;0;1.56146;24.43266;1;9.83;0;0;28;0;0;0;8;1;62;3;2269623319;0;0;0;63;0
1776;9;1;27;9.7;3326;16:30:31.44;0;32.50905;-7.05376;1;8.8;0;0;28;0;0;0;8;1;62;3;2269623144;0;0;0;63;0
1510;10;1;16;10.1;2225;16:30:33.62;0;15.09024;-16.36091;1;10.25;0;0;28;0;0;0;8;1;63;3;2269623362;0;0;0;63;0
2080;10;1;19;10.7;626;16:30:31.80;1;6.15019;1.21167;1;8.43;0;0;28;0;0;0;8;1;63;3;2269623180;0;0;0;63;0
2053;10;1;20;10.3;1784;16:30:33.41;0;-5.22964;-17.06599;1;10.4;0;0;28;0;0;0;8;1;63;3;2269623341;0;0;0;63;0
2094;8;1;24;8.2;7206;16:30:34.42;0;-70.06264;-16.86307;1;11.6;0;0;28;0;0;0;8;1;63;3;2269623442;0;0;0;63;0
1776;9;1;27;9.2;4569;16:30:33.94;0;-7.09218;-45.14618;1;10.58;0;0;28;0;0;0;8;1;63;3;2269623394;0;0;0;63;0
1550;10;1;30;10.3;1803;16:30:31.35;0;13.71950;-11.71159;1;7.99;0;0;28;0;0;0;8;1;63;3;2269623135;0;0;0;63;0
1191;8;1;17;8.7;5853;16:30:33.04;0;42.60833;40.12938;1;9.68;0;0;28;0;0;0;8;1;63;3;2269623304;0;0;0;63;0
2069;10;1;21;10.1;2335;16:30:33.81;0;-21.94718;-7.99957;1;10.45;0;0;28;0;0;0;8;1;63;3;2269623381;0;0;0;63;0
1929;9;1;22;9.4;4059;16:30:35.11;0;-35.93840;18.88043;1;11.75;0;0;28;0;0;0;8;1;63;3;2269623511;0;0;0;63;0
1794;10;1;25;10.0;2566;16:30:35.62;0;25.62139;-1.45254;1;12.26;0;0;28;0;0;0;8;1;63;3;2269623562;0;0;0;63;0
1550;10;1;30;10.5;1147;16:30:33.44;1;8.76923;7.40393;1;10.8;0;0;28;0;0;0;8;1;64;3;2269623344;0;0;0;63;0
1510;9;1;16;9.2;4757;16:30:36.24;0;-46.90319;-7.95280;1;12.87;0;0;28;0;0;0;8;1;64;3;2269623624;0;0;0;63;0
1191;9;1;17;9.8;3071;16:30:35.48;0;28.95413;10.25833;1;12.12;0;0;28;0;0;0;8;1;64;3;2269623548;0;0;0;63;0
2080;10;1;19;10.7;558;16:30:33.47;1;-0.70645;5.54304;1;10.10;0;0;28;0;0;0;8;1;64;3;2269623347;0;0;0;63;0
2053;9;1;20;9.1;4870;16:30:35.99;0;33.44181;35.41448;1;12.62;0;0;28;0;0;0;8;1;64;3;2269623599;0;0;0;63;0
2069;9;1;21;9.8;3266;16:30:35.44;0;-27.54583;-17.56353;1;12.8;0;0;28;0;0;0;8;1;64;3;2269623544;0;0;0;63;0
2094;10;1;24;10.1;2267;16:30:37.06;0;-10.20894;20.24818;1;13.70;0;0;28;0;0;0;8;1;64;3;2269623706;0;0;0;63;0
1776;9;1;27;9.1;4869;16:30:36.30;0;5.08764;-48.42732;1;12.94;0;0;28;0;0;0;8;1;64;3;2269623630;0;0;0;63;0
1510;8;1;16;8.7;5917;16:30:38.57;0;-55.62619;20.18338;1;15.20;0;0;28;0;0;1;8;1;65;3;2269623857;0;0;0;63;0
2080;10;1;19;10.0;2765;16:30:35.88;0;13.95379;-23.87871;1;12.51;0;0;28;0;0;1;8;1;65;3;2269623588;0;0;0;63;0
2053;9;1;20;9.7;3365;16:30:38.83;0;20.59663;-26.61202;1;15.46;0;0;28;0;0;1;8;1;65;3;2269623883;0;0;0;63;0
1929;10;1;22;10.8;415;16:30:37.68;1;-3.83965;-1.60031;1;14.32;0;0;28;0;0;0;8;1;64;3;2269623768;0;0;0;63;0
1794;10;1;25;10.5;1167;16:30:38.29;1;8.71801;-7.75940;1;14.93;0;0;28;0;0;0;8;1;64;3;2269623829;0;0;0;63;0
1776;10;1;27;10.3;1736;16:30:38.20;0;-7.79872;-15.51066;1;14.84;0;0;28;0;0;1;8;1;65;3;2269623820;0;0;0;63;0
1550;10;1;30;10.3;1832;16:30:35.71;0;8.56754;-16.20054;1;12.35;0;0;28;0;0;1;8;1;65;3;2269623571;0;0;0;63;0
1191;8;1;17;8.8;5731;16:30:38.96;0;19.09877;54.04288;1;15.60;0;0;28;0;0;1;8;1;65;3;2269623896;0;0;0;63;0
2069;9;1;21;9.8;3258;16:30:37.17;0;-29.10024;-14.66197;1;13.81;0;0;28;0;0;1;8;1;65;3;2269623717;0;0;0;63;0
1929;9;1;22;9.5;3819;16:30:40.44;0;-1.18289;38.17215;1;17.8;0;0;28;0;0;1;8;1;65;3;2269624044;0;0;0;63;0
2094;10;1;24;10.2;2033;16:30:40.03;0;-11.13989;-17.00649;1;16.67;0;0;28;0;0;1;8;1;65;3;2269624003;0;0;0;63;0
1794;9;1;25;9.3;4446;16:30:40.48;0;23.80536;-37.55914;1;17.12;0;0;28;0;0;1;8;1;65;3;2269624048;0;0;0;63;0
1191;9;1;17;9.9;2817;16:35:29.04;0;-5.01181;27.72286;1;2.32;0;0;28;0;0;0;9;1;68;3;2269652904;0;0;0;63;0
2053;8;1;20;8.1;7311;16:35:29.40;0;-47.89887;-55.23567;1;2.68;0;0;28;0;0;0;9;1;68;3;2269652940;0;0;0;63;0
1510;9;1;16;9.6;3628;16:35:30.09;0;-28.04346;23.01925;1;3.37;0;0;28;0;0;0;9;1;68;3;2269653009;0;0;0;63;0
2080;10;1;19;10.1;2244;16:35:29.66;0;-21.11614;-7.61928;1;2.94;0;0;28;0;0;0;9;1;68;3;2269652966;0;0;0;63;0
2069;10;1;21;10.2;1991;16:35:29.96;0;14.38728;-13.77045;1;3.25;0;0;28;0;0;0;9;1;68;3;2269652996;0;0;0;63;0
1929;9;1;22;9.5;3806;16:35:29.43;0;-7.09346;37.39694;1;2.72;0;0;28;0;0;0;9;1;68;3;2269652943;0;0;0;63;0
2094;9;1;24;9.9;2935;16:35:29.43;0;-3.13106;-29.19246;1;2.72;0;0;28;0;0;0;9;1;68;3;2269652943;0;0;0;63;0
1794;9;1;25;9.0;5105;16:35:29.79;0;-10.39984;49.98456;1;3.7;0;0;28;0;0;0;9;1;68;3;2269652979;0;0;0;63;0
1776;9;1;27;9.4;4201;16:35:29.88;0;-41.90781;2.93305;1;3.16;0;0;28;0;0;0;9;1;68;3;2269652988;0;0;0;63;0
1550;10;1;30;10.5;1156;16:35:29.85;1;-1.14076;-11.51248;1;3.14;0;0;28;0;0;0;9;1;68;3;2269652985;0;0;0;63;0
1191;10;1;17;10.5;1251;16:35:30.83;1;-8.34124;-9.33097;1;4.11;0;0;28;0;0;0;9;1;69;3;2269653083;0;0;0;63;0
2080;10;1;19;10.6;936;16:35:31.01;1;-9.27901;-1.22907;1;4.29;0;0;28;0;0;0;9;1;69;3;2269653101;0;0;0;63;0
2053;10;1;20;10.3;1694;16:35:30.85;0;12.47735;11.46094;1;4.13;0;0;28;0;0;0;9;1;69;3;2269653085;0;0;0;63;0
2094;9;1;24;9.8;3249;16:35:31.09;0;32.36569;-2.92682;1;4.38;0;0;28;0;0;0;9;1;69;3;2269653109;0;0;0;63;0
1794;8;1;25;8.7;5919;16:35:31.20;0;-56.95127;-16.12856;1;4.48;0;0;28;0;0;0;9;1;69;3;2269653120;0;0;0;63;0
1776;9;1;27;9.4;4144;16:35:31.44;0;31.64235;-26.77135;1;4.72;0;0;28;0;0;0;9;1;69;3;2269653144;0;0;0;63;0
1550;10;1;30;10.0;2678;16:35:31.47;0;4.83589;-26.34254;1;4.76;0;0;28;0;0;0;9;1;69;3;2269653147;0;0;0;63;0
1510;9;1;16;9.4;4146;16:35:31.59;0;41.42250;1.84865;1;4.87;0;0;28;0;0;0;9;1;69;3;2269653159;0;0;0;63;0
2069;9;1;21;9.9;2798;16:35:31.07;0;27.70512;-3.96479;1;4.36;0;0;28;0;0;0;9;1;69;3;2269653107;0;0;0;63;0
1929;10;1;22;10.3;1806;16:35:30.97;0;10.82229;14.46770;1;4.26;0;0;28;0;0;0;9;1;69;3;2269653097;0;0;0;63;0
2094;10;1;24;10.3;1670;16:35:32.56;0;10.43317;13.04426;1;5.85;0;0;28;0;0;0;9;1;70;3;2269653256;0;0;0;63;0
1794;8;1;25;8.8;5709;16:35:32.41;0;-25.65519;-51.00760;1;5.69;0;0;28;0;0;0;9;1;70;3;2269653241;0;0;0;63;0
1510;10;1;16;10.6;1043;16:35:32.97;1;8.78958;-5.63246;1;6.25;0;0;28;0;0;0;9;1;70;3;2269653297;0;0;0;63;0
1191;9;1;17;9.1;5022;16:35:32.34;0;-32.85917;37.99020;1;5.62;0;0;28;0;0;0;9;1;70;3;2269653234;0;0;0;63;0
2080;9;1;19;9.6;3747;16:35:32.36;0;23.43282;29.23952;1;5.64;0;0;28;0;0;0;9;1;70;3;2269653236;0;0;0;63;0
2053;8;1;20;8.9;5303;16:35:32.35;0;42.62127;-31.55760;1;5.63;0;0;28;0;0;0;9;1;70;3;2269653235;0;0;0;63;0
2069;10;1;21;10.0;2506;16:35:32.08;0;-22.62574;10.79655;1;5.37;0;0;28;0;0;0;9;1;70;3;2269653208;0;0;0;63;0
1929;10;1;22;10.3;1710;16:35:32.63;0;10.68280;-13.35551;1;5.92;0;0;28;0;0;0;9;1;70;3;2269653263;0;0;0;63;0
1776;9;1;27;9.9;2991;16:35:32.67;0;5.55194;-29.39021;1;5.95;0;0;28;0;0;0;9;1;70;3;2269653267;0;0;0;63;0
1550;9;1;30;9.6;3675;16:35:32.71;0;-9.31106;-35.55761;1;6.0;0;0;28;0;0;0;9;1;70;3;2269653271;0;0;0;63;0
2080;9;1;19;9.6;3560;16:35:33.71;0;31.65065;16.30989;1;6.99;0;0;28;0;0;0;9;1;71;3;2269653371;0;0;0;63;0
2053;10;1;20;10.0;2753;16:35:33.87;0;13.41438;-24.04744;1;7.15;0;0;28;0;0;0;9;1;71;3;2269653387;0;0;0;63;0
2069;10;1;21;10.1;2232;16:35:33.31;0;20.58804;-8.64139;1;6.60;0;0;28;0;0;0;9;1;71;3;2269653331;0;0;0;63;0
1929;10;1;22;10.7;607;16:35:33.98;1;-5.88293;-1.51807;1;7.27;0;0;28;0;0;0;9;1;71;3;2269653398;0;0;0;63;0
2094;9;1;24;9.0;5179;16:35:33.93;0;51.65391;-3.76352;1;7.22;0;0;28;0;0;0;9;1;71;3;2269653393;0;0;0;63;0
1794;10;1;25;10.7;647;16:35:33.60;1;-6.43141;0.78939;1;6.88;0;0;28;0;0;0;9;1;71;3;2269653360;0;0;0;63;0
1776;10;1;27;10.0;2708;16:35:33.86;0;-22.23316;-15.46709;1;7.14;0;0;28;0;0;0;9;1;71;3;2269653386;0;0;0;63;0
1550;9;1;30;9.3;4351;16:35:33.92;0;20.56345;-38.35315;1;7.21;0;0;28;0;0;0;9;1;71;3;2269653392;0;0;0;63;0
1510;9;1;16;9.2;4543;16:35:34.21;0;-11.26929;-44.01705;1;7.49;0;0;28;0;0;0;9;1;71;3;2269653421;0;0;0;63;0
1191;9;1;17;9.9;2801;16:35:33.87;0;27.48882;-5.40644;1;7.15;0;0;28;0;0;0;9;1;71;3;2269653387;0;0;0;63;0
2094;10;1;24;10.4;1547;16:35:35.26;0;-6.82534;13.89177;1;8.55;0;0;28;0;0;1;9;1;72;3;2269653526;0;0;0;63;0
1794;9;1;25;9.1;4877;16:35:34.92;0;-48.37970;-6.17365;1;8.20;0;0;28;0;0;1;9;1;72;3;2269653492;0;0;0;63;0
2080;10;1;19;10.0;2623;16:35:35.32;0;23.62781;11.39637;1;8.60;0;0;28;0;0;1;9;1;72;3;2269653532;0;0;0;63;0
2053;10;1;20;10.6;1081;16:35:35.38;1;10.53773;2.44116;1;8.66;0;0;28;0;0;1;9;1;72;3;2269653538;0;0;0;63;0
2069;10;1;21;10.2;1978;16:35:34.59;0;12.19065;15.57763;1;7.88;0;0;28;0;0;1;9;1;72;3;2269653459;0;0;0;63;0
1929;10;1;22;10.2;2129;16:35:35.30;0;15.37799;14.73246;1;8.59;0;0;28;0;0;1;9;1;72;3;2269653530;0;0;0;63;0
1776;10;1;27;10.4;1562;16:35:35.04;0;5.23059;-14.72546;1;8.32;0;0;28;0;0;1;9;1;72;3;2269653504;0;0;0;63;0
1550;10;1;30;10.3;1803;16:35:35.04;0;12.77267;-12.72610;1;8.33;0;0;28;0;0;1;9;1;72;3;2269653504;0;0;0;63;0
1191;8;1;17;8.9;5432;16:35:35.42;0;-49.87263;-21.53330;1;8.70;0;0;28;0;0;1;9;1;72;3;2269653542;0;0;0;63;0
1510;9;1;16;9.9;2799;16:35:35.39;0;24.77401;-13.03298;1;8.67;0;0;28;0;0;1;9;1;72;3;2269653539;0;0;0;63;0
1191;9;1;17;9.2;4730;16:37:53.00;0;-47.04254;-4.97853;1;2.91;0;0;28;0;0;0;10;1;75;3;2269667300;0;0;0;63;0
1776;10;1;27;10.6;964;16:37:53.10;1;9.19450;2.91982;1;3.2;0;0;28;0;0;0;10;1;75;3;2269667310;0;0;0;63;0
2080;10;1;19;10.3;1699;16:37:53.46;0;-5.41359;16.11422;1;3.38;0;0;28;0;0;0;10;1;75;3;2269667346;0;0;0;63;0
2053;7;1;20;7.0;10274;16:37:53.29;0;102.67409;3.72337;1;3.20;0;0;28;0;0;0;10;1;75;3;2269667329;0;0;0;63;0
1929;10;1;22;10.1;2402;16:37:53.23;0;20.00385;13.29795;1;3.16;0;0;28;0;0;0;10;1;75;3;2269667323;0;0;0;63;0
1794;9;1;25;9.9;2978;16:37:53.27;0;-28.61303;8.25547;1;3.19;0;0;28;0;0;0;10;1;75;3;2269667327;0;0;0;63;0
1510;9;1;16;9.4;4204;16:37:54.60;0;-20.83538;36.52287;1;4.52;0;0;28;0;0;0;10;1;75;3;2269667460;0;0;0;63;0
2069;9;1;21;9.6;3720;16:37:54.38;0;19.10496;-31.92287;1;4.30;0;0;28;0;0;0;10;1;75;3;2269667438;0;0;0;63;0
1929;7;1;22;7.9;8017;16:37:54.76;0;-73.62654;31.73357;1;4.69;0;0;28;0;0;0;10;1;76;3;2269667476;0;0;0;63;0
2094;9;1;24;9.1;4848;16:37:52.53;0;15.74068;45.85493;1;2.45;0;0;28;0;0;0;10;1;75;3;2269667253;0;0;0;63;0
1550;8;1;30;8.2;7148;16:37:54.69;0;11.41523;-70.56949;1;4.61;0;0;28;0;0;0;10;1;75;3;2269667469;0;0;0;63;0
1191;10;1;17;10.0;2656;16:37:54.27;0;7.71035;25.42061;1;4.18;0;0;28;0;0;0;10;1;76;3;2269667427;0;0;0;63;0
2080;10;1;19;10.5;1117;16:37:54.74;1;-10.93355;-2.31469;1;4.66;0;0;28;0;0;0;10;1;76;3;2269667474;0;0;0;63;0
2053;7;1;20;7.7;8523;16:37:54.83;0;-46.40944;-71.49445;1;4.74;0;0;28;0;0;0;10;1;76;3;2269667483;0;0;0;63;0
2069;10;1;21;10.0;2726;16:37:55.41;0;-16.44846;-21.74701;1;5.33;0;0;28;0;0;0;10;1;76;3;2269667541;0;0;0;63;0
2094;9;1;24;9.7;3332;16:37:54.31;0;-31.66507;10.38879;1;4.23;0;0;28;0;0;0;10;1;76;3;2269667431;0;0;0;63;0
1794;9;1;25;9.6;3624;16:37:54.61;0;-33.96007;-12.67688;1;4.53;0;0;28;0;0;0;10;1;76;3;2269667461;0;0;0;63;0
1776;9;1;27;9.7;3428;16:37:54.71;0;32.29782;-11.50242;1;4.63;0;0;28;0;0;0;10;1;76;3;2269667471;0;0;0;63;0
1550;9;1;30;9.7;3427;16:37:55.89;0;25.26344;23.16198;1;5.81;0;0;28;0;0;0;10;1;76;3;2269667589;0;0;0;63;0
1510;9;1;16;9.9;2887;16:37:56.01;0;1.00865;28.86145;1;5.93;0;0;28;0;0;0;10;1;76;3;2269667601;0;0;0;63;0
1191;9;1;17;9.4;4184;16:37:55.57;0;41.07120;8.00601;1;5.48;0;0;28;0;0;0;10;1;77;3;2269667557;0;0;0;63;0
2080;10;1;19;10.1;2444;16:37:55.90;0;23.93247;4.96824;1;5.82;0;0;28;0;0;0;10;1;77;3;2269667590;0;0;0;63;0
2053;9;1;20;9.7;3296;16:37:56.73;0;-28.47497;16.61308;1;6.64;0;0;28;0;0;0;10;1;77;3;2269667673;0;0;0;63;0
2069;10;1;21;10.3;1844;16:37:56.47;0;18.30832;2.27354;1;6.39;0;0;28;0;0;0;10;1;77;3;2269667647;0;0;0;63;0
1929;10;1;22;10.3;1935;16:37:56.06;0;9.05521;-17.10729;1;5.99;0;0;28;0;0;0;10;1;77;3;2269667606;0;0;0;63;0
2094;8;1;24;8.9;5318;16:37:55.92;0;-24.62630;47.13890;1;5.84;0;0;28;0;0;0;10;1;77;3;2269667592;0;0;0;63;0
1794;10;1;25;10.3;1851;16:37:56.06;0;12.94195;13.24279;1;5.98;0;0;28;0;0;0;10;1;77;3;2269667606;0;0;0;63;0
1776;8;1;27;8.7;5977;16:37:56.07;0;-55.51803;22.15688;1;5.99;0;0;28;0;0;0;10;1;77;3;2269667607;0;0;0;63;0
1510;9;1;16;9.6;3758;16:37:57.20;0;37.57550;0.60047;1;7.12;0;0;28;0;0;0;10;1;77;3;2269667720;0;0;0;63;0
1191;10;1;17;10.4;1451;16:37:57.10;1;-9.87293;-10.63559;1;7.1;0;0;28;0;0;0;10;1;78;3;2269667710;0;0;0;63;0
2053;8;1;20;8.7;5805;16:37:58.10;0;-55.71999;-16.29859;1;8.1;0;0;28;0;0;0;10;1;78;3;2269667810;0;0;0;63;0
1929;9;1;22;9.4;4145;16:37:57.46;0;37.74020;-17.14149;1;7.39;0;0;28;0;0;0;10;1;78;3;2269667746;0;0;0;63;0
2094;9;1;24;9.3;4468;16:37:57.37;0;24.14794;37.60059;1;7.29;0;0;28;0;0;0;10;1;78;3;2269667737;0;0;0;63;0
1794;10;1;25;10.7;763;16:37:57.27;1;5.07276;5.70605;1;7.19;0;0;28;0;0;0;10;1;78;3;2269667727;0;0;0;63;0
1776;8;1;27;8.9;5426;16:37:57.37;0;50.33426;-20.27997;1;7.29;0;0;28;0;0;0;10;1;78;3;2269667737;0;0;0;63;0
1550;9;1;30;9.8;3184;16:37:57.01;0;22.79168;22.23380;1;6.93;0;0;28;0;0;0;10;1;77;3;2269667701;0;0;0;63;0
1510;9;1;16;9.5;3867;16:37:58.42;0;-2.61161;-38.58382;1;8.34;0;0;28;0;0;0;10;1;78;3;2269667842;0;0;0;63;0
2080;9;1;19;9.6;3545;16:37:57.79;0;34.14918;9.52935;1;7.71;0;0;28;0;0;0;10;1;78;3;2269667779;0;0;0;63;0
2069;10;1;21;10.4;1568;16:37:57.42;0;-14.09939;-6.87796;1;7.34;0;0;28;0;0;0;10;1;78;3;2269667742;0;0;0;63;0
2094;10;1;24;10.3;1860;16:37:58.84;0;-3.19761;18.32762;1;8.76;0;0;28;0;0;1;10;1;79;3;2269667884;0;0;0;63;0
1550;10;1;30;10.0;2733;16:37:58.10;0;24.50154;-12.11528;1;8.2;0;0;28;0;0;0;10;1;78;3;2269667810;0;0;0;63;0
1191;8;1;17;8.4;6567;16:37:59.28;0;-56.11515;34.11449;1;9.19;0;0;28;0;0;1;10;1;79;3;2269667928;0;0;0;63;0
2080;9;1;19;9.3;4350;16:37:59.11;0;24.45334;35.98535;1;9.3;0;0;28;0;0;1;10;1;79;3;2269667911;0;0;0;63;0
2053;10;1;20;10.6;966;16:37:59.70;1;-8.27964;-4.99406;1;9.61;0;0;28;0;0;1;10;1;79;3;2269667970;0;0;0;63;0
1929;9;1;22;9.2;4646;16:37:58.61;0;-46.29084;4.07626;1;8.54;0;0;28;0;0;1;10;1;79;3;2269667861;0;0;0;63;0
1794;10;1;25;10.7;817;16:37:58.53;1;-3.43603;-7.42094;1;8.45;0;0;28;0;0;1;10;1;79;3;2269667853;0;0;0;63;0
1776;9;1;27;9.9;2873;16:37:58.92;0;7.67880;-27.69001;1;8.84;0;0;28;0;0;1;10;1;79;3;2269667892;0;0;0;63;0
1510;8;1;16;8.7;5789;16:37:59.77;0;-39.02106;42.76501;1;9.69;0;0;28;0;0;1;10;1;79;3;2269667977;0;0;0;63;0
2069;10;1;21;10.6;954;16:37:58.39;1;0.00906;9.54532;1;8.31;0;0;28;0;0;1;10;1;79;3;2269667839;0;0;0;63;0
1550;7;1;30;7.8;8118;16:37:59.20;0;49.06022;64.68868;1;9.12;0;0;28;0;0;1;10;1;79;3;2269667920;0;0;0;63;0
1929;10;1;22;10.3;1710;16:40:19.71;0;-15.18647;7.87518;1;2.48;0;0;28;0;0;0;11;1;82;3;2269681971;0;0;0;63;0
1191;10;1;17;10.0;2567;16:40:20.09;0;-19.49414;16.70332;1;2.85;0;0;28;0;0;0;11;1;82;3;2269682009;0;0;0;63;0
2080;8;1;19;8.5;6473;16:40:20.22;0;-49.68455;-41.49966;1;2.98;0;0;28;0;0;0;11;1;82;3;2269682022;0;0;0;63;0
2053;10;1;20;10.1;2326;16:40:20.17;0;-16.58762;-16.31408;1;2.93;0;0;28;0;0;0;11;1;82;3;2269682017;0;0;0;63;0
2069;10;1;21;10.2;1967;16:40:20.38;0;17.81926;-8.33594;1;3.15;0;0;28;0;0;0;11;1;82;3;2269682038;0;0;0;63;0
2094;8;1;24;8.5;6478;16:40:20.30;0;-57.76122;29.32984;1;3.6;0;0;28;0;0;0;11;1;82;3;2269682030;0;0;0;63;0
1794;10;1;25;10.6;1070;16:40:20.29;1;10.68062;0.72562;1;3.5;0;0;28;0;0;0;11;1;82;3;2269682029;0;0;0;63;0
1776;10;1;27;10.6;963;16:40:20.09;1;7.84204;-5.59616;1;2.85;0;0;28;0;0;0;11;1;82;3;2269682009;0;0;0;63;0
1510;10;1;16;10.2;1948;16:40:20.52;0;15.35030;-12.00950;1;3.28;0;0;28;0;0;0;11;1;82;3;2269682052;0;0;0;63;0
1191;10;1;17;10.8;435;16:40:21.37;1;3.71461;2.27696;1;4.13;0;0;28;0;0;0;11;1;83;3;2269682137;0;0;0;63;0
1929;10;1;22;10.2;1969;16:40:21.38;0;-0.06451;19.69309;1;4.15;0;0;28;0;0;0;11;1;83;3;2269682138;0;0;0;63;0
1550;10;1;30;10.2;2045;16:40:21.43;0;-13.65228;-15.23784;1;4.20;0;0;28;0;0;0;11;1;82;3;2269682143;0;0;0;63;0
1510;10;1;16;10.4;1455;16:40:21.90;1;-8.95523;11.46868;1;4.66;0;0;28;0;0;0;11;1;83;3;2269682190;0;0;0;63;0
2080;10;1;19;10.5;1310;16:40:21.65;1;6.01045;11.64328;1;4.41;0;0;28;0;0;0;11;1;83;3;2269682165;0;0;0;63;0
2053;9;1;20;9.6;3738;16:40:21.71;0;-31.69199;-19.82503;1;4.47;0;0;28;0;0;0;11;1;83;3;2269682171;0;0;0;63;0
2069;8;1;21;8.7;5890;16:40:21.54;0;13.05705;-57.44196;1;4.31;0;0;28;0;0;0;11;1;83;3;2269682154;0;0;0;63;0
2094;10;1;24;10.8;443;16:40:21.63;1;-4.18149;-1.48564;1;4.39;0;0;28;0;0;0;11;1;83;3;2269682163;0;0;0;63;0
1794;10;1;25;10.1;2490;16:40:21.64;0;23.85168;7.15139;1;4.40;0;0;28;0;0;0;11;1;83;3;2269682164;0;0;0;63;0
1776;9;1;27;9.3;4417;16:40:22.03;0;18.48184;40.12760;1;4.79;0;0;28;0;0;0;11;1;83;3;2269682203;0;0;0;63;0
1191;9;1;17;9.1;4835;16:40:22.63;0;-15.40258;45.83508;1;5.39;0;0;28;0;0;0;11;1;84;3;2269682263;0;0;0;63;0
2080;10;1;19;10.1;2420;16:40:22.87;0;-23.93485;3.60447;1;5.63;0;0;28;0;0;0;11;1;84;3;2269682287;0;0;0;63;0
2053;10;1;20;10.0;2598;16:40:23.22;0;-7.09835;-24.99180;1;5.98;0;0;28;0;0;0;11;1;84;3;2269682322;0;0;0;63;0
2069;9;1;21;9.1;4989;16:40:22.68;0;21.74720;-44.90960;1;5.45;0;0;28;0;0;0;11;1;84;3;2269682268;0;0;0;63;0
1929;9;1;22;9.7;3316;16:40:22.92;0;-33.01262;-3.20665;1;5.69;0;0;28;0;0;0;11;1;84;3;2269682292;0;0;0;63;0
2094;8;1;24;8.7;5928;16:40:22.98;0;-50.15637;-31.60098;1;5.74;0;0;28;0;0;0;11;1;84;3;2269682298;0;0;0;63;0
1794;9;1;25;9.3;4467;16:40:22.87;0;-20.60118;-39.64044;1;5.63;0;0;28;0;0;0;11;1;84;3;2269682287;0;0;0;63;0
1776;9;1;27;9.2;4767;16:40:23.81;0;41.12206;24.11996;1;6.57;0;0;28;0;0;0;11;1;84;3;2269682381;0;0;0;63;0
1550;10;1;30;10.3;1839;16:40:22.52;0;8.83822;16.13575;1;5.29;0;0;28;0;0;0;11;1;83;3;2269682252;0;0;0;63;0
1510;10;1;16;10.0;2706;16:40:23.16;0;-24.45467;-11.58577;1;5.92;0;0;28;0;0;0;11;1;84;3;2269682316;0;0;0;63;0
2080;10;1;19;10.1;2401;16:40:24.24;0;17.22013;16.73541;1;7.0;0;0;28;0;0;0;11;1;85;3;2269682424;0;0;0;63;0
1550;9;1;30;9.6;3680;16:40:23.78;0;33.62541;14.96499;1;6.55;0;0;28;0;0;0;11;1;84;3;2269682378;0;0;0;63;0
1510;10;1;16;10.6;927;16:40:24.45;1;9.22962;0.90556;1;7.21;0;0;28;0;0;0;11;1;85;3;2269682445;0;0;0;63;0
2053;10;1;20;10.0;2645;16:40:24.48;0;-5.14844;-25.95359;1;7.24;0;0;28;0;0;0;11;1;85;3;2269682448;0;0;0;63;0
2069;10;1;21;10.1;2405;16:40:23.80;0;7.40096;-22.88351;1;6.57;0;0;28;0;0;0;11;1;85;3;2269682380;0;0;0;63;0
1929;9;1;22;9.7;3468;16:40:24.37;0;-29.53723;-18.18604;1;7.14;0;0;28;0;0;0;11;1;85;3;2269682437;0;0;0;63;0
2094;8;1;24;8.7;5782;16:40:24.34;0;43.75407;-37.80830;1;7.10;0;0;28;0;0;0;11;1;85;3;2269682434;0;0;0;63;0
1794;9;1;25;9.9;2844;16:40:24.02;0;3.13348;28.26820;1;6.78;0;0;28;0;0;0;11;1;85;3;2269682402;0;0;0;63;0
1776;10;1;27;10.5;1296;16:40:25.42;1;12.08920;4.67299;1;8.18;0;0;28;0;0;0;11;1;85;3;2269682542;0;0;0;63;0
1191;10;1;17;10.1;2303;16:40:24.12;0;18.75674;13.36862;1;6.88;0;0;28;0;0;0;11;1;85;3;2269682412;0;0;0;63;0
2080;10;1;19;10.0;2611;16:40:25.71;0;6.71606;25.23615;1;8.47;0;0;28;0;0;1;11;1;86;3;2269682571;0;0;0;63;0
1929;9;1;22;9.5;4022;16:40:25.81;0;-39.39187;8.16812;1;8.58;0;0;28;0;0;1;11;1;86;3;2269682581;0;0;0;63;0
2094;9;1;24;9.8;3033;16:40:25.82;0;-8.75481;-29.04765;1;8.58;0;0;28;0;0;1;11;1;86;3;2269682582;0;0;0;63;0
1794;9;1;25;9.4;4103;16:40:25.12;0;40.30216;7.72505;1;7.88;0;0;28;0;0;1;11;1;86;3;2269682512;0;0;0;63;0
1550;8;1;30;8.8;5754;16:40:24.89;0;-56.66031;-10.03648;1;7.66;0;0;28;0;0;0;11;1;85;3;2269682489;0;0;0;63;0
1510;9;1;16;9.0;5228;16:40:25.68;0;-46.56316;-23.77649;1;8.44;0;0;28;0;0;1;11;1;86;3;2269682568;0;0;0;63;0
1191;9;1;17;9.9;2781;16:40:25.54;0;-27.67161;-2.85226;1;8.30;0;0;28;0;0;1;11;1;86;3;2269682554;0;0;0;63;0
2053;9;1;20;9.8;3251;16:40:25.84;0;5.76838;-31.99707;1;8.60;0;0;28;0;0;1;11;1;86;3;2269682584;0;0;0;63;0
2069;10;1;21;10.5;1319;16:40:24.98;1;6.53156;11.46613;1;7.75;0;0;28;0;0;1;11;1;86;3;2269682498;0;0;0;63;0
1776;10;1;27;10.1;2293;16:40:26.89;0;3.13388;22.72191;1;9.65;0;0;28;0;0;1;11;1;86;3;2269682689;0;0;0;63;0
1550;9;1;30;9.6;3538;16:40:26.16;0;35.21931;3.38888;1;8.93;0;0;28;0;0;1;11;1;86;3;2269682616;0;0;0;63;0
1191;8;1;17;8.4;6752;16:42:48.04;0;-67.50997;-1.58840;1;2.47;0;0;28;0;0;0;12;1;89;3;2269696804;0;0;0;63;0
2080;10;1;19;10.1;2427;16:42:48.24;0;-23.65268;5.46623;1;2.67;0;0;28;0;0;0;12;1;89;3;2269696824;0;0;0;63;0
2053;7;1;20;7.7;8328;16:42:48.61;0;-71.21161;43.19166;1;3.4;0;0;28;0;0;0;12;1;89;3;2269696861;0;0;0;63;0
2069;9;1;21;9.2;4728;16:42:48.43;0;8.94832;-46.43481;1;2.87;0;0;28;0;0;0;12;1;89;3;2269696843;0;0;0;63;0
1929;9;1;22;9.5;3987;16:42:48.30;0;-37.70154;12.97955;1;2.75;0;0;28;0;0;0;12;1;89;3;2269696830;0;0;0;63;0
2094;9;1;24;9.6;3547;16:42:48.17;0;-33.94563;10.31915;1;2.62;0;0;28;0;0;0;12;1;89;3;2269696817;0;0;0;63;0
1794;9;1;25;9.7;3423;16:42:48.53;0;32.59797;10.45981;1;2.97;0;0;28;0;0;0;12;1;89;3;2269696853;0;0;0;63;0
1776;8;1;27;8.2;7275;16:42:48.21;0;61.44785;38.95940;1;2.65;0;0;28;0;0;0;12;1;89;3;2269696821;0;0;0;63;0
1550;10;1;30;10.0;2573;16:42:48.30;0;2.20465;25.63968;1;2.74;0;0;28;0;0;0;12;1;89;3;2269696830;0;0;0;63;0
1510;9;1;16;9.5;3979;16:42:49.03;0;-34.92083;-19.09373;1;3.47;0;0;28;0;0;0;12;1;89;3;2269696903;0;0;0;63;0
1191;9;1;17;9.8;3136;16:42:49.48;0;-24.14547;-20.01282;1;3.91;0;0;28;0;0;0;12;1;90;3;2269696948;0;0;0;63;0
2053;10;1;20;10.2;1985;16:42:50.06;0;-17.35285;9.65111;1;4.49;0;0;28;0;0;0;12;1;90;3;2269697006;0;0;0;63;0
2069;9;1;21;9.6;3707;16:42:49.55;0;29.48985;-22.47536;1;3.99;0;0;28;0;0;0;12;1;90;3;2269696955;0;0;0;63;0
1929;10;1;22;10.0;2744;16:42:49.84;0;-18.16522;-20.57235;1;4.29;0;0;28;0;0;0;12;1;90;3;2269696984;0;0;0;63;0
2094;10;1;24;10.3;1759;16:42:49.61;0;8.88113;-15.19207;1;4.6;0;0;28;0;0;0;12;1;90;3;2269696961;0;0;0;63;0
1794;9;1;25;9.5;3833;16:42:49.84;0;32.83036;19.78850;1;4.28;0;0;28;0;0;0;12;1;90;3;2269696984;0;0;0;63;0
1776;10;1;27;10.5;1137;16:42:49.89;1;-11.37674;0.22814;1;4.33;0;0;28;0;0;0;12;1;90;3;2269696989;0;0;0;63;0
1550;9;1;30;9.6;3705;16:42:49.63;0;9.88598;35.71501;1;4.7;0;0;28;0;0;0;12;1;90;3;2269696963;0;0;0;63;0
1510;10;1;16;10.2;2046;16:42:51.10;0;-15.82797;-12.97364;1;5.54;0;0;28;0;0;0;12;1;90;3;2269697110;0;0;0;63;0
2080;9;1;19;9.5;3788;16:42:49.65;0;8.56287;36.90417;1;4.8;0;0;28;0;0;0;12;1;90;3;2269696965;0;0;0;63;0
1929;10;1;22;10.2;2092;16:42:51.17;0;-5.26838;-20.24628;1;5.62;0;0;28;0;0;0;12;1;91;3;2269697117;0;0;0;63;0
1776;9;1;27;9.5;3847;16:42:51.18;0;4.08409;38.25930;1;5.62;0;0;28;0;0;0;12;1;91;3;2269697118;0;0;0;63;0
1550;9;1;30;9.8;3064;16:42:51.03;0;2.17669;30.57243;1;5.47;0;0;28;0;0;0;12;1;91;3;2269697103;0;0;0;63;0
1191;9;1;17;9.9;2968;16:42:50.89;0;-27.87226;-10.20543;1;5.32;0;0;28;0;0;0;12;1;91;3;2269697089;0;0;0;63;0
2080;10;1;19;10.1;2462;16:42:51.04;0;23.41393;7.63888;1;5.47;0;0;28;0;0;0;12;1;91;3;2269697104;0;0;0;63;0
2053;8;1;20;8.6;6215;16:42:51.50;0;-50.94033;-35.60837;1;5.93;0;0;28;0;0;0;12;1;91;3;2269697150;0;0;0;63;0
2069;9;1;21;9.5;3909;16:42:50.66;0;-6.92510;-38.48077;1;5.10;0;0;28;0;0;0;12;1;91;3;2269697066;0;0;0;63;0
2094;10;1;24;10.5;1199;16:42:50.89;1;1.03232;11.95329;1;5.34;0;0;28;0;0;0;12;1;91;3;2269697089;0;0;0;63;0
1794;10;1;25;10.0;2701;16:42:51.09;0;-24.08074;-12.24622;1;5.53;0;0;28;0;0;0;12;1;91;3;2269697109;0;0;0;63;0
1510;10;1;16;10.4;1476;16:42:52.44;1;-11.02228;-9.82011;1;6.88;0;0;28;0;0;0;12;1;91;3;2269697244;0;0;0;63;0
1191;9;1;17;9.9;2914;16:42:52.73;0;-28.50414;-6.08829;1;7.16;0;0;28;0;0;0;12;1;92;3;2269697273;0;0;0;63;0
2080;9;1;19;9.6;3754;16:42:52.46;0;9.85432;36.23267;1;6.89;0;0;28;0;0;0;12;1;92;3;2269697246;0;0;0;63;0
2053;9;1;20;9.3;4505;16:42:52.88;0;-21.08152;-39.82067;1;7.31;0;0;28;0;0;0;12;1;92;3;2269697288;0;0;0;63;0
1929;8;1;22;8.4;6579;16:42:52.75;0;-65.70611;3.47978;1;7.20;0;0;28;0;0;0;12;1;92;3;2269697275;0;0;0;63;0
2094;10;1;24;10.0;2726;16:42:52.36;0;-16.44507;-21.74433;1;6.81;0;0;28;0;0;0;12;1;92;3;2269697236;0;0;0;63;0
1794;8;1;25;8.8;5691;16:42:52.41;0;-29.42024;-48.72425;1;6.85;0;0;28;0;0;0;12;1;92;3;2269697241;0;0;0;63;0
1776;9;1;27;9.1;5001;16:42:52.56;0;34.43897;36.26923;1;7.0;0;0;28;0;0;0;12;1;92;3;2269697256;0;0;0;63;0
1550;10;1;30;10.0;2690;16:42:52.40;0;-0.83225;26.89518;1;6.84;0;0;28;0;0;0;12;1;92;3;2269697240;0;0;0;63;0
1510;9;1;16;9.6;3702;16:42:53.61;0;-36.74852;-4.50720;1;8.5;0;0;28;0;0;0;12;1;92;3;2269697361;0;0;0;63;0
2069;9;1;21;9.4;4273;16:42:51.82;0;-17.65996;-38.92009;1;6.26;0;0;28;0;0;0;12;1;92;3;2269697182;0;0;0;63;0
1929;10;1;22;10.0;2589;16:42:54.04;0;-13.02676;22.37860;1;8.49;0;0;28;0;0;7;12;1;93;3;2269697404;0;0;0;63;0
1550;10;1;30;10.6;931;16:42:53.60;1;6.03017;7.10175;1;8.4;0;0;28;0;0;7;12;1;93;3;2269697360;0;0;0;63;0
1510;9;1;16;9.6;3583;16:42:54.78;0;9.55118;34.54112;1;9.22;0;0;28;0;0;7;12;1;93;3;2269697478;0;0;0;63;0
1191;10;1;17;10.0;2529;16:42:54.03;0;15.94396;-19.63115;1;8.46;0;0;28;0;0;7;12;1;93;3;2269697403;0;0;0;63;0
2080;8;1;19;8.9;5313;16:42:53.69;0;4.60343;52.93396;1;8.12;0;0;28;0;0;7;12;1;93;3;2269697369;0;0;0;63;0
2053;10;1;20;10.5;1342;16:42:54.09;1;0.28763;-13.41871;1;8.52;0;0;28;0;0;7;12;1;93;3;2269697409;0;0;0;63;0
2069;9;1;21;9.4;4165;16:42:53.10;0;2.36616;-41.58543;1;7.54;0;0;28;0;0;7;12;1;93;3;2269697310;0;0;0;63;0
2094;10;1;24;10.8;437;16:42:53.73;1;3.94024;-1.89769;1;8.18;0;0;28;0;0;7;12;1;93;3;2269697373;0;0;0;63;0
1794;10;1;25;10.1;2257;16:42:53.61;0;-10.62936;19.91446;1;8.5;0;0;28;0;0;7;12;1;93;3;2269697361;0;0;0;63;0
1776;9;1;27;9.4;4061;16:42:53.98;0;-3.07147;40.49950;1;8.42;0;0;28;0;0;7;12;1;93;3;2269697398;0;0;0;63;0
