72;10;0;18;10.3;3583;09:38:11.76;0;-6.21309;-35.29465;1;6.49;0;0;5;1;0;0;0;0;6;3;2267149176;0;0;0;62;0
36;9;0;43;9.9;5433;09:38:12.44;0;54.03901;-5.63647;1;7.17;0;0;5;1;0;0;0;0;6;3;2267149244;0;0;0;62;0
193;10;0;13;10.7;1338;09:38:12.64;1;-2.38495;-13.17257;1;7.36;0;0;5;1;0;0;0;0;6;3;2267149264;0;0;0;62;0
71;10;0;23;10.2;4003;09:38:12.40;0;19.21572;35.12135;1;7.13;0;0;5;1;0;0;0;0;6;3;2267149240;0;0;0;62;0
215;10;0;28;10.0;5139;09:38:12.80;0;-50.25280;-10.76140;1;7.52;0;0;5;1;0;0;0;0;6;3;2267149280;0;0;0;62;0
46;10;0;33;10.7;1311;09:38:12.60;1;12.23707;-4.73146;1;7.33;0;0;5;1;0;0;0;0;6;3;2267149260;0;0;0;62;0
161;10;0;38;10.9;428;09:38:12.48;1;1.25741;-4.09753;1;7.21;0;0;5;1;0;0;0;0;6;3;2267149248;0;0;0;62;0
193;10;0;13;10.5;2180;09:38:11.47;1;21.77472;-1.08818;1;6.19;0;0;5;1;0;0;0;0;7;3;2267149147;0;0;0;62;0
72;10;0;18;10.3;3273;09:38:10.74;0;-0.76535;-32.72894;1;5.47;0;0;5;1;0;0;0;0;7;3;2267149074;0;0;0;62;0
71;9;0;23;9.9;5358;09:38:11.33;0;52.52932;-10.59574;1;6.6;0;0;5;1;0;0;0;0;7;3;2267149133;0;0;0;62;0
46;10;0;33;10.8;993;09:38:11.41;1;-4.84802;-8.67161;1;6.15;0;0;5;1;0;0;0;0;7;3;2267149141;0;0;0;62;0
161;10;0;38;10.4;2807;09:38:11.41;0;17.34333;22.07860;1;6.14;0;0;5;1;0;0;0;0;7;3;2267149141;0;0;0;62;0
36;10;0;43;10.1;4421;09:38:11.34;0;43.91832;5.11324;1;6.7;0;0;5;1;0;0;0;0;7;3;2267149134;0;0;0;62;0
215;10;0;28;10.7;1387;09:38:11.80;1;-9.67742;9.94349;1;6.53;0;0;5;1;0;0;0;0;7;3;2267149180;0;0;0;62;0
193;10;0;13;10.3;3222;09:38:10.31;0;18.82948;-26.14553;1;5.3;0;0;5;1;0;0;0;0;8;3;2267149031;0;0;0;62;0
71;10;0;23;10.4;3035;09:38:10.27;0;23.26815;-19.49115;1;5.0;0;0;5;1;0;0;0;0;8;3;2267149027;0;0;0;62;0
36;9;0;43;9.2;8319;09:38:10.17;0;81.29823;17.67866;1;4.90;0;0;5;1;0;0;0;0;8;3;2267149017;0;0;0;62;0
215;10;0;28;10.7;1187;09:38:10.92;1;2.54605;-11.59639;1;5.65;0;0;5;1;0;0;0;0;8;3;2267149092;0;0;0;62;0
46;10;0;33;10.6;2073;09:38:10.21;1;20.17427;-4.77231;1;4.94;0;0;5;1;0;0;0;0;8;3;2267149021;0;0;0;62;0
161;9;0;38;9.9;5511;09:38:10.38;0;-50.13342;-22.89609;1;5.11;0;0;5;1;0;0;0;0;8;3;2267149038;0;0;0;62;0
193;10;0;13;10.6;1709;09:38:09.14;1;3.03411;16.82553;1;3.86;0;0;5;1;0;0;0;0;9;3;2267148914;0;0;0;62;0
72;9;0;18;9.8;6033;09:38:09.68;0;1.11443;-60.32703;1;4.40;0;0;5;1;0;0;0;0;8;3;2267148968;0;0;0;62;0
71;10;0;23;10.4;2974;09:38:09.13;0;29.69323;-1.76860;1;3.85;0;0;5;1;0;0;0;0;9;3;2267148913;0;0;0;62;0
46;10;0;33;10.5;2407;09:38:08.99;1;2.77486;23.91372;1;3.72;0;0;5;1;0;0;0;0;9;3;2267148899;0;0;0;62;0
161;10;0;38;10.6;1702;09:38:09.03;1;-12.64927;-11.39142;1;3.76;0;0;5;1;0;0;0;0;9;3;2267148903;0;0;0;62;0
72;10;0;18;10.1;4698;09:38:08.63;0;43.73287;17.17946;1;3.35;0;0;5;1;0;0;0;0;9;3;2267148863;0;0;0;62;0
36;10;0;43;10.8;895;09:38:09.09;1;1.26710;-8.86232;1;3.82;0;0;5;1;0;0;0;0;9;3;2267148909;0;0;0;62;0
193;9;0;13;9.8;5741;09:38:07.88;0;-48.15350;-31.27765;1;2.60;0;0;5;1;0;1;0;0;10;3;2267148788;0;0;0;62;0
71;10;0;23;10.0;5034;09:38:08.01;0;-46.05170;-20.33553;1;2.74;0;0;5;1;0;1;0;0;10;3;2267148801;0;0;0;62;0
215;9;0;28;9.9;5320;09:38:09.87;0;-46.39237;-26.04743;1;4.60;0;0;5;1;0;0;0;0;9;3;2267148987;0;0;0;62;0
72;10;0;18;10.4;2847;09:38:07.38;0;-24.46863;-14.55546;1;2.9;0;0;5;1;0;1;0;0;10;3;2267148738;0;0;0;62;0
46;10;0;33;10.4;3083;09:38:07.52;0;30.82127;1.04234;1;2.24;0;0;5;1;0;1;0;0;10;3;2267148752;0;0;0;62;0
161;10;0;38;10.7;1372;09:38:07.58;1;13.08676;-4.12685;1;2.31;0;0;5;1;0;1;0;0;10;3;2267148758;0;0;0;62;0
36;10;0;43;10.2;4070;09:38:07.85;0;23.99977;32.87989;1;2.58;0;0;5;1;0;1;0;0;10;3;2267148785;0;0;0;62;0
215;10;0;28;10.4;2766;09:38:08.38;1;-2.55853;27.54970;1;3.11;0;0;5;1;0;1;0;0;10;3;2267148838;0;0;0;62;0
161;9;1;38;9.9;5283;09:40:55.35;0;-52.11249;-8.69012;1;7.25;0;0;5;1;0;0;1;1;14;3;2267165535;0;0;0;62;0
36;10;1;43;10.3;3508;09:40:54.97;0;29.70085;-18.68211;1;6.87;0;0;5;1;0;0;1;1;14;3;2267165497;0;0;0;62;0
193;10;1;13;10.5;2624;09:40:54.81;1;-8.88613;-24.69878;1;6.70;0;0;5;1;0;0;1;1;14;3;2267165481;0;0;0;62;0
72;10;1;18;10.1;4516;09:40:54.75;0;-22.34112;-39.24712;1;6.63;0;0;5;1;0;0;1;1;14;3;2267165475;0;0;0;62;0
215;10;1;28;10.4;3038;09:40:55.94;0;-30.33779;1.76004;1;7.83;0;0;5;1;0;0;1;1;14;3;2267165594;0;0;0;62;0
46;10;1;33;10.8;574;09:40:55.17;1;-4.61864;-3.41899;1;7.6;0;0;5;1;0;0;1;1;14;3;2267165517;0;0;0;62;0
71;10;1;23;10.1;4405;09:40:55.81;0;-19.73216;-39.38502;1;7.70;0;0;5;1;0;0;1;1;14;3;2267165581;0;0;0;62;0
193;10;1;13;10.4;3090;09:40:53.80;0;4.62267;-30.55917;1;5.69;0;0;5;1;0;0;1;1;15;3;2267165380;0;0;0;62;0
72;10;1;18;10.1;4732;09:40:53.75;0;43.85532;-17.78238;1;5.64;0;0;5;1;0;0;1;1;15;3;2267165375;0;0;0;62;0
215;10;1;28;10.3;3674;09:40:55.06;0;-36.34565;5.40664;1;6.95;0;0;5;1;0;0;1;1;15;3;2267165506;0;0;0;62;0
46;10;1;33;10.0;4793;09:40:54.06;0;33.46352;34.32606;1;5.95;0;0;5;1;0;0;1;1;15;3;2267165406;0;0;0;62;0
161;10;1;38;10.0;4959;09:40:54.00;0;4.06264;-49.42991;1;5.90;0;0;5;1;0;0;1;1;15;3;2267165400;0;0;0;62;0
36;10;1;43;10.4;3049;09:40:54.00;0;13.72143;-27.23834;1;5.90;0;0;5;1;0;0;1;1;15;3;2267165400;0;0;0;62;0
71;10;1;23;10.3;3482;09:40:54.87;0;-25.94341;-23.23685;1;6.76;0;0;5;1;0;0;1;1;15;3;2267165487;0;0;0;62;0
193;9;1;13;9.9;5606;09:40:52.74;0;4.31740;-55.90203;1;4.63;0;0;5;1;0;0;1;1;16;3;2267165274;0;0;0;62;0
161;10;1;38;10.4;2816;09:40:52.73;0;24.24903;-14.32030;1;4.62;0;0;5;1;0;0;1;1;16;3;2267165273;0;0;0;62;0
36;10;1;43;10.2;3843;09:40:52.86;0;36.40816;12.32529;1;4.75;0;0;5;1;0;0;1;1;16;3;2267165286;0;0;0;62;0
71;10;1;23;10.8;706;09:40:53.88;1;2.24922;6.69520;1;5.77;0;0;5;1;0;0;1;1;16;3;2267165388;0;0;0;62;0
215;10;1;28;10.4;2763;09:40:54.09;1;12.83327;24.47554;1;5.98;0;0;5;1;0;0;1;1;16;3;2267165409;0;0;0;62;0
46;10;1;33;10.6;1586;09:40:52.84;1;9.59826;-12.62754;1;4.74;0;0;5;1;0;0;1;1;16;3;2267165284;0;0;0;62;0
193;10;1;13;10.1;4392;09:40:51.66;0;-13.78439;-41.70413;1;3.55;0;0;5;1;0;0;1;1;17;3;2267165166;0;0;0;62;0
72;10;1;18;10.2;4210;09:40:52.75;0;-38.85485;-16.23060;1;4.64;0;0;5;1;0;0;1;1;16;3;2267165275;0;0;0;62;0
71;10;1;23;10.3;3435;09:40:52.65;0;-16.17357;-30.30772;1;4.54;0;0;5;1;0;0;1;1;17;3;2267165265;0;0;0;62;0
161;10;1;38;10.6;1636;09:40:51.72;1;-10.66462;12.40669;1;3.61;0;0;5;1;0;0;1;1;17;3;2267165172;0;0;0;62;0
215;10;1;28;10.3;3653;09:40:52.97;0;35.26570;9.53039;1;4.87;0;0;5;1;0;0;1;1;17;3;2267165297;0;0;0;62;0
46;10;1;33;10.6;1653;09:40:51.71;1;-7.36529;-14.80859;1;3.60;0;0;5;1;0;0;1;1;17;3;2267165171;0;0;0;62;0
36;10;1;43;10.6;2109;09:40:51.74;1;7.72016;-19.63200;1;3.63;0;0;5;1;0;0;1;1;17;3;2267165174;0;0;0;62;0
72;9;1;18;9.2;8423;09:40:51.69;0;-62.65692;56.29685;1;3.58;0;0;5;1;0;0;1;1;17;3;2267165169;0;0;0;62;0
193;10;1;13;10.1;4390;09:40:50.41;0;-23.60871;-37.01571;1;2.30;0;0;5;1;0;1;1;1;18;3;2267165041;0;0;0;62;0
215;10;1;28;10.7;1543;09:40:51.56;1;-7.11898;13.69289;1;3.46;0;0;5;1;0;1;1;1;18;3;2267165156;0;0;0;62;0
46;9;1;33;9.6;6795;09:40:50.56;0;40.50366;-54.56865;1;2.45;0;0;5;1;0;1;1;1;18;3;2267165056;0;0;0;62;0
161;10;1;38;10.2;4013;09:40:50.61;0;-5.83208;39.71205;1;2.50;0;0;5;1;0;1;1;1;18;3;2267165061;0;0;0;62;0
72;9;1;18;9.8;5768;09:40:50.55;0;57.63261;-2.36755;1;2.44;0;0;5;1;0;1;1;1;18;3;2267165055;0;0;0;62;0
71;10;1;23;10.4;2783;09:40:51.39;0;-19.24016;20.11172;1;3.28;0;0;5;1;0;1;1;1;18;3;2267165139;0;0;0;62;0
36;10;1;43;10.3;3601;09:40:50.67;0;-26.83208;24.01916;1;2.56;0;0;5;1;0;1;1;1;18;3;2267165067;0;0;0;62;0
72;10;1;18;10.3;3680;09:43:38.23;0;10.65263;-35.22863;1;7.8;0;0;5;1;0;0;2;1;22;3;2267181823;0;0;0;62;0
46;10;1;33;10.6;1585;09:43:38.21;1;15.38707;-3.83603;1;7.7;0;0;5;1;0;0;2;1;22;3;2267181821;0;0;0;62;0
161;9;1;38;9.7;6261;09:43:38.04;0;-41.70838;-46.70183;1;6.90;0;0;5;1;0;0;2;1;22;3;2267181804;0;0;0;62;0
36;9;1;43;9.6;6608;09:43:38.22;0;-13.79258;-64.63102;1;7.7;0;0;5;1;0;0;2;1;22;3;2267181822;0;0;0;62;0
193;10;1;13;10.0;4759;09:43:38.59;0;20.73266;-42.84358;1;7.44;0;0;5;1;0;0;2;1;22;3;2267181859;0;0;0;62;0
71;10;1;23;10.5;2164;09:43:38.91;1;-19.04100;-10.29393;1;7.77;0;0;5;1;0;0;2;1;22;3;2267181891;0;0;0;62;0
161;10;1;38;10.1;4588;09:43:36.97;0;-42.21719;-17.96360;1;5.83;0;0;5;1;0;0;2;1;23;3;2267181697;0;0;0;62;0
193;9;1;13;9.9;5446;09:43:37.39;0;39.10282;-37.91783;1;6.24;0;0;5;1;0;0;2;1;23;3;2267181739;0;0;0;62;0
46;10;1;33;10.2;3697;09:43:37.12;0;36.96594;-0.89522;1;5.98;0;0;5;1;0;0;2;1;23;3;2267181712;0;0;0;62;0
72;9;1;18;9.4;7291;09:43:37.15;0;-62.59090;-37.40666;1;6.0;0;0;5;1;0;0;2;1;23;3;2267181715;0;0;0;62;0
71;10;1;23;10.7;1436;09:43:37.84;1;0.67942;-14.35295;1;6.70;0;0;5;1;0;0;2;1;23;3;2267181784;0;0;0;62;0
36;10;1;43;10.6;1611;09:43:37.37;1;-12.71154;9.91054;1;6.22;0;0;5;1;0;0;2;1;23;3;2267181737;0;0;0;62;0
193;10;1;13;10.4;2823;09:43:36.25;0;-13.54381;-24.77626;1;5.10;0;0;5;1;0;0;2;1;24;3;2267181625;0;0;0;62;0
46;10;1;33;10.2;4187;09:43:35.98;0;-18.38930;-37.62498;1;4.84;0;0;5;1;0;0;2;1;24;3;2267181598;0;0;0;62;0
161;10;1;38;10.3;3600;09:43:35.88;0;-14.52834;-32.94398;1;4.73;0;0;5;1;0;0;2;1;24;3;2267181588;0;0;0;62;0
71;10;1;23;10.2;4123;09:43:36.68;0;34.68933;-22.29341;1;5.53;0;0;5;1;0;0;2;1;24;3;2267181668;0;0;0;62;0
36;10;1;43;10.2;4135;09:43:36.38;0;40.66332;-7.50741;1;5.24;0;0;5;1;0;0;2;1;24;3;2267181638;0;0;0;62;0
193;10;1;13;10.7;1083;09:43:35.08;1;-3.89313;-10.10932;1;3.93;0;0;5;1;0;0;2;1;25;3;2267181508;0;0;0;62;0
72;10;1;18;10.1;4719;09:43:36.06;0;-46.99536;-4.38825;1;4.91;0;0;5;1;0;0;2;1;24;3;2267181606;0;0;0;62;0
71;9;1;23;9.7;6435;09:43:35.48;0;-20.91790;-60.86214;1;4.34;0;0;5;1;0;0;2;1;25;3;2267181548;0;0;0;62;0
46;9;1;33;9.5;7193;09:43:34.75;0;12.14743;-70.89877;1;3.61;0;0;5;1;0;0;2;1;25;3;2267181475;0;0;0;62;0
161;10;1;38;10.8;955;09:43:34.66;1;1.39743;9.44722;1;3.52;0;0;5;1;0;0;2;1;25;3;2267181466;0;0;0;62;0
36;10;1;43;10.1;4313;09:43:35.45;0;43.12081;1.05585;1;4.31;0;0;5;1;0;0;2;1;25;3;2267181545;0;0;0;62;0
72;10;1;18;10.1;4478;09:43:34.99;0;-17.55835;41.19708;1;3.84;0;0;5;1;0;0;2;1;25;3;2267181499;0;0;0;62;0
215;9;1;28;9.4;7607;09:43:39.33;0;-63.32319;-42.15401;1;0.9;0;0;5;1;0;0;2;1;22;3;2267181933;0;0;0;62;0
193;10;1;13;10.4;3057;09:43:33.80;0;-30.44233;2.81826;1;2.65;0;0;5;1;0;1;2;1;26;3;2267181380;0;0;0;62;0
46;9;1;33;9.9;5388;09:43:33.54;0;-4.13360;-53.73006;1;2.40;0;0;5;1;0;1;2;1;26;3;2267181354;0;0;0;62;0
161;10;1;38;10.3;3351;09:43:33.47;0;-25.06880;22.24186;1;2.33;0;0;5;1;0;1;2;1;26;3;2267181347;0;0;0;62;0
36;10;1;43;10.6;1948;09:43:34.49;1;18.11175;7.18939;1;3.35;0;0;5;1;0;1;2;1;26;3;2267181449;0;0;0;62;0
72;10;1;18;10.5;2627;09:43:33.80;1;-5.24583;25.74848;1;2.65;0;0;5;1;0;1;2;1;26;3;2267181380;0;0;0;62;0
71;9;1;23;9.9;5318;09:43:34.26;0;-10.94211;52.04634;1;3.11;0;0;5;1;0;1;2;1;26;3;2267181426;0;0;0;62;0
215;9;1;28;9.9;5416;09:43:38.21;0;13.39190;-52.48430;1;7.7;0;0;5;1;0;0;2;1;23;3;2267181821;0;0;0;62;0
215;10;1;28;10.5;2442;09:43:37.18;1;19.28061;-14.99325;1;6.3;0;0;5;1;0;0;2;1;24;3;2267181718;0;0;0;62;0
215;10;1;28;10.5;2461;09:43:36.06;1;12.32533;-21.30916;1;4.91;0;0;5;1;0;0;2;1;25;3;2267181606;0;0;0;62;0
215;10;1;28;10.6;1878;09:43:34.79;1;10.26338;-15.73063;1;3.65;0;0;5;1;0;1;2;1;26;3;2267181479;0;0;0;62;0
72;10;1;18;10.1;4509;09:46:42.61;0;37.44548;-25.12478;1;5.10;0;0;5;1;0;0;3;1;30;3;2267200261;0;0;0;62;0
215;10;1;28;10.6;1733;09:46:42.98;1;9.93911;-14.20092;1;5.47;0;0;5;1;0;0;3;1;30;3;2267200298;0;0;0;62;0
161;10;1;38;10.4;2836;09:46:43.43;0;-13.13213;-25.14010;1;5.92;0;0;5;1;0;0;3;1;30;3;2267200343;0;0;0;62;0
36;10;1;43;10.1;4699;09:46:43.34;0;-15.19002;-44.47390;1;5.83;0;0;5;1;0;0;3;1;30;3;2267200334;0;0;0;62;0
193;10;1;13;10.2;3788;09:46:42.91;0;-14.88937;34.83110;1;5.39;0;0;5;1;0;0;3;1;30;3;2267200291;0;0;0;62;0
71;10;1;23;10.7;1391;09:46:42.95;1;-3.98167;13.32963;1;5.44;0;0;5;1;0;0;3;1;30;3;2267200295;0;0;0;62;0
36;9;1;43;9.5;7015;09:46:42.53;0;-68.43594;-15.44286;1;5.2;0;0;5;1;0;0;3;1;31;3;2267200253;0;0;0;62;0
193;10;1;13;10.3;3549;09:46:42.11;0;34.69476;7.50745;1;4.60;0;0;5;1;0;0;3;1;31;3;2267200211;0;0;0;62;0
72;10;1;18;10.7;1399;09:46:41.81;1;11.90864;-7.36081;1;4.30;0;0;5;1;0;0;3;1;31;3;2267200181;0;0;0;62;0
71;10;1;23;10.4;2747;09:46:42.18;1;-25.97604;8.94540;1;4.67;0;0;5;1;0;0;3;1;31;3;2267200218;0;0;0;62;0
215;9;1;28;9.9;5635;09:46:42.30;0;5.98936;56.03983;1;4.79;0;0;5;1;0;0;3;1;31;3;2267200230;0;0;0;62;0
161;10;1;38;10.3;3537;09:46:42.65;0;8.06519;-34.44558;1;5.14;0;0;5;1;0;0;3;1;31;3;2267200265;0;0;0;62;0
193;10;1;13;10.1;4376;09:46:41.31;0;-36.59340;-24.00232;1;3.79;0;0;5;1;0;0;3;1;32;3;2267200131;0;0;0;62;0
71;10;1;23;10.7;1381;09:46:41.47;1;-9.91830;-9.61739;1;3.96;0;0;5;1;0;0;3;1;32;3;2267200147;0;0;0;62;0
215;9;1;28;9.8;5695;09:46:41.65;0;41.33847;-39.17824;1;4.14;0;0;5;1;0;0;3;1;32;3;2267200165;0;0;0;62;0
193;9;1;13;9.9;5337;09:46:40.50;0;-50.52897;17.18642;1;2.98;0;0;5;1;0;0;3;1;33;3;2267200050;0;0;0;62;0
72;9;1;18;9.7;6103;09:46:41.08;0;-3.32761;60.94848;1;3.56;0;0;5;1;0;0;3;1;32;3;2267200108;0;0;0;62;0
71;9;1;23;9.8;5690;09:46:40.66;0;-1.85606;56.87005;1;3.15;0;0;5;1;0;0;3;1;33;3;2267200066;0;0;0;62;0
161;10;1;38;10.1;4365;09:46:41.69;0;-43.62525;-1.52967;1;4.18;0;0;5;1;0;0;3;1;32;3;2267200169;0;0;0;62;0
36;10;1;43;10.9;381;09:46:41.71;1;0.23551;-3.80277;1;4.21;0;0;5;1;0;0;3;1;32;3;2267200171;0;0;0;62;0
215;10;1;28;10.4;2690;09:46:40.98;1;23.93764;12.27664;1;3.47;0;0;5;1;0;0;3;1;33;3;2267200098;0;0;0;62;0
46;10;1;33;10.7;1140;09:46:43.50;1;8.06228;8.06603;1;5.99;0;0;5;1;0;0;3;1;30;3;2267200350;0;0;0;62;0
72;9;1;18;9.8;6024;09:46:40.29;0;28.68269;52.97925;1;2.77;0;0;5;1;0;0;3;1;33;3;2267200029;0;0;0;62;0
161;10;1;38;10.0;5249;09:46:40.70;0;-43.95396;28.69755;1;3.19;0;0;5;1;0;0;3;1;33;3;2267200070;0;0;0;62;0
36;10;1;43;10.0;4956;09:46:40.90;0;25.03710;-42.77137;1;3.39;0;0;5;1;0;0;3;1;33;3;2267200090;0;0;0;62;0
193;9;1;13;9.6;6486;09:46:39.57;0;-61.80450;19.69996;1;2.4;0;0;5;1;0;1;3;1;34;3;2267199957;0;0;0;62;0
215;10;1;28;10.1;4471;09:46:40.10;0;-12.80070;42.84647;1;2.59;0;0;5;1;0;1;3;1;34;3;2267200010;0;0;0;62;0
46;9;1;33;9.8;5772;09:46:42.57;0;27.59074;50.70828;1;5.5;0;0;5;1;0;0;3;1;31;3;2267200257;0;0;0;62;0
72;10;1;18;10.5;2257;09:46:39.35;1;-21.96448;5.20248;1;1.84;0;0;5;1;0;1;3;1;34;3;2267199935;0;0;0;62;0
71;8;1;23;8.7;10268;09:46:39.82;0;-82.27085;61.45350;1;2.31;0;0;5;1;0;1;3;1;34;3;2267199982;0;0;0;62;0
161;10;1;38;10.0;5231;09:46:39.72;0;-37.38564;-36.59159;1;2.21;0;0;5;1;0;1;3;1;34;3;2267199972;0;0;0;62;0
36;9;1;43;9.8;5820;09:46:40.13;0;-34.58499;46.81713;1;2.62;0;0;5;1;0;1;3;1;34;3;2267200013;0;0;0;62;0
46;10;1;33;10.2;4139;09:46:41.67;0;-25.33133;-32.73786;1;4.16;0;0;5;1;0;0;3;1;32;3;2267200167;0;0;0;62;0
46;10;1;33;10.3;3169;09:46:40.66;0;14.14868;-28.36220;1;3.15;0;0;5;1;0;0;3;1;33;3;2267200066;0;0;0;62;0
46;10;1;33;10.2;4059;09:46:39.63;0;24.10445;-32.66692;1;2.12;0;0;5;1;0;1;3;1;34;3;2267199963;0;0;0;62;0
36;10;1;43;10.7;1406;09:49:26.60;1;13.17485;4.93825;1;5.82;0;0;5;1;0;0;4;1;38;3;2267216660;0;0;0;62;0
72;10;1;18;10.5;2569;09:49:26.66;1;-16.57603;-19.62981;1;5.87;0;0;5;1;0;0;4;1;38;3;2267216666;0;0;0;62;0
161;10;1;38;10.3;3474;09:49:26.51;0;27.20306;21.61755;1;5.73;0;0;5;1;0;0;4;1;38;3;2267216651;0;0;0;62;0
193;10;1;13;10.0;5233;09:49:26.70;0;-51.28100;-10.43215;1;5.91;0;0;5;1;0;0;4;1;38;3;2267216670;0;0;0;62;0
71;10;1;23;10.5;2320;09:49:26.41;1;22.81608;4.25740;1;5.64;0;0;5;1;0;0;4;1;38;3;2267216641;0;0;0;62;0
36;10;1;43;10.5;2499;09:49:25.77;1;5.96251;24.27633;1;4.99;0;0;5;1;0;0;4;1;39;3;2267216577;0;0;0;62;0
193;9;1;13;9.5;6979;09:49:25.84;0;51.90136;46.67016;1;5.5;0;0;5;1;0;0;4;1;39;3;2267216584;0;0;0;62;0
72;10;1;18;10.3;3272;09:49:25.80;0;12.67307;30.17665;1;5.1;0;0;5;1;0;0;4;1;39;3;2267216580;0;0;0;62;0
71;10;1;23;10.6;1631;09:49:25.57;1;-14.15360;-8.11605;1;4.79;0;0;5;1;0;0;4;1;39;3;2267216557;0;0;0;62;0
161;10;1;38;10.6;2077;09:49:25.64;1;-20.35541;4.15533;1;4.86;0;0;5;1;0;0;4;1;39;3;2267216564;0;0;0;62;0
193;10;1;13;10.4;2800;09:49:24.98;0;5.29184;-27.49660;1;4.20;0;0;5;1;0;0;4;1;40;3;2267216498;0;0;0;62;0
71;10;1;23;10.1;4682;09:49:24.78;0;-46.53906;5.15035;1;4.0;0;0;5;1;0;0;4;1;40;3;2267216478;0;0;0;62;0
161;10;1;38;10.3;3482;09:49:24.70;0;9.76907;-33.42680;1;3.92;0;0;5;1;0;0;4;1;40;3;2267216470;0;0;0;62;0
36;10;1;43;10.8;1019;09:49:24.89;1;4.68421;9.05169;1;4.11;0;0;5;1;0;0;4;1;40;3;2267216489;0;0;0;62;0
193;10;1;13;10.1;4545;09:49:24.09;0;8.32850;44.68625;1;3.31;0;0;5;1;0;0;4;1;41;3;2267216409;0;0;0;62;0
72;8;1;18;8.9;9388;09:49:24.90;0;-70.20079;-62.34626;1;4.12;0;0;5;1;0;0;4;1;40;3;2267216490;0;0;0;62;0
71;10;1;23;10.1;4646;09:49:23.97;0;46.36085;-3.16437;1;3.20;0;0;5;1;0;0;4;1;41;3;2267216397;0;0;0;62;0
215;9;1;28;9.9;5591;09:49:26.48;0;-32.76190;-45.30935;1;5.70;0;0;5;1;0;0;4;1;38;3;2267216648;0;0;0;62;0
46;0;1;33;0;20000;09:49:27.14;0;-5.25542;-14.06203;0;0.25;0;0;5;1;0;0;4;1;38;3;2267216714;0;0;0;62;0
161;10;1;38;10.6;1834;09:49:23.75;1;16.25561;-8.50664;1;2.97;0;0;5;1;0;0;4;1;41;3;2267216375;0;0;0;62;0
36;10;1;43;10.3;3531;09:49:24.10;0;-13.85085;32.48131;1;3.32;0;0;5;1;0;0;4;1;41;3;2267216410;0;0;0;62;0
72;9;1;18;9.8;5773;09:49:23.73;0;-55.66657;-15.31368;1;2.94;0;0;5;1;0;0;4;1;41;3;2267216373;0;0;0;62;0
71;10;1;23;10.6;1754;09:49:23.08;1;-1.60631;-17.47532;1;2.30;0;0;5;1;0;1;4;1;42;3;2267216308;0;0;0;62;0
46;10;1;33;10.6;1808;09:49:25.86;1;2.47077;17.91708;1;5.8;0;0;5;1;0;0;4;1;39;3;2267216586;0;0;0;62;0
193;10;1;13;10.6;1893;09:49:23.10;1;-18.28766;-4.91828;1;2.31;0;0;5;1;0;1;4;1;42;3;2267216310;0;0;0;62;0
72;9;1;18;9.5;7234;09:49:22.54;0;-55.06973;46.92096;1;1.75;0;0;5;1;0;1;4;1;42;3;2267216254;0;0;0;62;0
215;10;1;28;10.2;4061;09:49:25.64;0;-40.59301;1.27512;1;4.86;0;0;5;1;0;0;4;1;39;3;2267216564;0;0;0;62;0
161;9;1;38;9.7;6442;09:49:22.75;0;3.95456;-64.29972;1;1.96;0;0;5;1;0;1;4;1;42;3;2267216275;0;0;0;62;0
36;8;1;43;8.8;9799;09:49:23.24;0;-31.45288;92.80647;1;2.46;0;0;5;1;0;1;4;1;42;3;2267216324;0;0;0;62;0
215;8;1;28;8.7;10196;09:49:24.74;0;100.03911;19.74655;1;3.96;0;0;5;1;0;0;4;1;40;3;2267216474;0;0;0;62;0
46;10;1;33;10.5;2178;09:49:24.88;1;-21.61966;2.66533;1;4.10;0;0;5;1;0;0;4;1;40;3;2267216488;0;0;0;62;0
215;0;1;28;0;0;09:49:34.11;0;0.00000;0.00000;1;0.0;0;1;5;1;0;0;4;1;41;3;2267217411;0;0;0;65535;0
215;10;1;28;10.4;2732;09:49:23.07;1;-14.56293;23.11776;1;2.29;0;0;5;1;0;1;4;1;42;3;2267216307;0;0;0;62;0
46;10;1;33;10.2;3850;09:49:23.95;0;-29.54347;-24.68906;1;3.16;0;0;5;1;0;0;4;1;41;3;2267216395;0;0;0;62;0
46;9;1;33;9.5;7196;09:49:22.95;0;-51.63876;50.12988;1;2.17;0;0;5;1;0;1;4;1;42;3;2267216295;0;0;0;62;0
36;9;1;43;9.9;5294;09:53:22.68;0;23.93102;47.22352;1;0.0;0;0;5;1;0;0;5;1;46;3;2267240268;0;0;0;62;0
193;10;1;13;10.5;2183;09:53:22.74;1;-0.40437;-21.82670;1;0.5;0;0;5;1;0;0;5;1;46;3;2267240274;0;0;0;62;0
72;10;1;18;10.2;4093;09:53:22.74;0;34.49140;-22.04094;1;0.5;0;0;5;1;0;0;5;1;46;3;2267240274;0;0;0;62;0
215;10;1;28;10.7;1176;09:53:22.84;1;7.42955;9.12246;1;0.16;0;0;5;1;0;0;5;1;46;3;2267240284;0;0;0;62;0
46;10;1;33;10.5;2399;09:53:22.86;1;5.05029;-23.45592;1;0.18;0;0;5;1;0;0;5;1;46;3;2267240286;0;0;0;62;0
161;10;1;38;10.0;4871;09:53:22.70;0;29.27342;-38.94285;1;0.2;0;0;5;1;0;0;5;1;46;3;2267240270;0;0;0;62;0
71;0;1;23;0;20000;09:53:23.00;0;43.45822;-31.14675;0;0.32;0;0;5;1;0;0;5;1;46;3;2267240300;0;0;0;62;0
193;10;1;13;10.2;3968;09:53:22.13;0;38.13994;-10.97049;1;3.54;0;0;5;1;0;0;5;1;47;3;2267240213;0;0;0;62;0
36;10;1;43;10.4;2909;09:53:22.17;0;-6.91392;-28.26416;1;3.59;0;0;5;1;0;0;5;1;47;3;2267240217;0;0;0;62;0
71;9;1;23;9.6;6777;09:53:22.31;0;-53.12761;-42.07839;1;3.72;0;0;5;1;0;0;5;1;47;3;2267240231;0;0;0;62;0
215;9;1;28;9.3;7725;09:53:22.35;0;-65.93817;-40.26001;1;3.77;0;0;5;1;0;0;5;1;47;3;2267240235;0;0;0;62;0
46;9;1;33;9.7;6238;09:53:22.30;0;-60.74337;14.20074;1;3.71;0;0;5;1;0;0;5;1;47;3;2267240230;0;0;0;62;0
161;9;1;38;9.3;7821;09:53:22.15;0;-45.23094;-63.81166;1;3.56;0;0;5;1;0;0;5;1;47;3;2267240215;0;0;0;62;0
72;10;1;18;10.4;3123;09:53:22.23;0;9.84742;29.64725;1;3.63;0;0;5;1;0;0;5;1;47;3;2267240223;0;0;0;62;0
193;10;1;13;10.6;2021;09:53:21.57;1;-16.06444;12.26720;1;2.97;0;0;5;1;0;0;5;1;48;3;2267240157;0;0;0;62;0
71;9;1;23;9.6;6857;09:53:21.78;0;63.32311;26.30763;1;3.20;0;0;5;1;0;0;5;1;48;3;2267240178;0;0;0;62;0
36;10;1;43;10.6;1664;09:53:21.65;1;15.85345;5.08254;1;3.6;0;0;5;1;0;0;5;1;48;3;2267240165;0;0;0;62;0
46;9;1;33;9.8;5763;09:53:21.66;0;5.18921;-57.40072;1;3.7;0;0;5;1;0;0;5;1;48;3;2267240166;0;0;0;62;0
72;10;1;18;10.3;3333;09:53:21.65;0;-26.06867;20.76928;1;3.5;0;0;5;1;0;0;5;1;48;3;2267240165;0;0;0;62;0
215;9;1;28;9.7;6311;09:53:21.80;0;48.86728;39.93617;1;3.21;0;0;5;1;0;0;5;1;48;3;2267240180;0;0;0;62;0
161;10;1;38;10.3;3302;09:53:21.60;0;-9.21115;-31.71737;1;3.2;0;0;5;1;0;0;5;1;48;3;2267240160;0;0;0;62;0
71;7;1;23;7.5;14940;09:53:21.23;0;-81.42994;-125.26658;1;2.64;0;0;5;1;0;0;5;1;49;3;2267240123;0;0;0;62;0
36;9;1;43;9.9;5534;09:53:21.07;0;-55.06656;-5.58367;1;2.48;0;0;5;1;0;0;5;1;49;3;2267240107;0;0;0;62;0
193;9;1;13;9.1;8852;09:53:21.00;0;-82.42864;-32.27011;1;2.40;0;0;5;1;0;0;5;1;49;3;2267240100;0;0;0;62;0
215;9;1;28;9.7;6100;09:53:21.32;0;-50.09811;34.81917;1;2.74;0;0;5;1;0;0;5;1;49;3;2267240132;0;0;0;62;0
161;9;1;38;9.6;6797;09:53:21.05;0;29.12213;61.42376;1;2.47;0;0;5;1;0;0;5;1;49;3;2267240105;0;0;0;62;0
72;10;1;18;10.7;1058;09:53:21.01;1;6.69454;-8.19851;1;2.42;0;0;5;1;0;0;5;1;49;3;2267240101;0;0;0;62;0
46;10;1;33;10.1;4703;09:53:21.04;0;-40.66551;-23.63323;1;2.45;0;0;5;1;0;0;5;1;49;3;2267240104;0;0;0;62;0
193;9;1;13;9.7;6206;09:53:20.35;0;-10.64528;-61.14454;1;1.76;0;0;5;1;0;1;5;1;50;3;2267240035;0;0;0;62;0
71;10;1;23;10.7;1248;09:53:20.42;1;1.75043;12.35867;1;1.84;0;0;5;1;0;1;5;1;50;3;2267240042;0;0;0;62;0
215;9;1;28;9.9;5443;09:53:20.64;0;-31.64309;-44.29107;1;2.6;0;0;5;1;0;1;5;1;50;3;2267240064;0;0;0;62;0
36;10;1;43;10.0;5097;09:53:20.38;0;16.34980;48.28094;1;1.80;0;0;5;1;0;1;5;1;50;3;2267240038;0;0;0;62;0
161;9;1;38;9.1;8855;09:53:20.44;0;43.91382;-76.89407;1;1.86;0;0;5;1;0;1;5;1;50;3;2267240044;0;0;0;62;0
72;10;1;18;10.2;4217;09:53:20.33;0;16.83759;38.66526;1;1.73;0;0;5;1;0;1;5;1;50;3;2267240033;0;0;0;62;0
46;9;1;33;9.9;5613;09:53:20.41;0;-47.89212;-29.27509;1;1.82;0;0;5;1;0;1;5;1;50;3;2267240041;0;0;0;62;0
215;10;1;28;10.4;2720;09:55:55.15;1;26.77552;4.79511;1;3.84;0;0;5;1;0;0;6;1;54;3;2267255515;0;0;0;62;0
161;10;1;38;10.0;4936;09:55:55.48;0;3.87056;49.21281;1;0.6;0;0;5;1;0;0;6;1;54;3;2267255548;0;0;0;62;0
215;9;1;28;9.3;8000;09:55:54.69;0;-77.34443;20.46970;1;3.38;0;0;5;1;0;0;6;1;55;3;2267255469;0;0;0;62;0
161;8;1;38;8.2;12406;09:55:54.94;0;-52.62980;-112.35254;1;3.63;0;0;5;1;0;0;6;1;55;3;2267255494;0;0;0;62;0
215;10;1;28;10.1;4613;09:55:54.12;0;-46.11115;-1.55393;1;2.81;0;0;5;1;0;0;6;1;56;3;2267255412;0;0;0;62;0
161;9;1;38;9.6;6791;09:55:54.38;0;-54.14359;-40.99219;1;3.6;0;0;5;1;0;0;6;1;56;3;2267255438;0;0;0;62;0
193;8;1;13;8.8;10008;09:55:55.30;0;25.97941;96.64948;1;3.98;0;0;5;1;0;0;6;1;54;3;2267255530;0;0;0;62;0
72;10;1;18;10.7;1478;09:55:55.37;1;8.15926;12.33353;1;4.5;0;0;5;1;0;0;6;1;54;3;2267255537;0;0;0;62;0
215;10;1;28;10.2;4044;09:55:53.63;0;-40.31989;3.15829;1;2.32;0;0;5;1;0;0;6;1;57;3;2267255363;0;0;0;62;0
46;10;1;33;10.0;5037;09:55:55.61;0;-5.68073;50.05721;1;0.19;0;0;5;1;0;0;6;1;54;3;2267255561;0;0;0;62;0
36;7;1;43;7.7;14098;09:55:55.58;0;-127.21555;60.77198;1;0.16;0;0;5;1;0;0;6;1;54;3;2267255558;0;0;0;62;0
71;9;1;23;9.6;6594;09:55:55.37;0;-47.49079;-45.75415;1;4.6;0;0;5;1;0;0;6;1;54;3;2267255537;0;0;0;62;0
215;10;1;28;10.4;3123;09:55:53.10;0;27.84374;14.14693;1;1.79;0;0;5;1;0;7;6;1;58;3;2267255310;0;0;0;62;0
161;10;1;38;10.3;3460;09:55:53.83;0;-27.12888;-21.47988;1;2.52;0;0;5;1;0;0;6;1;57;3;2267255383;0;0;0;62;0
193;9;1;13;9.6;6665;09:55:54.70;0;-3.97144;66.53331;1;3.38;0;0;5;1;0;0;6;1;55;3;2267255470;0;0;0;62;0
71;9;1;23;9.5;7247;09:55:54.83;0;-1.38396;-72.46366;1;3.52;0;0;5;1;0;0;6;1;55;3;2267255483;0;0;0;62;0
46;10;1;33;10.3;3398;09:55:55.01;0;-30.24242;-15.50593;1;3.70;0;0;5;1;0;0;6;1;55;3;2267255501;0;0;0;62;0
193;10;1;13;10.8;720;09:55:54.17;1;6.58002;-2.93760;1;2.85;0;0;5;1;0;0;6;1;56;3;2267255417;0;0;0;62;0
72;10;1;18;10.9;490;09:55:54.81;1;-4.73439;-1.28824;1;3.48;0;0;5;1;0;0;6;1;55;3;2267255481;0;0;0;62;0
71;10;1;23;10.2;3837;09:55:54.28;0;-19.93868;-32.79385;1;2.96;0;0;5;1;0;0;6;1;56;3;2267255428;0;0;0;62;0
161;9;1;38;9.8;5927;09:55:53.17;0;-22.90414;-54.66817;1;1.86;0;0;5;1;0;7;6;1;58;3;2267255317;0;0;0;62;0
36;10;1;43;10.2;3937;09:55:55.04;0;-4.30923;-39.13818;1;3.72;0;0;5;1;0;0;6;1;55;3;2267255504;0;0;0;62;0
72;10;1;18;10.4;3025;09:55:54.26;0;5.10585;29.82007;1;2.94;0;0;5;1;0;0;6;1;56;3;2267255426;0;0;0;62;0
46;10;1;33;10.5;2244;09:55:54.42;1;-14.29484;-17.30154;1;3.11;0;0;5;1;0;0;6;1;56;3;2267255442;0;0;0;62;0
36;10;1;43;10.0;4771;09:55:54.44;0;-36.17967;-31.10385;1;3.12;0;0;5;1;0;0;6;1;56;3;2267255444;0;0;0;62;0
193;10;1;13;10.2;3890;09:55:53.58;0;21.75853;32.24580;1;2.26;0;0;5;1;0;0;6;1;57;3;2267255358;0;0;0;62;0
71;9;1;23;9.6;6743;09:55:53.69;0;32.79026;-58.93099;1;2.38;0;0;5;1;0;0;6;1;57;3;2267255369;0;0;0;62;0
46;8;1;33;8.2;12256;09:55:53.79;0;-103.45428;65.72447;1;2.48;0;0;5;1;0;0;6;1;57;3;2267255379;0;0;0;62;0
72;8;1;18;8.8;9940;09:55:53.67;0;-78.58401;-60.87542;1;2.35;0;0;5;1;0;0;6;1;57;3;2267255367;0;0;0;62;0
36;8;1;43;8.0;13158;09:55:53.89;0;-60.27596;-116.97165;1;2.58;0;0;5;1;0;0;6;1;57;3;2267255389;0;0;0;62;0
193;9;1;13;9.5;6917;09:55:52.94;0;-21.02537;65.90152;1;1.61;0;0;5;1;0;7;6;1;58;3;2267255294;0;0;0;62;0
71;10;1;23;10.4;2979;09:55:53.08;0;-23.89749;17.79094;1;1.76;0;0;5;1;0;7;6;1;58;3;2267255308;0;0;0;62;0
46;10;1;33;10.2;3943;09:55:53.18;0;4.06483;-39.22761;1;1.86;0;0;5;1;0;7;6;1;58;3;2267255318;0;0;0;62;0
72;10;1;18;10.2;3897;09:55:53.01;0;-36.48417;-13.72206;1;1.69;0;0;5;1;0;7;6;1;58;3;2267255301;0;0;0;62;0
36;10;1;43;10.0;4913;09:55:53.24;0;-47.30839;13.26495;1;1.93;0;0;5;1;0;7;6;1;58;3;2267255324;0;0;0;62;0
