228;10;0;21;10.1;4693;08:59:50.75;0;44.93792;13.56174;1;2.33;0;0;6;1;0;0;0;0;5;3;2275559075;0;0;0;62;0
222;10;0;23;10.2;4175;08:59:50.69;0;13.92150;39.36618;1;2.27;0;0;6;1;0;0;0;0;5;3;2275559069;0;0;0;62;0
144;9;0;33;9.9;5645;08:59:50.81;0;-11.53983;55.26120;1;2.40;0;0;6;1;0;0;0;0;5;3;2275559081;0;0;0;62;0
27;7;0;12;7.6;14769;08:59:51.10;0;-32.81043;144.00652;1;2.67;0;0;6;1;0;0;0;0;5;3;2275559110;0;0;0;62;0
79;8;0;16;8.7;10140;08:59:51.14;0;-90.33984;46.05094;1;2.72;0;0;6;1;0;0;0;0;5;3;2275559114;0;0;0;62;0
67;9;0;18;9.9;5428;08:59:50.90;0;14.48785;-52.31822;1;2.47;0;0;6;1;0;0;0;0;5;3;2275559090;0;0;0;62;0
119;10;0;20;10.2;4114;08:59:51.07;0;-22.41519;34.50704;1;2.65;0;0;6;1;0;0;0;0;5;3;2275559107;0;0;0;62;0
160;9;0;22;9.8;5704;08:59:50.94;0;56.13565;-10.15565;1;2.51;0;0;6;1;0;0;0;0;5;3;2275559094;0;0;0;62;0
66;8;0;24;8.0;13020;08:59:51.11;0;116.80817;-57.52993;1;2.69;0;0;6;1;0;0;0;0;5;3;2275559111;0;0;0;62;0
156;10;0;25;10.7;1454;08:59:51.00;1;-4.40150;13.86501;1;2.58;0;0;6;1;0;0;0;0;5;3;2275559100;0;0;0;62;0
94;10;0;30;10.6;1969;08:59:50.98;1;-0.04607;19.69152;1;2.57;0;0;6;1;0;0;0;0;5;3;2275559098;0;0;0;62;0
207;9;0;34;9.0;8937;08:59:51.10;0;-83.75892;-31.17036;1;2.68;0;0;6;1;0;0;0;0;5;3;2275559110;0;0;0;62;0
230;10;0;35;10.2;3779;08:59:51.04;0;-32.39139;-19.48248;1;2.62;0;0;6;1;0;0;0;0;5;3;2275559104;0;0;0;62;0
170;10;0;40;10.1;4653;08:59:51.06;0;43.49897;-16.54717;1;2.64;0;0;6;1;0;0;0;0;5;3;2275559106;0;0;0;62;0
34;9;0;26;9.6;6770;08:59:51.13;0;-63.00316;-24.78922;1;2.70;0;0;6;1;0;0;0;0;5;3;2275559113;0;0;0;62;0
42;9;0;27;9.5;7114;08:59:51.15;0;-70.95917;-5.08422;1;2.73;0;0;6;1;0;0;0;0;5;3;2275559115;0;0;0;62;0
56;10;0;13;10.0;4764;08:59:50.92;0;12.10262;-46.08311;1;2.49;0;0;6;1;0;0;0;0;5;3;2275559092;0;0;0;62;0
60;10;0;15;10.1;4439;08:59:50.88;0;-29.95877;32.76392;1;2.45;0;0;6;1;0;0;0;0;5;3;2275559088;0;0;0;62;0
3;8;0;32;8.6;10639;08:59:51.22;0;-15.08335;105.32326;1;2.80;0;0;6;1;0;0;0;0;5;3;2275559122;0;0;0;62;0
219;9;0;38;9.7;6143;08:59:51.18;0;54.99161;27.38862;1;2.76;0;0;6;1;0;0;0;0;5;3;2275559118;0;0;0;62;0
103;10;0;14;10.6;1625;08:59:51.25;1;4.88856;15.50237;1;2.82;0;0;6;1;0;0;0;0;5;3;2275559125;0;0;0;62;0
131;10;0;17;10.2;3944;08:59:51.28;0;35.28660;17.62540;1;2.86;0;0;6;1;0;0;0;0;5;3;2275559128;0;0;0;62;0
73;8;0;28;8.4;11349;08:59:51.35;0;19.24902;111.85254;1;2.94;0;0;6;1;0;0;0;0;5;3;2275559135;0;0;0;62;0
213;10;0;31;10.6;1809;08:59:51.35;1;-15.98756;-8.48245;1;2.92;0;0;6;1;0;0;0;0;5;3;2275559135;0;0;0;62;0
224;10;0;37;10.1;4350;08:59:51.38;0;36.51556;-23.65039;1;2.96;0;0;6;1;0;0;0;0;5;3;2275559138;0;0;0;62;0
85;8;0;39;8.0;12917;08:59:51.44;0;-111.95957;-64.43778;1;3.2;0;0;6;1;0;0;0;0;5;3;2275559144;0;0;0;62;0
222;9;0;23;9.9;5351;09:00:00.79;0;38.58562;37.07949;1;2.26;0;0;6;1;0;0;0;0;6;3;2275560079;0;0;0;62;0
3;9;0;32;9.3;8007;09:00:00.99;0;45.38943;65.97397;1;2.46;0;0;6;1;0;0;0;0;6;3;2275560099;0;0;0;62;0
144;8;0;33;8.8;10012;09:00:01.05;0;1.20867;100.11485;1;2.52;0;0;6;1;0;0;0;0;6;3;2275560105;0;0;0;62;0
230;10;0;35;10.7;1400;09:00:01.21;1;13.98678;0.72991;1;2.68;0;0;6;1;0;0;0;0;6;3;2275560121;0;0;0;62;0
170;10;0;40;10.7;1175;09:00:01.15;1;10.25204;-5.74226;1;2.63;0;0;6;1;0;0;0;0;6;3;2275560115;0;0;0;62;0
27;10;0;12;10.1;4730;09:00:01.10;0;26.74371;39.01708;1;2.55;0;0;6;1;0;0;0;0;6;3;2275560110;0;0;0;62;0
56;10;0;13;10.4;2947;09:00:00.92;0;-9.44218;27.92430;1;2.38;0;0;6;1;0;0;0;0;6;3;2275560092;0;0;0;62;0
60;9;0;15;9.5;6963;09:00:01.30;0;58.62005;-37.58731;1;2.76;0;0;6;1;0;0;0;0;6;3;2275560130;0;0;0;62;0
79;10;0;16;10.4;3065;09:00:01.24;0;-8.04555;29.58142;1;2.70;0;0;6;1;0;0;0;0;6;3;2275560124;0;0;0;62;0
67;8;0;18;8.9;9425;09:00:01.25;0;30.39421;-89.21600;1;2.71;0;0;6;1;0;0;0;0;6;3;2275560125;0;0;0;62;0
228;10;0;21;10.1;4569;09:00:00.90;0;31.26589;-33.32973;1;2.37;0;0;6;1;0;0;0;0;6;3;2275560090;0;0;0;62;0
66;10;0;24;10.3;3649;09:00:01.02;0;-30.49828;20.03708;1;2.49;0;0;6;1;0;0;0;0;6;3;2275560102;0;0;0;62;0
156;10;0;25;10.0;4780;09:00:01.03;0;20.49616;43.19159;1;2.51;0;0;6;1;0;0;0;0;6;3;2275560103;0;0;0;62;0
34;10;0;26;10.2;3886;09:00:01.29;0;-38.23116;-7.00875;1;2.76;0;0;6;1;0;0;0;0;6;3;2275560129;0;0;0;62;0
94;10;0;30;10.1;4699;09:00:01.12;0;6.25812;46.57841;1;2.59;0;0;6;1;0;0;0;0;6;3;2275560112;0;0;0;62;0
103;10;0;14;10.0;5249;09:00:01.35;0;45.62334;-25.97007;1;2.82;0;0;6;1;0;0;0;0;6;3;2275560135;0;0;0;62;0
131;10;0;17;10.2;4046;09:00:01.24;0;-38.81832;-11.43554;1;2.70;0;0;6;1;0;0;0;0;6;3;2275560124;0;0;0;62;0
119;9;0;20;9.5;7173;09:00:01.33;0;-4.10658;71.62214;1;2.79;0;0;6;1;0;0;0;0;6;3;2275560133;0;0;0;62;0
160;10;0;22;10.8;565;09:00:01.37;1;5.47248;1.42294;1;2.84;0;0;6;1;0;0;0;0;6;3;2275560137;0;0;0;62;0
42;10;0;27;10.2;4205;09:00:01.47;0;24.47421;34.20331;1;2.94;0;0;6;1;0;0;0;0;6;3;2275560147;0;0;0;62;0
73;10;0;28;10.6;1826;09:00:01.24;1;-14.49068;-11.12403;1;2.71;0;0;6;1;0;0;0;0;6;3;2275560124;0;0;0;62;0
213;10;0;31;10.7;1280;09:00:01.55;1;-9.40925;-8.67851;1;3.2;0;0;6;1;0;0;0;0;6;3;2275560155;0;0;0;62;0
207;9;0;34;9.6;6840;09:00:01.53;0;-44.35126;-52.07749;1;3.0;0;0;6;1;0;0;0;0;6;3;2275560153;0;0;0;62;0
224;10;0;37;10.6;1777;09:00:01.60;1;16.31742;7.05513;1;3.6;0;0;6;1;0;0;0;0;6;3;2275560160;0;0;0;62;0
219;10;0;38;10.6;1984;09:00:01.48;1;19.55816;3.37318;1;2.95;0;0;6;1;0;0;0;0;6;3;2275560148;0;0;0;62;0
85;10;0;39;10.4;2796;09:00:01.48;0;-27.19034;-6.52034;1;2.95;0;0;6;1;0;0;0;0;6;3;2275560148;0;0;0;62;0
13;10;0;19;10.0;4861;09:00:00.93;0;-40.23448;27.28728;1;2.39;0;0;6;1;0;0;0;0;5;3;2275560093;0;0;0;62;0
13;10;0;19;10.1;4476;09:00:11.10;0;-16.91030;-41.44452;1;2.46;0;0;6;1;0;0;0;0;6;3;2275561110;0;0;0;62;0
228;10;0;21;10.3;3201;09:00:11.13;0;14.63945;28.47065;1;2.50;0;0;6;1;0;0;0;0;7;3;2275561113;0;0;0;62;0
222;9;0;23;9.4;7283;09:00:10.89;0;9.32617;72.23847;1;2.27;0;0;6;1;0;0;0;0;7;3;2275561089;0;0;0;62;0
156;10;0;25;10.3;3415;09:00:11.19;0;-11.83350;-32.03554;1;2.57;0;0;6;1;0;0;0;0;7;3;2275561119;0;0;0;62;0
94;9;0;30;9.5;7079;09:00:11.31;0;-4.31072;70.66554;1;2.68;0;0;6;1;0;0;0;0;7;3;2275561131;0;0;0;62;0
144;9;0;33;9.8;6011;09:00:11.19;0;-46.79186;37.73805;1;2.56;0;0;6;1;0;0;0;0;7;3;2275561119;0;0;0;62;0
230;10;0;35;10.1;4374;09:00:11.41;0;16.56849;40.48440;1;2.78;0;0;6;1;0;0;0;0;7;3;2275561141;0;0;0;62;0
219;9;0;38;9.9;5586;09:00:11.28;0;53.32476;16.66107;1;2.66;0;0;6;1;0;0;0;0;7;3;2275561128;0;0;0;62;0
170;9;0;40;9.9;5372;09:00:11.25;0;53.71832;1.09529;1;2.63;0;0;6;1;0;0;0;0;7;3;2275561125;0;0;0;62;0
27;10;0;12;10.0;5277;09:00:11.36;0;-14.94264;50.61348;1;2.72;0;0;6;1;0;0;0;0;7;3;2275561136;0;0;0;62;0
56;9;0;13;9.2;8277;09:00:11.29;0;-12.29036;-81.85942;1;2.66;0;0;6;1;0;0;0;0;7;3;2275561129;0;0;0;62;0
60;9;0;15;9.5;7258;09:00:11.44;0;48.93398;-53.61531;1;2.80;0;0;6;1;0;0;0;0;7;3;2275561144;0;0;0;62;0
79;9;0;16;9.7;6303;09:00:11.32;0;-2.08723;63.00104;1;2.68;0;0;6;1;0;0;0;0;7;3;2275561132;0;0;0;62;0
131;10;0;17;10.5;2339;09:00:11.31;1;16.07802;-16.99846;1;2.68;0;0;6;1;0;0;0;0;7;3;2275561131;0;0;0;62;0
119;10;0;20;10.0;4968;09:00:11.39;0;5.08092;49.42682;1;2.75;0;0;6;1;0;0;0;0;7;3;2275561139;0;0;0;62;0
66;9;0;24;9.9;5427;09:00:11.36;0;50.19293;-20.66316;1;2.73;0;0;6;1;0;0;0;0;7;3;2275561136;0;0;0;62;0
67;10;0;18;10.2;3703;09:00:11.29;0;31.92835;-18.76706;1;2.66;0;0;6;1;0;0;0;0;7;3;2275561129;0;0;0;62;0
160;9;0;22;9.9;5573;09:00:11.60;0;48.74575;27.01296;1;2.97;0;0;6;1;0;0;0;0;7;3;2275561160;0;0;0;62;0
42;10;0;27;10.4;3019;09:00:11.45;0;29.09352;-8.09241;1;2.83;0;0;6;1;0;0;0;0;7;3;2275561145;0;0;0;62;0
213;10;0;31;10.7;1437;09:00:11.59;1;8.05757;11.90630;1;2.96;0;0;6;1;0;0;0;0;7;3;2275561159;0;0;0;62;0
3;9;0;32;9.9;5471;09:00:11.43;0;54.68611;-1.76759;1;2.81;0;0;6;1;0;0;0;0;7;3;2275561143;0;0;0;62;0
207;9;0;34;9.3;8063;09:00:11.46;0;47.55620;65.11620;1;2.84;0;0;6;1;0;0;0;0;7;3;2275561146;0;0;0;62;0
224;10;0;37;10.4;3029;09:00:11.49;0;-30.04319;3.88676;1;2.86;0;0;6;1;0;0;0;0;7;3;2275561149;0;0;0;62;0
85;9;0;39;9.8;6022;09:00:11.65;0;14.90337;-58.35025;1;3.2;0;0;6;1;0;0;0;0;7;3;2275561165;0;0;0;62;0
103;10;0;14;10.3;3578;09:00:11.47;0;-35.53280;-4.27020;1;2.84;0;0;6;1;0;0;0;0;7;3;2275561147;0;0;0;62;0
34;7;0;26;7.5;15180;09:00:11.76;0;146.19841;-40.88637;1;0.3;0;0;6;1;0;0;0;0;7;3;2275561176;0;0;0;62;0
73;10;0;28;10.3;3530;09:00:11.65;0;13.60018;-32.57758;1;3.2;0;0;6;1;0;0;0;0;7;3;2275561165;0;0;0;62;0
131;10;0;17;10.4;3063;09:00:21.17;0;-16.71616;25.67432;1;2.44;0;0;6;1;0;0;0;0;8;3;2275562117;0;0;0;62;0
67;9;0;18;9.5;7210;09:00:20.96;0;-27.39854;-66.69298;1;2.23;0;0;6;1;0;0;0;0;8;3;2275562096;0;0;0;62;0
13;10;0;19;10.3;3688;09:00:21.05;0;-34.34420;13.46000;1;2.31;0;0;6;1;0;0;0;0;7;3;2275562105;0;0;0;62;0
228;10;0;21;10.0;4958;09:00:20.93;0;-43.87637;23.10498;1;2.21;0;0;6;1;0;0;0;0;8;3;2275562093;0;0;0;62;0
222;10;0;23;10.4;2861;09:00:21.20;0;24.03954;15.52355;1;2.48;0;0;6;1;0;0;0;0;8;3;2275562120;0;0;0;62;0
66;9;0;24;9.9;5427;09:00:21.31;0;30.18270;-45.11263;1;2.58;0;0;6;1;0;0;0;0;8;3;2275562131;0;0;0;62;0
34;10;0;26;10.5;2178;09:00:21.47;1;20.88942;-6.17414;1;2.75;0;0;6;1;0;0;0;0;8;3;2275562147;0;0;0;62;0
94;10;0;30;10.5;2563;09:00:21.32;1;0.63508;25.63069;1;2.60;0;0;6;1;0;0;0;0;8;3;2275562132;0;0;0;62;0
3;8;0;32;8.8;10066;09:00:21.33;0;88.78488;47.44707;1;2.61;0;0;6;1;0;0;0;0;8;3;2275562133;0;0;0;62;0
144;9;0;33;9.8;5990;09:00:21.29;0;16.17199;57.68153;1;2.57;0;0;6;1;0;0;0;0;8;3;2275562129;0;0;0;62;0
230;10;0;35;10.9;400;09:00:21.25;1;3.99095;0.35165;1;2.52;0;0;6;1;0;0;0;0;8;3;2275562125;0;0;0;62;0
219;10;0;38;10.4;3041;09:00:21.28;0;7.50588;29.47285;1;2.56;0;0;6;1;0;0;0;0;8;3;2275562128;0;0;0;62;0
27;10;0;12;10.2;3752;09:00:21.44;0;26.89664;26.16780;1;2.70;0;0;6;1;0;0;0;0;8;3;2275562144;0;0;0;62;0
56;9;0;13;9.8;5865;09:00:21.26;0;40.85023;42.09135;1;2.53;0;0;6;1;0;0;0;0;8;3;2275562126;0;0;0;62;0
60;9;0;15;9.8;5890;09:00:21.36;0;58.31448;8.31383;1;2.62;0;0;6;1;0;0;0;0;8;3;2275562136;0;0;0;62;0
79;10;0;16;10.3;3218;09:00:21.27;0;26.27278;18.59391;1;2.54;0;0;6;1;0;0;0;0;8;3;2275562127;0;0;0;62;0
213;10;0;31;10.0;4810;09:00:21.72;0;41.01763;25.13601;1;3.0;0;0;6;1;0;0;0;0;8;3;2275562172;0;0;0;62;0
103;10;0;14;10.0;5217;09:00:21.54;0;-44.29336;-27.57596;1;2.81;0;0;6;1;0;0;0;0;8;3;2275562154;0;0;0;62;0
119;9;0;20;9.8;5871;09:00:21.49;0;-53.49268;-24.20971;1;2.76;0;0;6;1;0;0;0;0;8;3;2275562149;0;0;0;62;0
156;10;0;25;10.5;2133;09:00:21.58;1;10.15912;-18.76274;1;2.86;0;0;6;1;0;0;0;0;8;3;2275562158;0;0;0;62;0
42;9;0;27;9.9;5674;09:00:21.66;0;-42.07741;-38.06896;1;2.94;0;0;6;1;0;0;0;0;8;3;2275562166;0;0;0;62;0
73;10;0;28;10.2;3806;09:00:21.69;0;30.92254;22.20288;1;2.97;0;0;6;1;0;0;0;0;8;3;2275562169;0;0;0;62;0
207;10;0;34;10.1;4246;09:00:21.65;0;24.72954;34.51738;1;2.93;0;0;6;1;0;0;0;0;8;3;2275562165;0;0;0;62;0
224;10;0;37;10.4;3077;09:00:21.70;0;7.03455;-29.95693;1;2.97;0;0;6;1;0;0;0;0;8;3;2275562170;0;0;0;62;0
85;10;0;39;10.7;1423;09:00:21.73;1;9.58208;10.52630;1;3.1;0;0;6;1;0;0;0;0;8;3;2275562173;0;0;0;62;0
170;9;0;40;9.6;6679;09:00:21.63;0;64.86556;15.93952;1;2.91;0;0;6;1;0;0;0;0;8;3;2275562163;0;0;0;62;0
160;10;0;22;10.7;1085;09:00:21.65;1;10.83556;0.57798;1;2.93;0;0;6;1;0;0;0;0;8;3;2275562165;0;0;0;62;0
131;10;0;17;10.3;3685;09:00:31.14;0;-0.84664;36.84654;1;2.30;0;0;6;1;0;1;0;0;9;3;2275563114;0;0;0;62;0
13;10;0;19;10.7;1567;09:00:31.02;1;15.47818;-2.48610;1;2.18;0;0;6;1;0;1;0;0;8;3;2275563102;0;0;0;62;0
228;10;0;21;10.4;2876;09:00:31.09;0;-23.62857;16.39699;1;2.26;0;0;6;1;0;1;0;0;9;3;2275563109;0;0;0;62;0
94;10;0;30;10.4;2817;09:00:31.35;0;-25.07702;12.85475;1;2.52;0;0;6;1;0;1;0;0;9;3;2275563135;0;0;0;62;0
144;10;0;33;10.4;2687;09:00:31.50;1;-19.65415;18.33508;1;2.67;0;0;6;1;0;1;0;0;9;3;2275563150;0;0;0;62;0
230;10;0;35;10.5;2463;09:00:31.47;1;20.47944;13.69647;1;2.64;0;0;6;1;0;1;0;0;9;3;2275563147;0;0;0;62;0
224;9;0;37;9.3;7803;09:00:31.62;0;-78.02995;0.52200;1;2.79;0;0;6;1;0;1;0;0;9;3;2275563162;0;0;0;62;0
170;10;0;40;10.5;2281;09:00:31.42;1;12.15188;-19.31370;1;2.60;0;0;6;1;0;1;0;0;9;3;2275563142;0;0;0;62;0
56;10;0;13;10.3;3483;09:00:31.43;0;-34.14590;-6.90661;1;2.60;0;0;6;1;0;1;0;0;9;3;2275563143;0;0;0;62;0
60;9;0;15;9.2;8271;09:00:31.41;0;-46.40950;68.46522;1;2.57;0;0;6;1;0;1;0;0;9;3;2275563141;0;0;0;62;0
67;9;0;18;9.7;6346;09:00:31.52;0;63.44184;-1.63904;1;2.69;0;0;6;1;0;1;0;0;9;3;2275563152;0;0;0;62;0
119;10;0;20;10.7;1178;09:00:31.52;1;1.02613;11.74320;1;2.68;0;0;6;1;0;1;0;0;9;3;2275563152;0;0;0;62;0
222;8;0;23;8.3;11912;09:00:31.36;0;50.64326;107.82176;1;2.53;0;0;6;1;0;1;0;0;9;3;2275563136;0;0;0;62;0
66;10;0;24;10.6;1847;09:00:31.53;1;17.89466;4.60188;1;2.70;0;0;6;1;0;1;0;0;9;3;2275563153;0;0;0;62;0
156;9;0;25;9.7;6349;09:00:31.43;0;-60.18062;20.25989;1;2.61;0;0;6;1;0;1;0;0;9;3;2275563143;0;0;0;62;0
34;10;0;26;10.4;2900;09:00:31.63;0;20.99874;20.00577;1;2.80;0;0;6;1;0;1;0;0;9;3;2275563163;0;0;0;62;0
85;10;0;39;10.2;3958;09:00:32.11;0;-39.28592;-4.86297;1;0.18;0;0;6;1;0;1;0;0;9;3;2275563211;0;0;0;62;0
73;10;0;28;10.4;2911;09:00:31.68;0;-27.32762;-10.03467;1;2.85;0;0;6;1;0;1;0;0;9;3;2275563168;0;0;0;62;0
213;10;0;31;10.5;2377;09:00:31.77;1;-23.36151;-4.42756;1;2.94;0;0;6;1;0;1;0;0;9;3;2275563177;0;0;0;62;0
3;10;0;32;10.4;2763;09:00:31.71;1;-27.52700;2.47416;1;2.88;0;0;6;1;0;1;0;0;9;3;2275563171;0;0;0;62;0
207;9;0;34;9.5;7077;09:00:31.62;0;5.38058;-70.57245;1;2.80;0;0;6;1;0;1;0;0;9;3;2275563162;0;0;0;62;0
219;10;0;38;10.3;3647;09:00:31.73;0;-35.60147;7.94369;1;2.90;0;0;6;1;0;1;0;0;9;3;2275563173;0;0;0;62;0
27;9;0;12;9.3;7913;09:00:31.71;0;11.15233;78.34478;1;2.86;0;0;6;1;0;1;0;0;9;3;2275563171;0;0;0;62;0
103;9;0;14;9.9;5332;09:00:31.77;0;17.23642;-50.46030;1;2.94;0;0;6;1;0;1;0;0;9;3;2275563177;0;0;0;62;0
79;10;0;16;10.6;2037;09:00:31.64;1;-2.30547;-20.24847;1;2.80;0;0;6;1;0;1;0;0;9;3;2275563164;0;0;0;62;0
160;9;0;22;9.8;5688;09:00:31.75;0;42.24194;38.09761;1;2.92;0;0;6;1;0;1;0;0;9;3;2275563175;0;0;0;62;0
42;10;0;27;10.3;3374;09:00:31.83;0;-25.24971;-22.38869;1;3.1;0;0;6;1;0;1;0;0;9;3;2275563183;0;0;0;62;0
13;10;1;19;10.3;3390;09:04:02.96;0;-32.32273;10.24360;1;2.19;0;0;6;1;0;0;1;1;11;3;2275584296;0;0;0;62;0
228;9;1;21;9.6;6752;09:04:03.13;0;-53.88581;40.69265;1;2.36;0;0;6;1;0;0;1;1;12;3;2275584313;0;0;0;62;0
222;10;1;23;10.5;2596;09:04:03.07;1;4.60007;25.54954;1;2.30;0;0;6;1;0;0;1;1;12;3;2275584307;0;0;0;62;0
3;9;1;32;9.5;7089;09:04:03.18;0;-55.40273;-44.23949;1;2.41;0;0;6;1;0;0;1;1;12;3;2275584318;0;0;0;62;0
144;9;1;33;9.1;8644;09:04:03.02;0;76.57094;40.11225;1;2.25;0;0;6;1;0;0;1;1;12;3;2275584302;0;0;0;62;0
230;9;1;35;9.8;5797;09:04:03.14;0;24.93101;52.34573;1;2.37;0;0;6;1;0;0;1;1;12;3;2275584314;0;0;0;62;0
224;10;1;37;10.2;3729;09:04:03.38;0;20.08502;31.42660;1;2.60;0;0;6;1;0;0;1;1;12;3;2275584338;0;0;0;62;0
27;10;1;12;10.2;4035;09:04:03.40;0;26.74717;30.22188;1;2.62;0;0;6;1;0;0;1;1;12;3;2275584340;0;0;0;62;0
56;9;1;13;9.3;7775;09:04:03.22;0;65.06749;42.56475;1;2.44;0;0;6;1;0;0;1;1;12;3;2275584322;0;0;0;62;0
60;10;1;15;10.3;3309;09:04:03.31;0;-25.93161;20.56601;1;2.53;0;0;6;1;0;0;1;1;12;3;2275584331;0;0;0;62;0
79;10;1;16;10.2;3885;09:04:03.43;0;4.06750;38.64238;1;2.65;0;0;6;1;0;0;1;1;12;3;2275584343;0;0;0;62;0
131;10;1;17;10.5;2636;09:04:03.39;1;-1.04493;-26.34622;1;2.61;0;0;6;1;0;0;1;1;12;3;2275584339;0;0;0;62;0
66;9;1;24;9.9;5543;09:04:03.33;0;49.07545;25.78798;1;2.56;0;0;6;1;0;0;1;1;12;3;2275584333;0;0;0;62;0
156;7;1;25;7.9;13377;09:04:03.40;0;49.30720;124.35177;1;2.64;0;0;6;1;0;0;1;1;12;3;2275584340;0;0;0;62;0
94;9;1;30;9.6;6557;09:04:03.36;0;-43.06232;-49.45194;1;2.59;0;0;6;1;0;0;1;1;12;3;2275584336;0;0;0;62;0
119;10;1;20;10.3;3628;09:04:03.45;0;3.66297;36.10380;1;2.67;0;0;6;1;0;0;1;1;12;3;2275584345;0;0;0;62;0
34;9;1;26;9.9;5509;09:04:03.52;0;53.81133;11.80956;1;2.75;0;0;6;1;0;0;1;1;12;3;2275584352;0;0;0;62;0
207;9;1;34;9.3;8057;09:04:03.42;0;70.00612;39.89024;1;2.66;0;0;6;1;0;0;1;1;12;3;2275584342;0;0;0;62;0
170;10;1;40;10.9;382;09:04:03.51;1;0.79140;3.73848;1;2.73;0;0;6;1;0;0;1;1;12;3;2275584351;0;0;0;62;0
103;8;1;14;8.9;9302;09:04:03.65;0;87.17608;32.46387;1;2.88;0;0;6;1;0;0;1;1;12;3;2275584365;0;0;0;62;0
160;9;1;22;9.6;6775;09:04:03.57;0;39.46796;55.06995;1;2.80;0;0;6;1;0;0;1;1;12;3;2275584357;0;0;0;62;0
42;9;1;27;9.5;6934;09:04:03.76;0;46.10086;-51.80077;1;3.0;0;0;6;1;0;0;1;1;12;3;2275584376;0;0;0;62;0
73;6;1;28;6.5;19067;09:04:03.86;0;-32.08982;187.95833;1;0.0;0;0;6;1;0;0;1;1;12;3;2275584386;0;0;0;62;0
213;10;1;31;10.0;4959;09:04:03.69;0;30.45071;39.15219;1;2.92;0;0;6;1;0;0;1;1;12;3;2275584369;0;0;0;62;0
219;10;1;38;10.8;990;09:04:03.68;1;-9.83923;1.17878;1;2.91;0;0;6;1;0;0;1;1;12;3;2275584368;0;0;0;62;0
85;8;1;39;8.8;9990;09:04:03.82;0;-48.61045;-87.27674;1;3.5;0;0;6;1;0;0;1;1;12;3;2275584382;0;0;0;62;0
67;10;1;18;10.4;3137;09:04:03.51;0;28.91346;-12.18522;1;2.73;0;0;6;1;0;0;1;1;12;3;2275584351;0;0;0;62;0
13;10;1;19;10.2;4117;09:04:13.10;0;37.83161;16.24176;1;2.23;0;0;6;1;0;0;1;1;12;3;2275585310;0;0;0;62;0
228;8;1;21;8.9;9674;09:04:13.15;0;57.69289;77.65786;1;2.28;0;0;6;1;0;0;1;1;13;3;2275585315;0;0;0;62;0
222;10;1;23;10.9;153;09:04:13.33;1;1.48941;0.36709;1;2.47;0;0;6;1;0;0;1;1;13;3;2275585333;0;0;0;62;0
66;10;1;24;10.3;3605;09:04:13.42;0;17.28605;-31.64237;1;2.55;0;0;6;1;0;0;1;1;13;3;2275585342;0;0;0;62;0
156;9;1;25;9.5;6993;09:04:13.52;0;69.46459;-8.12984;1;2.66;0;0;6;1;0;0;1;1;13;3;2275585352;0;0;0;62;0
144;10;1;33;10.2;3852;09:04:13.36;0;-38.04394;-6.04107;1;2.49;0;0;6;1;0;0;1;1;13;3;2275585336;0;0;0;62;0
207;10;1;34;10.7;1445;09:04:13.45;1;12.37472;7.46553;1;2.59;0;0;6;1;0;0;1;1;13;3;2275585345;0;0;0;62;0
230;10;1;35;10.7;1436;09:04:13.22;1;-3.35005;-13.96663;1;2.35;0;0;6;1;0;0;1;1;13;3;2275585322;0;0;0;62;0
224;10;1;37;10.5;2141;09:04:13.52;1;5.09624;-20.80435;1;2.65;0;0;6;1;0;0;1;1;13;3;2275585352;0;0;0;62;0
27;10;1;12;10.1;4289;09:04:13.45;0;-42.88996;0.62187;1;2.58;0;0;6;1;0;0;1;1;13;3;2275585345;0;0;0;62;0
56;7;1;13;7.9;13375;09:04:13.34;0;10.12306;-133.37198;1;2.47;0;0;6;1;0;0;1;1;13;3;2275585334;0;0;0;62;0
103;9;1;14;9.8;5904;09:04:13.19;0;48.91244;33.06907;1;2.32;0;0;6;1;0;0;1;1;13;3;2275585319;0;0;0;62;0
60;10;1;15;10.3;3405;09:04:13.33;0;3.47315;33.87703;1;2.46;0;0;6;1;0;0;1;1;13;3;2275585333;0;0;0;62;0
79;10;1;16;10.2;3896;09:04:13.44;0;27.72412;27.37639;1;2.56;0;0;6;1;0;0;1;1;13;3;2275585344;0;0;0;62;0
131;10;1;17;10.3;3493;09:04:13.44;0;34.47566;5.63300;1;2.57;0;0;6;1;0;0;1;1;13;3;2275585344;0;0;0;62;0
67;10;1;18;10.1;4609;09:04:13.43;0;-18.09749;-42.39254;1;2.55;0;0;6;1;0;0;1;1;13;3;2275585343;0;0;0;62;0
34;10;1;26;10.1;4370;09:04:13.54;0;35.74304;-25.14588;1;2.67;0;0;6;1;0;0;1;1;13;3;2275585354;0;0;0;62;0
42;10;1;27;10.6;1742;09:04:13.77;1;17.26519;2.32967;1;2.91;0;0;6;1;0;0;1;1;13;3;2275585377;0;0;0;62;0
73;10;1;28;10.0;4758;09:04:13.79;0;29.94240;-36.98604;1;2.92;0;0;6;1;0;0;1;1;13;3;2275585379;0;0;0;62;0
94;10;1;30;10.7;1465;09:04:13.49;1;-1.20490;-14.60759;1;2.63;0;0;6;1;0;0;1;1;13;3;2275585349;0;0;0;62;0
213;9;1;31;9.2;8113;09:04:13.90;0;61.36582;53.07682;1;3.3;0;0;6;1;0;0;1;1;13;3;2275585390;0;0;0;62;0
3;10;1;32;10.5;2515;09:04:13.55;1;-22.45224;11.34704;1;2.69;0;0;6;1;0;0;1;1;13;3;2275585355;0;0;0;62;0
219;10;1;38;10.2;4116;09:04:13.55;0;-26.94551;-31.11861;1;2.69;0;0;6;1;0;0;1;1;13;3;2275585355;0;0;0;62;0
85;9;1;39;9.8;5771;09:04:13.66;0;-28.70705;50.07139;1;2.79;0;0;6;1;0;0;1;1;13;3;2275585366;0;0;0;62;0
170;10;1;40;10.0;5130;09:04:13.62;0;47.74879;-18.76470;1;2.75;0;0;6;1;0;0;1;1;13;3;2275585362;0;0;0;62;0
119;10;1;20;10.5;2469;09:04:13.53;1;-12.56104;-21.26744;1;2.65;0;0;6;1;0;0;1;1;13;3;2275585353;0;0;0;62;0
160;9;1;22;9.8;5940;09:04:13.63;0;-26.43755;53.20158;1;2.76;0;0;6;1;0;0;1;1;13;3;2275585363;0;0;0;62;0
13;9;1;19;9.6;6673;09:04:23.21;0;-65.67892;11.81578;1;2.24;0;0;6;1;0;0;1;1;13;3;2275586321;0;0;0;62;0
222;9;1;23;9.6;6484;09:04:23.21;0;-9.67424;64.12216;1;2.25;0;0;6;1;0;0;1;1;14;3;2275586321;0;0;0;62;0
156;10;1;25;10.5;2601;09:04:23.36;1;7.89182;-24.78908;1;2.40;0;0;6;1;0;0;1;1;14;3;2275586336;0;0;0;62;0
94;10;1;30;10.3;3429;09:04:23.24;0;-28.11047;19.64188;1;2.28;0;0;6;1;0;0;1;1;14;3;2275586324;0;0;0;62;0
3;10;1;32;10.4;2739;09:04:23.59;1;-13.08323;-24.06944;1;2.63;0;0;6;1;0;0;1;1;14;3;2275586359;0;0;0;62;0
207;10;1;34;10.3;3262;09:04:23.64;0;-16.76795;-27.98875;1;2.68;0;0;6;1;0;0;1;1;14;3;2275586364;0;0;0;62;0
230;10;1;35;10.9;275;09:04:23.51;1;1.88478;2.00861;1;2.56;0;0;6;1;0;0;1;1;14;3;2275586351;0;0;0;62;0
224;10;1;37;10.6;2055;09:04:23.60;1;-14.08324;14.96938;1;2.64;0;0;6;1;0;0;1;1;14;3;2275586360;0;0;0;62;0
170;10;1;40;10.2;3797;09:04:23.64;0;25.73432;-27.92082;1;2.68;0;0;6;1;0;0;1;1;14;3;2275586364;0;0;0;62;0
27;8;1;12;8.7;10119;09:04:23.60;0;-27.24990;-97.45231;1;2.63;0;0;6;1;0;0;1;1;14;3;2275586360;0;0;0;62;0
56;10;1;13;10.0;4793;09:04:23.47;0;45.90689;-13.80172;1;2.50;0;0;6;1;0;0;1;1;14;3;2275586347;0;0;0;62;0
60;10;1;15;10.6;2079;09:04:23.55;1;-5.07313;-20.16475;1;2.58;0;0;6;1;0;0;1;1;14;3;2275586355;0;0;0;62;0
131;10;1;17;10.6;1711;09:04:23.53;1;-13.13701;-10.96577;1;2.56;0;0;6;1;0;0;1;1;14;3;2275586353;0;0;0;62;0
67;10;1;18;10.0;4917;09:04:23.58;0;-41.26513;-26.75521;1;2.61;0;0;6;1;0;0;1;1;14;3;2275586358;0;0;0;62;0
119;10;1;20;10.8;569;09:04:23.54;1;4.31722;-3.71283;1;2.58;0;0;6;1;0;0;1;1;14;3;2275586354;0;0;0;62;0
228;9;1;21;9.6;6692;09:04:23.50;0;-63.72382;-20.44780;1;2.54;0;0;6;1;0;0;1;1;14;3;2275586350;0;0;0;62;0
79;10;1;16;10.3;3248;09:04:23.75;0;-32.20676;4.21922;1;2.79;0;0;6;1;0;0;1;1;14;3;2275586375;0;0;0;62;0
160;9;1;22;9.9;5396;09:04:23.73;0;-4.10430;-53.80914;1;2.78;0;0;6;1;0;0;1;1;14;3;2275586373;0;0;0;62;0
66;9;1;24;9.6;6798;09:04:23.68;0;37.11380;-56.95854;1;2.72;0;0;6;1;0;0;1;1;14;3;2275586368;0;0;0;62;0
34;10;1;26;10.8;643;09:04:23.79;1;5.86938;-2.63140;1;2.84;0;0;6;1;0;0;1;1;14;3;2275586379;0;0;0;62;0
42;10;1;27;10.5;2260;09:04:23.84;1;13.58640;18.06556;1;2.88;0;0;6;1;0;0;1;1;14;3;2275586384;0;0;0;62;0
73;9;1;28;9.7;6151;09:04:23.98;0;15.52664;-59.52018;1;3.2;0;0;6;1;0;0;1;1;14;3;2275586398;0;0;0;62;0
213;10;1;31;10.4;2923;09:04:23.87;0;-3.84842;-28.98559;1;2.92;0;0;6;1;0;0;1;1;14;3;2275586387;0;0;0;62;0
144;10;1;33;10.1;4707;09:04:23.78;0;-39.92400;-24.95106;1;2.81;0;0;6;1;0;0;1;1;14;3;2275586378;0;0;0;62;0
219;9;1;38;9.9;5444;09:04:23.79;0;-53.55068;-9.82629;1;2.83;0;0;6;1;0;0;1;1;14;3;2275586379;0;0;0;62;0
85;10;1;39;10.3;3563;09:04:23.88;0;-27.16135;-23.06229;1;2.92;0;0;6;1;0;0;1;1;14;3;2275586388;0;0;0;62;0
103;10;1;14;10.2;4168;09:04:23.85;0;25.57000;-32.91886;1;2.88;0;0;6;1;0;0;1;1;14;3;2275586385;0;0;0;62;0
131;10;1;17;10.5;2128;09:04:33.45;1;-9.51417;-19.04134;1;2.38;0;0;6;1;0;0;1;1;15;3;2275587345;0;0;0;62;0
13;10;1;19;10.5;2127;09:04:33.34;1;19.62198;8.21250;1;2.28;0;0;6;1;0;0;1;1;14;3;2275587334;0;0;0;62;0
228;9;1;21;9.9;5423;09:04:33.39;0;5.08643;53.99773;1;2.33;0;0;6;1;0;0;1;1;15;3;2275587339;0;0;0;62;0
222;9;1;23;9.9;5460;09:04:33.24;0;-8.91549;53.87160;1;2.18;0;0;6;1;0;0;1;1;15;3;2275587324;0;0;0;62;0
66;9;1;24;9.2;8389;09:04:33.55;0;-3.71118;83.81312;1;2.50;0;0;6;1;0;0;1;1;15;3;2275587355;0;0;0;62;0
94;10;1;30;10.5;2585;09:04:33.51;1;-21.24250;14.73580;1;2.45;0;0;6;1;0;0;1;1;15;3;2275587351;0;0;0;62;0
3;9;1;32;9.3;7899;09:04:33.72;0;43.66293;65.82981;1;2.66;0;0;6;1;0;0;1;1;15;3;2275587372;0;0;0;62;0
230;9;1;35;9.4;7440;09:04:33.47;0;-29.67895;-68.22469;1;2.42;0;0;6;1;0;0;1;1;15;3;2275587347;0;0;0;62;0
224;10;1;37;10.3;3693;09:04:33.58;0;-3.84138;36.73143;1;2.52;0;0;6;1;0;0;1;1;15;3;2275587358;0;0;0;62;0
170;10;1;40;10.2;4053;09:04:33.58;0;22.33386;33.82621;1;2.52;0;0;6;1;0;0;1;1;15;3;2275587358;0;0;0;62;0
27;9;1;12;9.7;6430;09:04:33.64;0;16.40907;62.17651;1;2.57;0;0;6;1;0;0;1;1;15;3;2275587364;0;0;0;62;0
56;10;1;13;10.0;4871;09:04:33.51;0;48.43589;-5.18011;1;2.44;0;0;6;1;0;0;1;1;15;3;2275587351;0;0;0;62;0
60;9;1;15;9.8;5686;09:04:33.62;0;10.18863;-55.94816;1;2.55;0;0;6;1;0;0;1;1;15;3;2275587362;0;0;0;62;0
79;10;1;16;10.5;2225;09:04:33.62;1;16.91458;-14.46513;1;2.56;0;0;6;1;0;0;1;1;15;3;2275587362;0;0;0;62;0
67;10;1;18;10.7;1363;09:04:33.72;1;3.88811;-13.07010;1;2.65;0;0;6;1;0;0;1;1;15;3;2275587372;0;0;0;62;0
119;9;1;20;9.7;6233;09:04:33.78;0;-40.97307;-46.97745;1;2.72;0;0;6;1;0;0;1;1;15;3;2275587378;0;0;0;62;0
219;10;1;38;10.2;4128;09:04:34.03;0;-31.99809;26.09533;1;2.97;0;0;6;1;0;0;1;1;15;3;2275587403;0;0;0;62;0
85;10;1;39;10.3;3563;09:04:33.91;0;11.50539;-33.72210;1;2.86;0;0;6;1;0;0;1;1;15;3;2275587391;0;0;0;62;0
103;10;1;14;10.0;5154;09:04:33.74;0;-45.04925;-25.04022;1;2.68;0;0;6;1;0;0;1;1;15;3;2275587374;0;0;0;62;0
160;10;1;22;10.3;3554;09:04:33.79;0;-26.46243;23.73504;1;2.74;0;0;6;1;0;0;1;1;15;3;2275587379;0;0;0;62;0
156;9;1;25;9.8;5906;09:04:33.75;0;-13.45819;-57.50641;1;2.70;0;0;6;1;0;0;1;1;15;3;2275587375;0;0;0;62;0
34;8;1;26;8.1;12795;09:04:34.18;0;47.94792;-118.63469;1;0.3;0;0;6;1;0;0;1;1;15;3;2275587418;0;0;0;62;0
42;10;1;27;10.2;4059;09:04:33.88;0;33.23531;23.31752;1;2.82;0;0;6;1;0;0;1;1;15;3;2275587388;0;0;0;62;0
73;8;1;28;8.9;9535;09:04:33.98;0;91.46076;-26.95717;1;2.92;0;0;6;1;0;0;1;1;15;3;2275587398;0;0;0;62;0
213;10;1;31;10.3;3349;09:04:33.92;0;-28.96729;16.81179;1;2.87;0;0;6;1;0;0;1;1;15;3;2275587392;0;0;0;62;0
144;10;1;33;10.4;2811;09:04:33.87;0;13.75633;-24.52022;1;2.81;0;0;6;1;0;0;1;1;15;3;2275587387;0;0;0;62;0
207;10;1;34;10.2;4121;09:04:33.83;0;-33.89377;23.45630;1;2.77;0;0;6;1;0;0;1;1;15;3;2275587383;0;0;0;62;0
13;8;1;19;8.9;9445;09:04:43.44;0;11.17497;-93.79248;1;2.27;0;0;6;1;0;1;1;1;15;3;2275588344;0;0;0;62;0
228;10;1;21;10.3;3272;09:04:43.36;0;-31.63360;8.37414;1;2.19;0;0;6;1;0;1;1;1;16;3;2275588336;0;0;0;62;0
222;10;1;23;10.4;2894;09:04:43.33;0;20.55803;20.38249;1;2.16;0;0;6;1;0;1;1;1;16;3;2275588333;0;0;0;62;0
94;10;1;30;10.5;2601;09:04:43.47;1;1.90631;25.94263;1;2.30;0;0;6;1;0;1;1;1;16;3;2275588347;0;0;0;62;0
144;10;1;33;10.1;4447;09:04:43.60;0;23.29010;37.88893;1;2.43;0;0;6;1;0;1;1;1;16;3;2275588360;0;0;0;62;0
230;10;1;35;10.2;3721;09:04:43.56;0;-36.13039;8.91263;1;2.40;0;0;6;1;0;1;1;1;16;3;2275588356;0;0;0;62;0
224;9;1;37;9.8;5976;09:04:43.51;0;-55.33757;-22.57359;1;2.34;0;0;6;1;0;1;1;1;16;3;2275588351;0;0;0;62;0
170;10;1;40;10.4;2962;09:04:43.66;0;29.61690;0.54011;1;2.50;0;0;6;1;0;1;1;1;16;3;2275588366;0;0;0;62;0
27;9;1;12;9.9;5546;09:04:43.69;0;-55.12017;6.18915;1;2.52;0;0;6;1;0;1;1;1;16;3;2275588369;0;0;0;62;0
56;10;1;13;10.5;2171;09:04:43.57;1;21.60333;-2.16835;1;2.40;0;0;6;1;0;1;1;1;16;3;2275588357;0;0;0;62;0
60;8;1;15;8.3;11799;09:04:43.83;0;117.87467;5.41410;1;2.66;0;0;6;1;0;1;1;1;16;3;2275588383;0;0;0;62;0
131;10;1;17;10.0;5264;09:04:43.79;0;46.67584;-24.35804;1;2.61;0;0;6;1;0;1;1;1;16;3;2275588379;0;0;0;62;0
67;9;1;18;9.5;6988;09:04:43.81;0;-67.68049;17.43051;1;2.64;0;0;6;1;0;1;1;1;16;3;2275588381;0;0;0;62;0
119;10;1;20;10.2;4220;09:04:43.84;0;-9.09167;-41.21077;1;2.68;0;0;6;1;0;1;1;1;16;3;2275588384;0;0;0;62;0
66;10;1;24;10.3;3506;09:04:43.54;0;6.06720;34.53850;1;2.38;0;0;6;1;0;1;1;1;16;3;2275588354;0;0;0;62;0
156;10;1;25;10.5;2267;09:04:43.73;1;22.33820;3.91735;1;2.57;0;0;6;1;0;1;1;1;16;3;2275588373;0;0;0;62;0
73;10;1;28;10.4;3059;09:04:44.30;0;23.98924;-18.98411;1;0.3;0;0;6;1;0;1;1;1;16;3;2275588430;0;0;0;62;0
3;10;1;32;10.5;2290;09:04:43.84;1;21.31316;-8.37776;1;2.67;0;0;6;1;0;1;1;1;16;3;2275588384;0;0;0;62;0
207;9;1;34;9.7;6475;09:04:43.99;0;-39.83716;-51.05075;1;2.83;0;0;6;1;0;1;1;1;16;3;2275588399;0;0;0;62;0
219;10;1;38;10.5;2312;09:04:43.92;1;-17.34478;15.29197;1;2.75;0;0;6;1;0;1;1;1;16;3;2275588392;0;0;0;62;0
85;9;1;39;9.1;8793;09:04:43.94;0;-73.97424;-47.54442;1;2.78;0;0;6;1;0;1;1;1;16;3;2275588394;0;0;0;62;0
103;8;1;14;8.8;9748;09:04:44.16;0;-89.54427;38.54648;1;2.99;0;0;6;1;0;1;1;1;16;3;2275588416;0;0;0;62;0
79;9;1;16;9.4;7583;09:04:43.89;0;-68.39356;-32.76511;1;2.72;0;0;6;1;0;1;1;1;16;3;2275588389;0;0;0;62;0
160;9;1;22;9.9;5517;09:04:43.88;0;-4.55827;-54.98598;1;2.72;0;0;6;1;0;1;1;1;16;3;2275588388;0;0;0;62;0
34;10;1;26;10.2;4049;09:04:43.93;0;-6.18883;-40.02203;1;2.77;0;0;6;1;0;1;1;1;16;3;2275588393;0;0;0;62;0
42;9;1;27;9.3;8008;09:04:43.97;0;62.81072;49.68712;1;2.81;0;0;6;1;0;1;1;1;16;3;2275588397;0;0;0;62;0
213;10;1;31;10.4;2731;09:04:44.01;1;-6.39169;-26.55988;1;2.85;0;0;6;1;0;1;1;1;16;3;2275588401;0;0;0;62;0
13;9;1;19;9.8;5911;09:07:22.62;0;4.26451;58.96549;1;2.42;0;0;6;1;0;0;2;1;18;3;2275604262;0;0;0;62;0
228;10;1;21;10.5;2402;09:07:22.55;1;-1.18426;23.99311;1;2.35;0;0;6;1;0;0;2;1;19;3;2275604255;0;0;0;62;0
222;10;1;23;10.8;980;09:07:22.62;1;-1.21765;-9.72956;1;2.42;0;0;6;1;0;0;2;1;19;3;2275604262;0;0;0;62;0
156;9;1;25;9.9;5531;09:07:22.74;0;35.82217;-42.14656;1;2.55;0;0;6;1;0;0;2;1;19;3;2275604274;0;0;0;62;0
94;10;1;30;10.2;3883;09:07:22.66;0;-24.47643;-30.14557;1;2.47;0;0;6;1;0;0;2;1;19;3;2275604266;0;0;0;62;0
144;9;1;33;9.7;6308;09:07:22.92;0;-13.00897;61.72410;1;2.73;0;0;6;1;0;0;2;1;19;3;2275604292;0;0;0;62;0
230;9;1;35;9.7;6219;09:07:22.58;0;-55.43539;-28.19980;1;2.39;0;0;6;1;0;0;2;1;19;3;2275604258;0;0;0;62;0
219;10;1;38;10.4;2956;09:07:22.84;0;15.76662;-25.00444;1;2.64;0;0;6;1;0;0;2;1;19;3;2275604284;0;0;0;62;0
170;10;1;40;10.4;2833;09:07:22.85;0;24.35670;-14.47904;1;2.65;0;0;6;1;0;0;2;1;19;3;2275604285;0;0;0;62;0
56;8;1;13;8.3;11883;09:07:22.78;0;43.29401;-110.67000;1;2.57;0;0;6;1;0;0;2;1;19;3;2275604278;0;0;0;62;0
60;8;1;15;8.7;10327;09:07:22.79;0;-75.23685;70.75393;1;2.58;0;0;6;1;0;0;2;1;19;3;2275604279;0;0;0;62;0
79;10;1;16;10.5;2391;09:07:22.95;1;-19.82991;13.36630;1;2.75;0;0;6;1;0;0;2;1;19;3;2275604295;0;0;0;62;0
131;10;1;17;10.1;4467;09:07:22.74;0;-2.04907;-44.63255;1;2.54;0;0;6;1;0;0;2;1;19;3;2275604274;0;0;0;62;0
67;9;1;18;9.7;6203;09:07:22.82;0;-61.04389;-11.01665;1;2.61;0;0;6;1;0;0;2;1;19;3;2275604282;0;0;0;62;0
119;10;1;20;10.3;3242;09:07:22.68;0;-32.36840;-1.92376;1;2.48;0;0;6;1;0;0;2;1;19;3;2275604268;0;0;0;62;0
66;10;1;24;10.5;2390;09:07:22.85;1;19.03432;14.45420;1;2.66;0;0;6;1;0;0;2;1;19;3;2275604285;0;0;0;62;0
42;10;1;27;10.4;2993;09:07:23.14;0;29.55570;-4.74323;1;2.94;0;0;6;1;0;0;2;1;19;3;2275604314;0;0;0;62;0
213;10;1;31;10.7;1346;09:07:23.18;1;10.61857;-8.27363;1;2.98;0;0;6;1;0;0;2;1;19;3;2275604318;0;0;0;62;0
3;8;1;32;8.7;10292;09:07:23.06;0;-101.29280;18.23481;1;2.86;0;0;6;1;0;0;2;1;19;3;2275604306;0;0;0;62;0
207;10;1;34;10.2;3937;09:07:23.00;0;-10.00548;-38.08660;1;2.80;0;0;6;1;0;0;2;1;19;3;2275604300;0;0;0;62;0
224;10;1;37;10.8;834;09:07:23.00;1;8.15989;-1.74755;1;2.80;0;0;6;1;0;0;2;1;19;3;2275604300;0;0;0;62;0
85;9;1;39;9.9;5495;09:07:23.11;0;-53.57198;12.25468;1;2.91;0;0;6;1;0;0;2;1;19;3;2275604311;0;0;0;62;0
27;9;1;12;9.8;5980;09:07:23.05;0;45.33090;39.01250;1;2.84;0;0;6;1;0;0;2;1;19;3;2275604305;0;0;0;62;0
103;9;1;14;9.5;7212;09:07:23.16;0;-72.11135;-1.43616;1;2.95;0;0;6;1;0;0;2;1;19;3;2275604316;0;0;0;62;0
160;9;1;22;9.8;5904;09:07:23.13;0;-55.76375;-19.41811;1;2.94;0;0;6;1;0;0;2;1;19;3;2275604313;0;0;0;62;0
73;6;1;28;6.7;18113;09:07:23.47;0;157.19478;89.99272;1;0.18;0;0;6;1;0;0;2;1;19;3;2275604347;0;0;0;62;0
13;10;1;19;10.2;4159;09:07:32.47;0;12.20178;39.76519;1;2.16;0;0;6;1;0;0;2;1;19;3;2275605247;0;0;0;62;0
94;10;1;30;10.4;3145;09:07:32.61;0;-14.20001;-28.06199;1;2.31;0;0;6;1;0;0;2;1;20;3;2275605261;0;0;0;62;0
3;10;1;32;10.8;991;09:07:32.79;1;-9.90691;-0.29511;1;2.48;0;0;6;1;0;0;2;1;20;3;2275605279;0;0;0;62;0
230;10;1;35;10.2;3720;09:07:32.75;0;7.20700;36.50204;1;2.45;0;0;6;1;0;0;2;1;20;3;2275605275;0;0;0;62;0
27;9;1;12;9.7;6208;09:07:32.95;0;52.37499;33.33754;1;2.63;0;0;6;1;0;0;2;1;20;3;2275605295;0;0;0;62;0
56;10;1;13;10.1;4393;09:07:32.69;0;-38.84447;20.52210;1;2.38;0;0;6;1;0;0;2;1;20;3;2275605269;0;0;0;62;0
60;10;1;15;10.6;1834;09:07:32.84;1;17.73819;-4.67227;1;2.53;0;0;6;1;0;0;2;1;20;3;2275605284;0;0;0;62;0
79;10;1;16;10.4;2694;09:07:32.94;1;-13.72193;-23.19067;1;2.63;0;0;6;1;0;0;2;1;20;3;2275605294;0;0;0;62;0
131;9;1;17;9.6;6546;09:07:32.58;0;-63.66451;15.23854;1;2.27;0;0;6;1;0;0;2;1;20;3;2275605258;0;0;0;62;0
67;10;1;18;10.4;2921;09:07:32.89;0;-28.82430;-4.76656;1;2.57;0;0;6;1;0;0;2;1;20;3;2275605289;0;0;0;62;0
119;10;1;20;10.7;1469;09:07:32.70;1;2.71090;-14.43939;1;2.39;0;0;6;1;0;0;2;1;20;3;2275605270;0;0;0;62;0
228;10;1;21;10.6;1801;09:07:32.61;1;0.73068;18.00308;1;2.30;0;0;6;1;0;0;2;1;20;3;2275605261;0;0;0;62;0
222;9;1;23;9.3;7750;09:07:32.83;0;-16.39955;-75.74767;1;2.52;0;0;6;1;0;0;2;1;20;3;2275605283;0;0;0;62;0
66;9;1;24;9.1;8711;09:07:32.93;0;25.61607;83.26531;1;2.63;0;0;6;1;0;0;2;1;20;3;2275605293;0;0;0;62;0
156;9;1;25;9.6;6734;09:07:32.91;0;-67.11893;-5.52830;1;2.61;0;0;6;1;0;0;2;1;20;3;2275605291;0;0;0;62;0
170;10;1;40;10.8;615;09:07:32.93;1;-2.15052;5.76494;1;2.63;0;0;6;1;0;0;2;1;20;3;2275605293;0;0;0;62;0
213;10;1;31;10.3;3679;09:07:33.14;0;-36.79082;-0.77857;1;2.83;0;0;6;1;0;0;2;1;20;3;2275605314;0;0;0;62;0
144;9;1;33;9.5;7125;09:07:33.13;0;69.33959;16.42845;1;2.83;0;0;6;1;0;0;2;1;20;3;2275605313;0;0;0;62;0
207;10;1;34;10.3;3523;09:07:32.96;0;-29.36937;19.47391;1;2.65;0;0;6;1;0;0;2;1;20;3;2275605296;0;0;0;62;0
224;10;1;37;10.4;3163;09:07:33.10;0;17.03639;-26.65453;1;2.79;0;0;6;1;0;0;2;1;20;3;2275605310;0;0;0;62;0
219;10;1;38;10.4;3079;09:07:33.01;0;-30.78848;0.65800;1;2.70;0;0;6;1;0;0;2;1;20;3;2275605301;0;0;0;62;0
85;10;1;39;10.5;2199;09:07:33.17;1;8.78602;-20.16146;1;2.87;0;0;6;1;0;0;2;1;20;3;2275605317;0;0;0;62;0
103;9;1;14;9.8;6057;09:07:33.25;0;21.84644;-56.49537;1;2.94;0;0;6;1;0;0;2;1;20;3;2275605325;0;0;0;62;0
160;9;1;22;9.8;5961;09:07:33.02;0;-51.85646;-29.41690;1;2.72;0;0;6;1;0;0;2;1;20;3;2275605302;0;0;0;62;0
42;9;1;27;9.6;6826;09:07:33.22;0;-4.25734;-68.13529;1;2.91;0;0;6;1;0;0;2;1;20;3;2275605322;0;0;0;62;0
73;10;1;28;10.6;1621;09:07:33.14;1;-4.86136;-15.47210;1;2.84;0;0;6;1;0;0;2;1;20;3;2275605314;0;0;0;62;0
56;10;1;13;10.1;4680;09:07:42.75;0;32.73787;-33.45643;1;2.34;0;0;6;1;0;0;2;1;21;3;2275606275;0;0;0;62;0
13;10;1;19;10.4;3002;09:07:42.73;0;30.01538;-0.59373;1;2.32;0;0;6;1;0;0;2;1;20;3;2275606273;0;0;0;62;0
119;9;1;20;9.9;5488;09:07:42.91;0;31.22943;-45.13441;1;2.50;0;0;6;1;0;0;2;1;21;3;2275606291;0;0;0;62;0
228;10;1;21;10.4;2904;09:07:42.60;0;-13.18561;-25.87734;1;2.19;0;0;6;1;0;0;2;1;21;3;2275606260;0;0;0;62;0
222;10;1;23;10.5;2453;09:07:42.77;1;14.15839;-20.03813;1;2.37;0;0;6;1;0;0;2;1;21;3;2275606277;0;0;0;62;0
66;9;1;24;9.6;6519;09:07:42.82;0;45.46383;46.72725;1;2.42;0;0;6;1;0;0;2;1;21;3;2275606282;0;0;0;62;0
156;10;1;25;10.5;2339;09:07:42.86;1;6.23671;-22.55231;1;2.45;0;0;6;1;0;0;2;1;21;3;2275606286;0;0;0;62;0
94;10;1;30;10.4;2883;09:07:42.78;0;22.11170;-18.50244;1;2.37;0;0;6;1;0;0;2;1;21;3;2275606278;0;0;0;62;0
3;10;1;32;10.4;2646;09:07:42.83;1;10.88120;24.12459;1;2.43;0;0;6;1;0;0;2;1;21;3;2275606283;0;0;0;62;0
230;10;1;35;10.3;3633;09:07:42.83;0;-30.71313;-19.40658;1;2.42;0;0;6;1;0;0;2;1;21;3;2275606283;0;0;0;62;0
224;10;1;37;10.2;3954;09:07:43.08;0;36.02424;-16.30615;1;2.68;0;0;6;1;0;0;2;1;21;3;2275606308;0;0;0;62;0
219;10;1;38;10.2;3947;09:07:43.06;0;0.44291;39.47053;1;2.66;0;0;6;1;0;0;2;1;21;3;2275606306;0;0;0;62;0
27;10;1;12;10.2;3773;09:07:42.91;0;23.72421;-29.33951;1;2.50;0;0;6;1;0;0;2;1;21;3;2275606291;0;0;0;62;0
60;10;1;15;10.2;3757;09:07:43.00;0;5.76342;-37.13118;1;2.59;0;0;6;1;0;0;2;1;21;3;2275606300;0;0;0;62;0
131;10;1;17;10.3;3452;09:07:42.95;0;29.32972;-18.21716;1;2.54;0;0;6;1;0;0;2;1;21;3;2275606295;0;0;0;62;0
67;10;1;18;10.3;3337;09:07:43.03;0;33.16170;3.78677;1;2.62;0;0;6;1;0;0;2;1;21;3;2275606303;0;0;0;62;0
85;10;1;39;10.7;1351;09:07:43.27;1;9.46507;9.64431;1;2.86;0;0;6;1;0;0;2;1;21;3;2275606327;0;0;0;62;0
170;9;1;40;9.8;5939;09:07:43.16;0;7.29206;58.94850;1;2.76;0;0;6;1;0;0;2;1;21;3;2275606316;0;0;0;62;0
103;10;1;14;10.3;3257;09:07:43.12;0;10.07074;30.97764;1;2.71;0;0;6;1;0;0;2;1;21;3;2275606312;0;0;0;62;0
79;10;1;16;10.1;4471;09:07:43.03;0;-2.67780;-44.63897;1;2.62;0;0;6;1;0;0;2;1;21;3;2275606303;0;0;0;62;0
160;9;1;22;9.4;7427;09:07:43.18;0;-19.20483;-71.74884;1;2.77;0;0;6;1;0;0;2;1;21;3;2275606318;0;0;0;62;0
42;10;1;27;10.1;4398;09:07:43.27;0;22.69311;-37.68288;1;2.87;0;0;6;1;0;0;2;1;21;3;2275606327;0;0;0;62;0
73;9;1;28;9.1;8790;09:07:43.27;0;-87.79565;4.28267;1;2.86;0;0;6;1;0;0;2;1;21;3;2275606327;0;0;0;62;0
213;10;1;31;10.0;4765;09:07:43.27;0;14.30979;-45.45674;1;2.86;0;0;6;1;0;0;2;1;21;3;2275606327;0;0;0;62;0
144;9;1;33;9.8;5948;09:07:43.20;0;38.54661;45.30200;1;2.79;0;0;6;1;0;0;2;1;21;3;2275606320;0;0;0;62;0
207;9;1;34;9.7;6288;09:07:43.11;0;-50.68985;-37.21821;1;2.71;0;0;6;1;0;0;2;1;21;3;2275606311;0;0;0;62;0
56;10;1;13;10.6;1954;09:07:52.74;1;-19.51973;-1.06905;1;2.23;0;0;6;1;0;0;2;1;22;3;2275607274;0;0;0;62;0
13;10;1;19;10.1;4723;09:07:52.61;0;-34.98319;31.74308;1;2.10;0;0;6;1;0;0;2;1;21;3;2275607261;0;0;0;62;0
119;10;1;20;10.3;3223;09:07:52.96;0;-3.12774;-32.08762;1;2.46;0;0;6;1;0;0;2;1;22;3;2275607296;0;0;0;62;0
228;8;1;21;8.9;9425;09:07:52.87;0;-90.96032;24.69508;1;2.37;0;0;6;1;0;0;2;1;22;3;2275607287;0;0;0;62;0
222;9;1;23;9.9;5314;09:07:53.14;0;-24.00897;-47.41702;1;2.64;0;0;6;1;0;0;2;1;22;3;2275607314;0;0;0;62;0
66;9;1;24;9.0;9164;09:07:52.97;0;14.59538;90.47541;1;2.47;0;0;6;1;0;0;2;1;22;3;2275607297;0;0;0;62;0
156;10;1;25;10.4;2977;09:07:53.13;0;24.56103;-16.83260;1;2.62;0;0;6;1;0;0;2;1;22;3;2275607313;0;0;0;62;0
94;10;1;30;10.2;4180;09:07:52.80;0;-13.97105;-39.40495;1;2.30;0;0;6;1;0;0;2;1;22;3;2275607280;0;0;0;62;0
144;9;1;33;9.4;7597;09:07:53.11;0;-27.17950;-70.94171;1;2.60;0;0;6;1;0;0;2;1;22;3;2275607311;0;0;0;62;0
207;9;1;34;9.6;6533;09:07:53.07;0;-22.79883;-61.23053;1;2.57;0;0;6;1;0;0;2;1;22;3;2275607307;0;0;0;62;0
230;10;1;35;10.5;2589;09:07:52.80;1;-25.10368;6.36603;1;2.29;0;0;6;1;0;0;2;1;22;3;2275607280;0;0;0;62;0
224;10;1;37;10.3;3666;09:07:53.10;0;-36.44919;3.98207;1;2.60;0;0;6;1;0;0;2;1;22;3;2275607310;0;0;0;62;0
170;10;1;40;10.3;3478;09:07:52.96;0;-27.04192;21.88041;1;2.46;0;0;6;1;0;0;2;1;22;3;2275607296;0;0;0;62;0
27;10;1;12;10.2;3756;09:07:52.96;0;23.54204;-29.27123;1;2.45;0;0;6;1;0;0;2;1;22;3;2275607296;0;0;0;62;0
60;10;1;15;10.0;4982;09:07:52.92;0;-49.76584;2.34180;1;2.41;0;0;6;1;0;0;2;1;22;3;2275607292;0;0;0;62;0
131;10;1;17;10.0;4796;09:07:53.05;0;21.89178;42.67587;1;2.54;0;0;6;1;0;0;2;1;22;3;2275607305;0;0;0;62;0
103;10;1;14;10.2;3866;09:07:53.49;0;13.13328;-36.36240;1;2.98;0;0;6;1;0;0;2;1;22;3;2275607349;0;0;0;62;0
79;10;1;16;10.1;4647;09:07:53.29;0;-45.83889;-7.63559;1;2.79;0;0;6;1;0;0;2;1;22;3;2275607329;0;0;0;62;0
67;10;1;18;10.4;2653;09:07:53.26;1;-12.12511;23.60406;1;2.75;0;0;6;1;0;0;2;1;22;3;2275607326;0;0;0;62;0
160;10;1;22;10.1;4602;09:07:53.25;0;-39.87623;-22.98925;1;2.75;0;0;6;1;0;0;2;1;22;3;2275607325;0;0;0;62;0
42;8;1;27;8.6;10815;09:07:53.56;0;-78.29487;-74.61633;1;3.6;0;0;6;1;0;0;2;1;22;3;2275607356;0;0;0;62;0
73;10;1;28;10.2;4154;09:07:53.22;0;-1.39601;-41.51809;1;2.72;0;0;6;1;0;0;2;1;22;3;2275607322;0;0;0;62;0
213;9;1;31;9.9;5417;09:07:53.45;0;19.41630;-50.57906;1;2.95;0;0;6;1;0;0;2;1;22;3;2275607345;0;0;0;62;0
3;10;1;32;10.1;4738;09:07:53.09;0;25.21044;40.12108;1;2.59;0;0;6;1;0;0;2;1;22;3;2275607309;0;0;0;62;0
219;10;1;38;10.7;1418;09:07:53.25;1;-13.17833;5.25585;1;2.75;0;0;6;1;0;0;2;1;22;3;2275607325;0;0;0;62;0
85;10;1;39;10.5;2157;09:07:53.32;1;-21.45177;-2.28412;1;2.81;0;0;6;1;0;0;2;1;22;3;2275607332;0;0;0;62;0
13;8;1;19;8.6;10644;09:08:02.81;0;83.32490;-66.23230;1;2.20;0;0;6;1;0;1;2;1;22;3;2275608281;0;0;0;62;0
119;10;1;20;10.8;981;09:08:03.08;1;-4.90446;-8.50074;1;2.48;0;0;6;1;0;1;2;1;23;3;2275608308;0;0;0;62;0
228;10;1;21;10.1;4548;09:08:02.90;0;-24.21261;38.50107;1;2.30;0;0;6;1;0;1;2;1;23;3;2275608290;0;0;0;62;0
222;9;1;23;9.8;5798;09:08:02.92;0;18.09097;-55.09423;1;2.32;0;0;6;1;0;1;2;1;23;3;2275608292;0;0;0;62;0
66;9;1;24;9.1;8826;09:08:03.02;0;85.80470;20.71285;1;2.42;0;0;6;1;0;1;2;1;23;3;2275608302;0;0;0;62;0
94;10;1;30;10.8;923;09:08:02.86;1;3.94918;8.34590;1;2.26;0;0;6;1;0;1;2;1;23;3;2275608286;0;0;0;62;0
3;9;1;32;9.6;6862;09:08:02.96;0;-19.92348;65.67428;1;2.36;0;0;6;1;0;1;2;1;23;3;2275608296;0;0;0;62;0
144;10;1;33;10.8;907;09:08:03.24;1;-7.24986;5.45230;1;2.64;0;0;6;1;0;1;2;1;23;3;2275608324;0;0;0;62;0
230;10;1;35;10.7;1485;09:08:02.76;1;-2.00725;-14.71901;1;2.16;0;0;6;1;0;1;2;1;23;3;2275608276;0;0;0;62;0
170;10;1;40;10.5;2142;09:08:03.01;1;15.78930;14.47548;1;2.41;0;0;6;1;0;1;2;1;23;3;2275608301;0;0;0;62;0
27;9;1;12;9.7;6289;09:08:03.14;0;16.39734;-60.71785;1;2.53;0;0;6;1;0;1;2;1;23;3;2275608314;0;0;0;62;0
56;10;1;13;10.6;1719;09:08:02.76;1;-3.50031;16.83530;1;2.15;0;0;6;1;0;1;2;1;23;3;2275608276;0;0;0;62;0
60;9;1;15;9.2;8321;09:08:03.08;0;-14.32692;-81.97267;1;2.47;0;0;6;1;0;1;2;1;23;3;2275608308;0;0;0;62;0
79;10;1;16;10.7;1098;09:08:03.23;1;8.04173;7.48602;1;2.63;0;0;6;1;0;1;2;1;23;3;2275608323;0;0;0;62;0
131;8;1;17;8.7;10169;09:08:03.16;0;70.19570;73.58456;1;2.55;0;0;6;1;0;1;2;1;23;3;2275608316;0;0;0;62;0
156;10;1;25;10.1;4413;09:08:03.15;0;9.65294;-43.06800;1;2.54;0;0;6;1;0;1;2;1;23;3;2275608315;0;0;0;62;0
67;10;1;18;10.8;567;09:08:03.31;1;0.44390;-5.65896;1;2.70;0;0;6;1;0;1;2;1;23;3;2275608331;0;0;0;62;0
160;8;1;22;8.4;11283;09:08:03.49;0;-20.37563;-110.98152;1;2.89;0;0;6;1;0;1;2;1;23;3;2275608349;0;0;0;62;0
42;9;1;27;9.7;6218;09:08:03.46;0;-28.36435;55.34437;1;2.86;0;0;6;1;0;1;2;1;23;3;2275608346;0;0;0;62;0
73;10;1;28;10.2;4051;09:08:03.67;0;23.65130;-32.88943;1;3.7;0;0;6;1;0;1;2;1;23;3;2275608367;0;0;0;62;0
213;10;1;31;10.3;3481;09:08:03.45;0;23.21635;-25.94960;1;2.84;0;0;6;1;0;1;2;1;23;3;2275608345;0;0;0;62;0
207;9;1;34;9.4;7311;09:08:03.26;0;73.11007;0.68502;1;2.66;0;0;6;1;0;1;2;1;23;3;2275608326;0;0;0;62;0
224;10;1;37;10.3;3650;09:08:03.33;0;-10.95799;-34.81809;1;2.73;0;0;6;1;0;1;2;1;23;3;2275608333;0;0;0;62;0
219;10;1;38;10.1;4680;09:08:03.57;0;33.74640;-32.43593;1;2.97;0;0;6;1;0;1;2;1;23;3;2275608357;0;0;0;62;0
85;9;1;39;9.8;5708;09:08:03.48;0;-4.59457;56.89541;1;2.87;0;0;6;1;0;1;2;1;23;3;2275608348;0;0;0;62;0
103;9;1;14;9.6;6860;09:08:03.62;0;-62.24292;-28.85068;1;3.1;0;0;6;1;0;1;2;1;23;3;2275608362;0;0;0;62;0
34;0;1;26;0;0;09:10:05.03;0;0.00000;0.00000;1;0.0;0;1;6;1;0;0;2;1;19;3;2275620503;0;0;0;62;0
34;0;1;26;0;0;09:10:07.75;0;0.00000;0.00000;1;0.0;0;1;6;1;0;0;2;1;20;3;2275620775;0;0;0;62;0
34;0;1;26;0;0;09:10:09.31;0;0.00000;0.00000;1;0.0;0;1;6;1;0;0;2;1;21;3;2275620931;0;0;0;62;0
34;0;1;26;0;0;09:10:10.30;0;0.00000;0.00000;1;0.0;0;1;6;1;0;0;2;1;22;3;2275621030;0;0;0;62;0
34;0;1;26;0;0;09:10:11.30;0;0.00000;0.00000;1;0.0;0;1;6;1;0;1;2;1;23;3;2275621130;0;0;0;62;0
13;9;1;19;9.3;8012;09:11:19.12;0;78.57306;15.67218;1;2.29;0;0;6;1;0;0;3;1;25;3;2275627912;0;0;0;62;0
119;10;1;20;10.0;4856;09:11:19.31;0;-45.82165;-16.09778;1;2.49;0;0;6;1;0;0;3;1;26;3;2275627931;0;0;0;62;0
222;10;1;23;10.7;1475;09:11:19.23;1;-14.75192;0.04005;1;2.42;0;0;6;1;0;0;3;1;26;3;2275627923;0;0;0;62;0
94;9;1;30;9.3;8005;09:11:19.30;0;-77.63997;19.53322;1;2.49;0;0;6;1;0;0;3;1;26;3;2275627930;0;0;0;62;0
56;8;1;13;8.6;10678;09:11:19.23;0;-81.55624;-68.92998;1;2.41;0;0;6;1;0;0;3;1;26;3;2275627923;0;0;0;62;0
60;9;1;15;9.7;6425;09:11:19.45;0;-47.16539;-43.63299;1;2.62;0;0;6;1;0;0;3;1;26;3;2275627945;0;0;0;62;0
79;10;1;16;10.5;2574;09:11:19.50;1;-4.15592;-25.40495;1;2.68;0;0;6;1;0;0;3;1;26;3;2275627950;0;0;0;62;0
131;10;1;17;10.7;1226;09:11:19.53;1;9.28521;8.00665;1;2.71;0;0;6;1;0;0;3;1;26;3;2275627953;0;0;0;62;0
67;9;1;18;9.6;6602;09:11:19.37;0;4.77984;65.85388;1;2.54;0;0;6;1;0;0;3;1;26;3;2275627937;0;0;0;62;0
228;8;1;21;8.7;10418;09:11:19.35;0;-57.72425;86.73138;1;2.54;0;0;6;1;0;0;3;1;26;3;2275627935;0;0;0;62;0
66;10;1;24;10.0;4820;09:11:19.44;0;35.87885;32.19557;1;2.62;0;0;6;1;0;0;3;1;26;3;2275627944;0;0;0;62;0
156;9;1;25;9.9;5302;09:11:19.51;0;33.31426;41.25420;1;2.69;0;0;6;1;0;0;3;1;26;3;2275627951;0;0;0;62;0
42;10;1;27;10.6;1870;09:11:19.59;1;8.19519;16.81812;1;2.77;0;0;6;1;0;0;3;1;26;3;2275627959;0;0;0;62;0
3;9;1;32;9.1;8664;09:11:19.47;0;-84.33558;-19.87832;1;2.65;0;0;6;1;0;0;3;1;26;3;2275627947;0;0;0;62;0
224;10;1;37;10.5;2518;09:11:19.58;1;3.73276;-24.90439;1;2.76;0;0;6;1;0;0;3;1;26;3;2275627958;0;0;0;62;0
170;9;1;40;9.7;6103;09:11:19.51;0;20.27499;-57.57185;1;2.69;0;0;6;1;0;0;3;1;26;3;2275627951;0;0;0;62;0
160;10;1;22;10.6;1854;09:11:19.62;1;6.26333;-17.45736;1;2.81;0;0;6;1;0;0;3;1;26;3;2275627962;0;0;0;62;0
34;10;1;26;10.3;3671;09:11:19.91;0;29.39196;21.99790;1;3.10;0;0;6;1;0;0;3;1;26;3;2275627991;0;0;0;62;0
213;9;1;31;9.9;5530;09:11:19.65;0;-47.19634;28.83198;1;2.84;0;0;6;1;0;0;3;1;26;3;2275627965;0;0;0;62;0
144;9;1;33;9.6;6510;09:11:19.70;0;9.93350;64.33926;1;2.88;0;0;6;1;0;0;3;1;26;3;2275627970;0;0;0;62;0
207;9;1;34;9.6;6575;09:11:19.60;0;-6.44604;65.43594;1;2.78;0;0;6;1;0;0;3;1;26;3;2275627960;0;0;0;62;0
230;8;1;35;8.7;10288;09:11:19.58;0;91.69240;46.66812;1;2.76;0;0;6;1;0;0;3;1;26;3;2275627958;0;0;0;62;0
219;10;1;38;10.1;4384;09:11:19.69;0;-5.37690;43.51840;1;2.87;0;0;6;1;0;0;3;1;26;3;2275627969;0;0;0;62;0
85;8;1;39;8.5;11210;09:11:19.80;0;105.49020;37.94655;1;2.98;0;0;6;1;0;0;3;1;26;3;2275627980;0;0;0;62;0
27;8;1;12;8.9;9620;09:11:19.71;0;17.81476;94.53757;1;2.88;0;0;6;1;0;0;3;1;26;3;2275627971;0;0;0;62;0
103;9;1;14;9.2;8391;09:11:19.71;0;-26.57196;79.59513;1;2.88;0;0;6;1;0;0;3;1;26;3;2275627971;0;0;0;62;0
73;9;1;28;9.7;6451;09:11:19.62;0;-26.30080;58.91581;1;2.81;0;0;6;1;0;0;3;1;26;3;2275627962;0;0;0;62;0
56;10;1;13;10.5;2569;09:11:29.15;1;-25.53603;2.88350;1;2.23;0;0;6;1;0;0;3;1;27;3;2275628915;0;0;0;62;0
13;10;1;19;10.5;2599;09:11:29.03;1;-19.83026;-16.80091;1;2.10;0;0;6;1;0;0;3;1;26;3;2275628903;0;0;0;62;0
119;10;1;20;10.0;4945;09:11:29.45;0;-34.13131;-35.78917;1;2.53;0;0;6;1;0;0;3;1;27;3;2275628945;0;0;0;62;0
228;10;1;21;10.7;1121;09:11:29.14;1;11.05667;1.86047;1;2.23;0;0;6;1;0;0;3;1;27;3;2275628914;0;0;0;62;0
222;10;1;23;10.4;3150;09:11:29.03;0;6.55707;30.81252;1;2.12;0;0;6;1;0;0;3;1;27;3;2275628903;0;0;0;62;0
34;10;1;26;10.8;820;09:11:29.61;1;7.09754;4.11033;1;2.69;0;0;6;1;0;0;3;1;27;3;2275628961;0;0;0;62;0
94;9;1;30;9.3;7905;09:11:29.32;0;-71.74003;-33.22108;1;2.41;0;0;6;1;0;0;3;1;27;3;2275628932;0;0;0;62;0
3;10;1;32;10.1;4392;09:11:29.54;0;31.40074;30.71161;1;2.62;0;0;6;1;0;0;3;1;27;3;2275628954;0;0;0;62;0
230;10;1;35;10.3;3625;09:11:29.38;0;21.92431;28.87610;1;2.47;0;0;6;1;0;0;3;1;27;3;2275628938;0;0;0;62;0
224;10;1;37;10.1;4746;09:11:29.60;0;34.78489;-32.29379;1;2.68;0;0;6;1;0;0;3;1;27;3;2275628960;0;0;0;62;0
219;10;1;38;10.7;1159;09:11:29.61;1;-0.60228;11.57467;1;2.69;0;0;6;1;0;0;3;1;27;3;2275628961;0;0;0;62;0
170;9;1;40;9.6;6556;09:11:29.37;0;-5.57286;-65.32997;1;2.45;0;0;6;1;0;0;3;1;27;3;2275628937;0;0;0;62;0
60;9;1;15;9.2;8370;09:11:29.58;0;-82.27453;-15.39535;1;2.65;0;0;6;1;0;0;3;1;27;3;2275628958;0;0;0;62;0
79;10;1;16;10.5;2328;09:11:29.55;1;16.06455;16.86175;1;2.63;0;0;6;1;0;0;3;1;27;3;2275628955;0;0;0;62;0
131;9;1;17;9.9;5408;09:11:29.47;0;47.14564;26.51159;1;2.55;0;0;6;1;0;0;3;1;27;3;2275628947;0;0;0;62;0
67;9;1;18;9.5;7085;09:11:29.65;0;-61.11074;-35.85445;1;2.72;0;0;6;1;0;0;3;1;27;3;2275628965;0;0;0;62;0
160;10;1;22;10.4;3092;09:11:29.81;0;-19.45671;24.03835;1;2.90;0;0;6;1;0;0;3;1;27;3;2275628981;0;0;0;62;0
66;9;1;24;9.4;7498;09:11:29.66;0;-41.82942;62.23081;1;2.74;0;0;6;1;0;0;3;1;27;3;2275628966;0;0;0;62;0
156;10;1;25;10.2;3778;09:11:29.71;0;-22.40463;30.42314;1;2.79;0;0;6;1;0;0;3;1;27;3;2275628971;0;0;0;62;0
42;10;1;27;10.6;1804;09:11:29.87;1;17.18766;-5.50405;1;2.95;0;0;6;1;0;0;3;1;27;3;2275628987;0;0;0;62;0
73;8;1;28;8.3;11704;09:11:30.00;0;-116.38854;12.40535;1;3.9;0;0;6;1;0;0;3;1;27;3;2275629000;0;0;0;62;0
213;10;1;31;10.1;4515;09:11:29.78;0;45.13391;1.28871;1;2.86;0;0;6;1;0;0;3;1;27;3;2275628978;0;0;0;62;0
144;10;1;33;10.7;1406;09:11:29.73;1;-11.88673;-7.51117;1;2.82;0;0;6;1;0;0;3;1;27;3;2275628973;0;0;0;62;0
207;10;1;34;10.1;4340;09:11:29.73;0;-21.59411;-37.65170;1;2.81;0;0;6;1;0;0;3;1;27;3;2275628973;0;0;0;62;0
85;9;1;39;9.9;5571;09:11:29.91;0;41.57921;37.08096;1;2.99;0;0;6;1;0;0;3;1;27;3;2275628991;0;0;0;62;0
27;9;1;12;9.9;5451;09:11:29.65;0;25.47030;48.20022;1;2.72;0;0;6;1;0;0;3;1;27;3;2275628965;0;0;0;62;0
103;10;1;14;10.7;1136;09:11:29.74;1;-10.85725;3.35537;1;2.81;0;0;6;1;0;0;3;1;27;3;2275628974;0;0;0;62;0
228;10;1;21;10.5;2539;09:11:39.21;1;-25.17403;3.36972;1;2.20;0;0;6;1;0;0;3;1;28;3;2275629921;0;0;0;62;0
222;10;1;23;10.0;5136;09:11:39.20;0;-35.66468;36.96331;1;2.19;0;0;6;1;0;0;3;1;28;3;2275629920;0;0;0;62;0
66;10;1;24;10.9;338;09:11:39.58;1;3.33476;-0.58301;1;2.56;0;0;6;1;0;0;3;1;28;3;2275629958;0;0;0;62;0
94;10;1;30;10.1;4448;09:11:39.46;0;-44.48655;0.31537;1;2.45;0;0;6;1;0;0;3;1;28;3;2275629946;0;0;0;62;0
207;10;1;34;10.3;3344;09:11:39.77;0;31.09593;12.30552;1;2.75;0;0;6;1;0;0;3;1;28;3;2275629977;0;0;0;62;0
230;10;1;35;10.0;4879;09:11:39.33;0;21.41752;43.84568;1;2.32;0;0;6;1;0;0;3;1;28;3;2275629933;0;0;0;62;0
170;10;1;40;10.5;2532;09:11:39.47;1;-25.31772;-0.57712;1;2.45;0;0;6;1;0;0;3;1;28;3;2275629947;0;0;0;62;0
27;10;1;12;10.8;1008;09:11:39.72;1;9.57003;3.18329;1;2.69;0;0;6;1;0;0;3;1;28;3;2275629972;0;0;0;62;0
56;10;1;13;10.3;3358;09:11:39.41;0;-30.78097;-13.42354;1;2.39;0;0;6;1;0;0;3;1;28;3;2275629941;0;0;0;62;0
60;10;1;15;10.3;3397;09:11:39.48;0;29.96447;16.01671;1;2.45;0;0;6;1;0;0;3;1;28;3;2275629948;0;0;0;62;0
67;10;1;18;10.2;3744;09:11:39.68;0;4.18161;-37.21475;1;2.65;0;0;6;1;0;0;3;1;28;3;2275629968;0;0;0;62;0
13;10;1;19;10.3;3651;09:11:39.17;0;-35.92409;6.53308;1;2.15;0;0;6;1;0;0;3;1;27;3;2275629917;0;0;0;62;0
119;10;1;20;10.7;1411;09:11:39.67;1;-13.79859;-2.97089;1;2.65;0;0;6;1;0;0;3;1;28;3;2275629967;0;0;0;62;0
156;10;1;25;10.4;3142;09:11:39.63;0;-31.41899;-0.53178;1;2.62;0;0;6;1;0;0;3;1;28;3;2275629963;0;0;0;62;0
34;10;1;26;10.2;3902;09:11:39.68;0;-5.12298;38.68895;1;2.67;0;0;6;1;0;0;3;1;28;3;2275629968;0;0;0;62;0
42;10;1;27;10.4;2704;09:11:39.71;1;4.04069;26.74530;1;2.69;0;0;6;1;0;0;3;1;28;3;2275629971;0;0;0;62;0
3;10;1;32;10.1;4702;09:11:39.73;0;-34.95323;-31.45214;1;2.71;0;0;6;1;0;0;3;1;28;3;2275629973;0;0;0;62;0
144;10;1;33;10.4;3075;09:11:39.88;0;6.04311;30.15687;1;2.87;0;0;6;1;0;0;3;1;28;3;2275629988;0;0;0;62;0
224;10;1;37;10.5;2250;09:11:39.84;1;-22.03041;-4.58925;1;2.82;0;0;6;1;0;0;3;1;28;3;2275629984;0;0;0;62;0
219;9;1;38;9.5;7149;09:11:39.83;0;-64.56853;30.70318;1;2.81;0;0;6;1;0;0;3;1;28;3;2275629983;0;0;0;62;0
85;9;1;39;9.9;5657;09:11:39.81;0;-38.12698;-41.79532;1;2.79;0;0;6;1;0;0;3;1;28;3;2275629981;0;0;0;62;0
103;9;1;14;9.3;7839;09:11:40.03;0;-48.00005;-61.97631;1;3.0;0;0;6;1;0;0;3;1;28;3;2275630003;0;0;0;62;0
79;10;1;16;10.0;5149;09:11:39.83;0;18.19004;48.17540;1;2.81;0;0;6;1;0;0;3;1;28;3;2275629983;0;0;0;62;0
131;10;1;17;10.0;4777;09:11:39.73;0;43.87232;18.92053;1;2.71;0;0;6;1;0;0;3;1;28;3;2275629973;0;0;0;62;0
160;10;1;22;10.4;2783;09:11:39.96;0;-20.02341;19.33842;1;2.95;0;0;6;1;0;0;3;1;28;3;2275629996;0;0;0;62;0
73;9;1;28;9.3;7729;09:11:39.87;0;74.81855;-19.41933;1;2.86;0;0;6;1;0;0;3;1;28;3;2275629987;0;0;0;62;0
213;10;1;31;10.8;834;09:11:40.09;1;-7.77386;3.03589;1;3.8;0;0;6;1;0;0;3;1;28;3;2275630009;0;0;0;62;0
222;10;1;23;10.4;2910;09:11:49.36;0;19.61099;-21.51242;1;2.25;0;0;6;1;0;0;3;1;29;3;2275630936;0;0;0;62;0
27;10;1;12;10.5;2570;09:11:49.51;1;-5.99672;24.99308;1;2.38;0;0;6;1;0;0;3;1;29;3;2275630951;0;0;0;62;0
56;9;1;13;9.6;6755;09:11:49.63;0;33.85107;58.46727;1;2.51;0;0;6;1;0;0;3;1;29;3;2275630963;0;0;0;62;0
60;10;1;15;10.7;1515;09:11:49.70;1;6.90515;13.49188;1;2.57;0;0;6;1;0;0;3;1;29;3;2275630970;0;0;0;62;0
67;10;1;18;10.4;2788;09:11:49.73;0;22.75237;-16.12828;1;2.61;0;0;6;1;0;0;3;1;29;3;2275630973;0;0;0;62;0
13;10;1;19;10.2;3731;09:11:49.40;0;-35.98079;-9.89629;1;2.28;0;0;6;1;0;0;3;1;28;3;2275630940;0;0;0;62;0
119;10;1;20;10.8;545;09:11:49.79;1;-5.10235;1.93077;1;2.67;0;0;6;1;0;0;3;1;29;3;2275630979;0;0;0;62;0
228;9;1;21;9.3;7910;09:11:49.43;0;-62.05552;49.05886;1;2.32;0;0;6;1;0;0;3;1;29;3;2275630943;0;0;0;62;0
66;9;1;24;9.6;6785;09:11:49.58;0;48.26003;-47.70594;1;2.46;0;0;6;1;0;0;3;1;29;3;2275630958;0;0;0;62;0
156;9;1;25;9.7;6218;09:11:49.56;0;-62.06390;3.83625;1;2.44;0;0;6;1;0;0;3;1;29;3;2275630956;0;0;0;62;0
34;9;1;26;9.9;5350;09:11:49.74;0;-53.50244;0.11157;1;2.63;0;0;6;1;0;0;3;1;29;3;2275630974;0;0;0;62;0
94;10;1;30;10.9;522;09:11:49.46;1;2.58991;4.53433;1;2.35;0;0;6;1;0;0;3;1;29;3;2275630946;0;0;0;62;0
3;10;1;32;10.0;4803;09:11:49.65;0;-31.59808;-36.18090;1;2.53;0;0;6;1;0;0;3;1;29;3;2275630965;0;0;0;62;0
230;9;1;35;9.8;5898;09:11:49.56;0;-54.41467;-22.75478;1;2.45;0;0;6;1;0;0;3;1;29;3;2275630956;0;0;0;62;0
224;9;1;37;9.6;6715;09:11:49.79;0;-63.77806;-21.03745;1;2.68;0;0;6;1;0;0;3;1;29;3;2275630979;0;0;0;62;0
219;9;1;38;9.6;6559;09:11:49.87;0;-45.00857;47.72028;1;2.75;0;0;6;1;0;0;3;1;29;3;2275630987;0;0;0;62;0
170;10;1;40;10.4;2965;09:11:49.57;0;29.00446;-6.16896;1;2.45;0;0;6;1;0;0;3;1;29;3;2275630957;0;0;0;62;0
103;10;1;14;10.0;5194;09:11:50.03;0;-16.22765;-49.34974;1;2.91;0;0;6;1;0;0;3;1;29;3;2275631003;0;0;0;62;0
79;10;1;16;10.2;4001;09:11:49.98;0;38.57730;-10.63709;1;2.86;0;0;6;1;0;0;3;1;29;3;2275630998;0;0;0;62;0
131;9;1;17;9.6;6820;09:11:49.92;0;62.74550;26.72652;1;2.80;0;0;6;1;0;0;3;1;29;3;2275630992;0;0;0;62;0
160;10;1;22;10.6;1686;09:11:50.03;1;-4.61866;-16.22149;1;2.92;0;0;6;1;0;0;3;1;29;3;2275631003;0;0;0;62;0
42;9;1;27;9.2;8092;09:11:49.92;0;-60.17610;-54.10223;1;2.81;0;0;6;1;0;0;3;1;29;3;2275630992;0;0;0;62;0
73;9;1;28;9.1;8621;09:11:50.23;0;-56.41835;-65.18780;1;0.2;0;0;6;1;0;0;3;1;29;3;2275631023;0;0;0;62;0
213;10;1;31;10.5;2595;09:11:50.10;1;0.60386;25.95104;1;2.99;0;0;6;1;0;0;3;1;29;3;2275631010;0;0;0;62;0
144;10;1;33;10.5;2138;09:11:49.89;1;20.46035;6.23196;1;2.78;0;0;6;1;0;0;3;1;29;3;2275630989;0;0;0;62;0
207;9;1;34;9.8;6052;09:11:49.91;0;44.11426;41.43720;1;2.80;0;0;6;1;0;0;3;1;29;3;2275630991;0;0;0;62;0
85;9;1;39;9.4;7297;09:11:49.99;0;-56.77784;-45.84219;1;2.88;0;0;6;1;0;0;3;1;29;3;2275630999;0;0;0;62;0
67;10;1;18;10.0;5036;09:11:59.70;0;8.88475;-49.58002;1;2.47;0;0;6;1;0;1;3;1;30;3;2275631970;0;0;0;62;0
13;9;1;19;9.1;8492;09:11:59.56;0;-22.91455;-81.78002;1;2.33;0;0;6;1;0;1;3;1;29;3;2275631956;0;0;0;62;0
119;10;1;20;10.0;5099;09:11:59.86;0;-32.27622;39.47519;1;2.63;0;0;6;1;0;1;3;1;30;3;2275631986;0;0;0;62;0
228;10;1;21;10.3;3616;09:11:59.51;0;-13.94098;33.36832;1;2.29;0;0;6;1;0;1;3;1;30;3;2275631951;0;0;0;62;0
222;10;1;23;10.4;3055;09:11:59.44;0;25.75062;16.45184;1;2.22;0;0;6;1;0;1;3;1;30;3;2275631944;0;0;0;62;0
66;9;1;24;9.9;5521;09:11:59.63;0;50.55767;22.20594;1;2.41;0;0;6;1;0;1;3;1;30;3;2275631963;0;0;0;62;0
156;9;1;25;9.5;6896;09:11:59.77;0;0.49676;68.95863;1;2.55;0;0;6;1;0;1;3;1;30;3;2275631977;0;0;0;62;0
94;10;1;30;10.8;657;09:11:59.58;1;1.82814;6.31489;1;2.36;0;0;6;1;0;1;3;1;30;3;2275631958;0;0;0;62;0
3;10;1;32;10.2;4208;09:11:59.22;0;11.61044;40.45209;1;1.99;0;0;6;1;0;1;3;1;30;3;2275631922;0;0;0;62;0
144;10;1;33;10.4;2900;09:11:59.91;0;15.97835;-24.21209;1;2.69;0;0;6;1;0;1;3;1;30;3;2275631991;0;0;0;62;0
207;10;1;34;10.1;4457;09:11:59.83;0;-31.29784;-31.74036;1;2.61;0;0;6;1;0;1;3;1;30;3;2275631983;0;0;0;62;0
230;9;1;35;9.9;5396;09:11:59.84;0;-26.87235;-46.79564;1;2.62;0;0;6;1;0;1;3;1;30;3;2275631984;0;0;0;62;0
224;10;1;37;10.0;5263;09:11:59.78;0;-33.35424;-40.71753;1;2.56;0;0;6;1;0;1;3;1;30;3;2275631978;0;0;0;62;0
170;10;1;40;10.2;3972;09:11:59.66;0;22.42244;-32.79072;1;2.44;0;0;6;1;0;1;3;1;30;3;2275631966;0;0;0;62;0
27;10;1;12;10.9;460;09:11:59.77;1;2.50538;3.86527;1;2.54;0;0;6;1;0;1;3;1;30;3;2275631977;0;0;0;62;0
56;10;1;13;10.6;1999;09:11:59.52;1;-10.32632;-17.11709;1;2.30;0;0;6;1;0;1;3;1;30;3;2275631952;0;0;0;62;0
34;10;1;26;10.5;2510;09:12:00.03;1;-24.10393;7.00830;1;2.81;0;0;6;1;0;1;3;1;30;3;2275632003;0;0;0;62;0
42;10;1;27;10.2;3808;09:12:00.00;0;37.63979;5.81087;1;2.78;0;0;6;1;0;1;3;1;30;3;2275632000;0;0;0;62;0
73;10;1;28;10.7;1348;09:12:00.24;1;13.15049;-2.98436;1;3.2;0;0;6;1;0;1;3;1;30;3;2275632024;0;0;0;62;0
213;10;1;31;10.0;4839;09:11:59.89;0;-46.54618;-13.24777;1;2.67;0;0;6;1;0;1;3;1;30;3;2275631989;0;0;0;62;0
219;10;1;38;10.3;3471;09:12:00.02;0;-15.18135;31.21545;1;2.79;0;0;6;1;0;1;3;1;30;3;2275632002;0;0;0;62;0
85;10;1;39;10.4;2770;09:12:00.03;1;26.59409;7.75144;1;2.81;0;0;6;1;0;1;3;1;30;3;2275632003;0;0;0;62;0
103;9;1;14;9.1;8826;09:12:00.38;0;-80.77796;-35.58797;1;0.5;0;0;6;1;0;1;3;1;30;3;2275632038;0;0;0;62;0
60;9;1;15;9.8;5825;09:11:59.91;0;-45.45172;36.44207;1;2.67;0;0;6;1;0;1;3;1;30;3;2275631991;0;0;0;62;0
79;10;1;16;10.3;3462;09:12:00.09;0;8.47670;-33.57169;1;2.86;0;0;6;1;0;1;3;1;30;3;2275632009;0;0;0;62;0
131;10;1;17;10.1;4540;09:12:00.07;0;-1.65778;45.37204;1;2.84;0;0;6;1;0;1;3;1;30;3;2275632007;0;0;0;62;0
160;10;1;22;10.6;2025;09:12:00.05;1;5.26985;-19.55823;1;2.83;0;0;6;1;0;1;3;1;30;3;2275632005;0;0;0;62;0
27;10;1;12;10.6;2108;09:14:40.59;1;5.84093;-20.26258;1;2.67;0;0;6;1;0;0;4;1;33;3;2275648059;0;0;0;62;0
56;10;1;13;10.3;3359;09:14:40.44;0;-33.28337;-4.54007;1;2.52;0;0;6;1;0;0;4;1;33;3;2275648044;0;0;0;62;0
60;10;1;15;10.8;922;09:14:40.48;1;-7.99109;4.60323;1;2.56;0;0;6;1;0;0;4;1;33;3;2275648048;0;0;0;62;0
79;10;1;16;10.4;3024;09:14:40.57;0;-28.99551;8.59935;1;2.65;0;0;6;1;0;0;4;1;33;3;2275648057;0;0;0;62;0
67;9;1;18;9.7;6100;09:14:40.66;0;-56.48595;-23.03507;1;2.74;0;0;6;1;0;0;4;1;33;3;2275648066;0;0;0;62;0
13;8;1;19;8.8;9708;09:14:40.17;0;-91.50227;-32.44168;1;2.25;0;0;6;1;0;0;4;1;32;3;2275648017;0;0;0;62;0
119;9;1;20;9.9;5386;09:14:40.53;0;-30.41315;-44.45514;1;2.61;0;0;6;1;0;0;4;1;33;3;2275648053;0;0;0;62;0
228;10;1;21;10.2;3799;09:14:40.42;0;37.25699;-7.47663;1;2.52;0;0;6;1;0;0;4;1;33;3;2275648042;0;0;0;62;0
66;9;1;24;9.8;6038;09:14:40.51;0;8.62269;59.76896;1;2.60;0;0;6;1;0;0;4;1;33;3;2275648051;0;0;0;62;0
156;10;1;25;10.0;4849;09:14:40.67;0;-22.54465;42.93538;1;2.76;0;0;6;1;0;0;4;1;33;3;2275648067;0;0;0;62;0
94;10;1;30;10.2;4090;09:14:40.48;0;27.60661;30.18183;1;2.57;0;0;6;1;0;0;4;1;33;3;2275648048;0;0;0;62;0
3;10;1;32;10.0;5042;09:14:40.62;0;-23.45520;44.63337;1;2.72;0;0;6;1;0;0;4;1;33;3;2275648062;0;0;0;62;0
207;8;1;34;8.7;10385;09:14:40.48;0;101.35297;-22.66658;1;2.57;0;0;6;1;0;0;4;1;33;3;2275648048;0;0;0;62;0
230;10;1;35;10.7;1570;09:14:40.50;1;2.31230;15.52924;1;2.59;0;0;6;1;0;0;4;1;33;3;2275648050;0;0;0;62;0
224;10;1;37;10.5;2254;09:14:40.72;1;-0.41466;22.54140;1;2.81;0;0;6;1;0;0;4;1;33;3;2275648072;0;0;0;62;0
170;9;1;40;9.7;6270;09:14:40.61;0;21.53293;-58.89044;1;2.70;0;0;6;1;0;0;4;1;33;3;2275648061;0;0;0;62;0
219;10;1;38;10.8;702;09:14:40.80;1;3.56394;6.05738;1;2.89;0;0;6;1;0;0;4;1;33;3;2275648080;0;0;0;62;0
85;9;1;39;9.3;7999;09:14:40.84;0;-2.36585;79.95921;1;2.93;0;0;6;1;0;0;4;1;33;3;2275648084;0;0;0;62;0
103;10;1;14;10.0;5144;09:14:40.81;0;-44.88501;25.14649;1;2.88;0;0;6;1;0;0;4;1;33;3;2275648081;0;0;0;62;0
131;10;1;17;10.5;2295;09:14:40.75;1;-11.54830;19.83772;1;2.83;0;0;6;1;0;0;4;1;33;3;2275648075;0;0;0;62;0
160;10;1;22;10.1;4256;09:14:40.77;0;-40.11187;14.23088;1;2.86;0;0;6;1;0;0;4;1;33;3;2275648077;0;0;0;62;0
222;10;1;23;10.0;5141;09:14:40.73;0;-25.68767;44.54048;1;2.82;0;0;6;1;0;0;4;1;33;3;2275648073;0;0;0;62;0
34;10;1;26;10.6;1831;09:14:40.77;1;-12.83912;-13.05557;1;2.87;0;0;6;1;0;0;4;1;33;3;2275648077;0;0;0;62;0
42;9;1;27;9.2;8255;09:14:40.86;0;-28.31433;-77.54555;1;2.95;0;0;6;1;0;0;4;1;33;3;2275648086;0;0;0;62;0
73;9;1;28;9.7;6471;09:14:40.89;0;36.69262;53.30709;1;2.98;0;0;6;1;0;0;4;1;33;3;2275648089;0;0;0;62;0
213;9;1;31;9.7;6181;09:14:40.92;0;-4.27777;61.66409;1;3.1;0;0;6;1;0;0;4;1;33;3;2275648092;0;0;0;62;0
144;9;1;33;9.2;8319;09:14:40.85;0;37.14111;74.44533;1;2.93;0;0;6;1;0;0;4;1;33;3;2275648085;0;0;0;62;0
222;10;1;23;10.8;621;09:14:50.26;1;-2.55590;5.66497;1;2.25;0;0;6;1;0;0;4;1;34;3;2275649026;0;0;0;62;0
94;10;1;30;10.0;5168;09:14:50.27;0;51.06718;-7.98565;1;2.26;0;0;6;1;0;0;4;1;34;3;2275649027;0;0;0;62;0
230;10;1;35;10.0;4836;09:14:50.55;0;16.96155;45.29195;1;2.54;0;0;6;1;0;0;4;1;34;3;2275649055;0;0;0;62;0
56;9;1;13;9.3;7765;09:14:50.35;0;15.22851;-76.14349;1;2.33;0;0;6;1;0;0;4;1;34;3;2275649035;0;0;0;62;0
103;10;1;14;10.6;2084;09:14:50.65;1;20.65121;-2.83608;1;2.63;0;0;6;1;0;0;4;1;34;3;2275649065;0;0;0;62;0
60;10;1;15;10.1;4721;09:14:50.67;0;-38.39761;27.47031;1;2.65;0;0;6;1;0;0;4;1;34;3;2275649067;0;0;0;62;0
131;10;1;17;10.7;1515;09:14:50.60;1;-6.32018;13.77027;1;2.58;0;0;6;1;0;0;4;1;34;3;2275649060;0;0;0;62;0
67;10;1;18;10.8;991;09:14:50.61;1;-9.75420;-1.78618;1;2.59;0;0;6;1;0;0;4;1;34;3;2275649061;0;0;0;62;0
13;10;1;19;10.4;3139;09:14:50.43;0;30.14114;-8.77935;1;2.41;0;0;6;1;0;0;4;1;33;3;2275649043;0;0;0;62;0
119;10;1;20;10.2;3739;09:14:50.66;0;-36.99543;5.47309;1;2.64;0;0;6;1;0;0;4;1;34;3;2275649066;0;0;0;62;0
228;9;1;21;9.5;7148;09:14:50.47;0;-54.66431;46.05816;1;2.47;0;0;6;1;0;0;4;1;34;3;2275649047;0;0;0;62;0
66;10;1;24;10.1;4512;09:14:50.50;0;44.40842;-7.98585;1;2.49;0;0;6;1;0;0;4;1;34;3;2275649050;0;0;0;62;0
156;10;1;25;10.2;4074;09:14:50.57;0;40.73488;-0.98877;1;2.56;0;0;6;1;0;0;4;1;34;3;2275649057;0;0;0;62;0
34;9;1;26;9.7;6242;09:14:50.53;0;29.59588;54.95863;1;2.53;0;0;6;1;0;0;4;1;34;3;2275649053;0;0;0;62;0
3;10;1;32;10.0;4982;09:14:50.66;0;48.64845;-10.78037;1;2.66;0;0;6;1;0;0;4;1;34;3;2275649066;0;0;0;62;0
207;9;1;34;9.7;6366;09:14:50.63;0;62.97989;9.28258;1;2.62;0;0;6;1;0;0;4;1;34;3;2275649063;0;0;0;62;0
224;10;1;37;10.4;2711;09:14:50.83;1;-18.17689;-20.12383;1;2.82;0;0;6;1;0;0;4;1;34;3;2275649083;0;0;0;62;0
219;10;1;38;10.3;3185;09:14:50.98;0;-26.67512;-17.41096;1;2.97;0;0;6;1;0;0;4;1;34;3;2275649098;0;0;0;62;0
85;10;1;39;10.1;4717;09:14:50.85;0;42.48273;-20.52030;1;2.84;0;0;6;1;0;0;4;1;34;3;2275649085;0;0;0;62;0
170;10;1;40;10.4;2722;09:14:50.59;1;26.18717;-7.44767;1;2.58;0;0;6;1;0;0;4;1;34;3;2275649059;0;0;0;62;0
27;10;1;12;10.5;2218;09:14:50.73;1;8.61880;20.44436;1;2.71;0;0;6;1;0;0;4;1;34;3;2275649073;0;0;0;62;0
79;9;1;16;9.5;7125;09:14:50.77;0;41.61851;57.83549;1;2.75;0;0;6;1;0;0;4;1;34;3;2275649077;0;0;0;62;0
160;9;1;22;9.7;6478;09:14:50.91;0;-60.14824;24.05792;1;2.90;0;0;6;1;0;0;4;1;34;3;2275649091;0;0;0;62;0
42;9;1;27;9.2;8467;09:14:50.87;0;53.54349;65.59375;1;2.86;0;0;6;1;0;0;4;1;34;3;2275649087;0;0;0;62;0
73;10;1;28;10.0;5052;09:14:51.24;0;22.63257;45.17407;1;0.13;0;0;6;1;0;0;4;1;34;3;2275649124;0;0;0;62;0
213;10;1;31;10.3;3396;09:14:50.95;0;29.92075;-16.06794;1;2.95;0;0;6;1;0;0;4;1;34;3;2275649095;0;0;0;62;0
144;9;1;33;9.8;5983;09:14:51.04;0;-55.78495;-21.64419;1;3.3;0;0;6;1;0;0;4;1;34;3;2275649104;0;0;0;62;0
13;9;1;19;9.0;9191;09:15:00.31;0;-83.03925;-39.41206;1;2.20;0;0;6;1;0;0;4;1;34;3;2275650031;0;0;0;62;0
119;10;1;20;10.0;4851;09:15:00.62;0;-36.00189;32.52016;1;2.50;0;0;6;1;0;0;4;1;35;3;2275650062;0;0;0;62;0
228;10;1;21;10.6;2014;09:15:00.42;1;-15.47077;12.89749;1;2.32;0;0;6;1;0;0;4;1;35;3;2275650042;0;0;0;62;0
222;10;1;23;10.2;4152;09:15:00.50;0;-34.12848;-23.65362;1;2.39;0;0;6;1;0;0;4;1;35;3;2275650050;0;0;0;62;0
66;10;1;24;10.5;2610;09:15:00.72;1;24.81174;8.11617;1;2.61;0;0;6;1;0;0;4;1;35;3;2275650072;0;0;0;62;0
156;10;1;25;10.2;3718;09:15:00.80;0;18.67325;-32.15160;1;2.69;0;0;6;1;0;0;4;1;35;3;2275650080;0;0;0;62;0
94;10;1;30;10.4;2925;09:15:00.62;0;10.95629;-27.12264;1;2.51;0;0;6;1;0;0;4;1;35;3;2275650062;0;0;0;62;0
3;10;1;32;10.4;2647;09:15:00.75;1;21.35266;-15.65816;1;2.65;0;0;6;1;0;0;4;1;35;3;2275650075;0;0;0;62;0
144;10;1;33;10.3;3257;09:15:00.53;0;31.61964;7.81066;1;2.42;0;0;6;1;0;0;4;1;35;3;2275650053;0;0;0;62;0
230;10;1;35;10.5;2503;09:15:00.45;1;15.19175;19.89520;1;2.35;0;0;6;1;0;0;4;1;35;3;2275650045;0;0;0;62;0
224;9;1;37;9.8;6056;09:15:00.81;0;0.98333;60.55374;1;2.70;0;0;6;1;0;0;4;1;35;3;2275650081;0;0;0;62;0
170;9;1;40;9.9;5600;09:15:00.77;0;55.99071;1.26756;1;2.66;0;0;6;1;0;0;4;1;35;3;2275650077;0;0;0;62;0
56;10;1;13;10.2;4139;09:15:00.52;0;31.95244;26.32456;1;2.40;0;0;6;1;0;0;4;1;35;3;2275650052;0;0;0;62;0
60;10;1;15;10.0;4768;09:15:00.54;0;-42.54098;21.54991;1;2.42;0;0;6;1;0;0;4;1;35;3;2275650054;0;0;0;62;0
131;10;1;17;10.9;134;09:15:00.82;1;-1.16943;0.65838;1;2.70;0;0;6;1;0;0;4;1;35;3;2275650082;0;0;0;62;0
67;10;1;18;10.4;2786;09:15:00.52;0;-27.09409;6.49488;1;2.40;0;0;6;1;0;0;4;1;35;3;2275650052;0;0;0;62;0
160;10;1;22;10.3;3574;09:15:01.08;0;-30.15327;-19.18946;1;2.97;0;0;6;1;0;0;4;1;35;3;2275650108;0;0;0;62;0
213;10;1;31;10.7;1453;09:15:00.98;1;0.17006;-14.53005;1;2.88;0;0;6;1;0;0;4;1;35;3;2275650098;0;0;0;62;0
207;10;1;34;10.6;1636;09:15:00.84;1;13.27037;9.58218;1;2.73;0;0;6;1;0;0;4;1;35;3;2275650084;0;0;0;62;0
219;9;1;38;9.7;6386;09:15:00.99;0;-44.17901;-46.12372;1;2.88;0;0;6;1;0;0;4;1;35;3;2275650099;0;0;0;62;0
85;10;1;39;10.1;4466;09:15:01.10;0;42.80645;12.76400;1;2.99;0;0;6;1;0;0;4;1;35;3;2275650110;0;0;0;62;0
27;9;1;12;9.8;6040;09:15:00.94;0;-12.63525;-59.06365;1;2.82;0;0;6;1;0;0;4;1;35;3;2275650094;0;0;0;62;0
103;10;1;14;10.1;4731;09:15:00.97;0;-0.96471;-47.30280;1;2.84;0;0;6;1;0;0;4;1;35;3;2275650097;0;0;0;62;0
79;10;1;16;10.1;4356;09:15:00.84;0;-39.44403;-18.49370;1;2.72;0;0;6;1;0;0;4;1;35;3;2275650084;0;0;0;62;0
34;9;1;26;9.5;7149;09:15:01.14;0;28.17119;-65.71098;1;3.4;0;0;6;1;0;0;4;1;35;3;2275650114;0;0;0;62;0
42;10;1;27;10.2;3787;09:15:01.10;0;-14.18898;-35.12180;1;2.99;0;0;6;1;0;0;4;1;35;3;2275650110;0;0;0;62;0
73;9;1;28;9.7;6339;09:15:01.11;0;58.65351;24.06436;1;3.0;0;0;6;1;0;0;4;1;35;3;2275650111;0;0;0;62;0
56;9;1;13;9.6;6776;09:15:10.36;0;-39.25465;-55.23741;1;2.14;0;0;6;1;0;0;4;1;36;3;2275651036;0;0;0;62;0
60;10;1;15;10.5;2613;09:15:10.68;1;25.91967;3.34535;1;2.46;0;0;6;1;0;0;4;1;36;3;2275651068;0;0;0;62;0
131;10;1;17;10.3;3339;09:15:10.66;0;32.39371;-8.10586;1;2.44;0;0;6;1;0;0;4;1;36;3;2275651066;0;0;0;62;0
67;10;1;18;10.1;4249;09:15:10.85;0;-5.47993;-42.13555;1;2.63;0;0;6;1;0;0;4;1;36;3;2275651085;0;0;0;62;0
13;10;1;19;10.8;997;09:15:10.47;1;-3.33171;-9.39993;1;2.26;0;0;6;1;0;0;4;1;35;3;2275651047;0;0;0;62;0
119;10;1;20;10.5;2392;09:15:10.69;1;23.83748;2.07851;1;2.47;0;0;6;1;0;0;4;1;36;3;2275651069;0;0;0;62;0
228;9;1;21;9.4;7341;09:15:10.46;0;-22.51169;-69.87914;1;2.26;0;0;6;1;0;0;4;1;36;3;2275651046;0;0;0;62;0
222;10;1;23;10.5;2369;09:15:10.30;1;19.78963;13.03335;1;2.9;0;0;6;1;0;0;4;1;36;3;2275651030;0;0;0;62;0
66;8;1;24;8.4;11446;09:15:10.80;0;94.80756;-64.13266;1;2.59;0;0;6;1;0;0;4;1;36;3;2275651080;0;0;0;62;0
156;10;1;25;10.0;5157;09:15:10.68;0;-43.40350;-27.85975;1;2.48;0;0;6;1;0;0;4;1;36;3;2275651068;0;0;0;62;0
94;10;1;30;10.5;2258;09:15:10.47;1;-5.89155;-21.80603;1;2.26;0;0;6;1;0;0;4;1;36;3;2275651047;0;0;0;62;0
3;10;1;32;10.3;3223;09:15:10.36;0;-19.06267;-25.98849;1;2.16;0;0;6;1;0;0;4;1;36;3;2275651036;0;0;0;62;0
144;9;1;33;9.9;5556;09:15:10.82;0;48.79424;26.57515;1;2.61;0;0;6;1;0;0;4;1;36;3;2275651082;0;0;0;62;0
230;10;1;35;10.2;4047;09:15:10.64;0;-25.21106;-31.66433;1;2.44;0;0;6;1;0;0;4;1;36;3;2275651064;0;0;0;62;0
170;10;1;40;10.4;3046;09:15:10.78;0;8.68677;-29.20501;1;2.58;0;0;6;1;0;0;4;1;36;3;2275651078;0;0;0;62;0
27;9;1;12;9.9;5394;09:15:10.87;0;-34.64429;41.35164;1;2.65;0;0;6;1;0;0;4;1;36;3;2275651087;0;0;0;62;0
79;10;1;16;10.0;4780;09:15:10.91;0;-46.54850;-10.90092;1;2.69;0;0;6;1;0;0;4;1;36;3;2275651091;0;0;0;62;0
160;9;1;22;9.7;6126;09:15:11.08;0;10.17637;-60.40988;1;2.87;0;0;6;1;0;0;4;1;36;3;2275651108;0;0;0;62;0
34;10;1;26;10.0;4951;09:15:10.93;0;-43.77159;23.13707;1;2.73;0;0;6;1;0;0;4;1;36;3;2275651093;0;0;0;62;0
42;9;1;27;9.8;5927;09:15:11.28;0;38.01810;-45.47877;1;3.7;0;0;6;1;0;0;4;1;36;3;2275651128;0;0;0;62;0
73;7;1;28;7.6;14871;09:15:11.23;0;148.71719;0.13146;1;3.2;0;0;6;1;0;0;4;1;36;3;2275651123;0;0;0;62;0
213;10;1;31;10.4;3012;09:15:10.99;0;15.54422;-25.79976;1;2.79;0;0;6;1;0;0;4;1;36;3;2275651099;0;0;0;62;0
207;9;1;34;9.8;5851;09:15:10.90;0;57.59345;-10.32908;1;2.70;0;0;6;1;0;0;4;1;36;3;2275651090;0;0;0;62;0
224;10;1;37;10.4;2817;09:15:10.91;0;-26.80552;8.68222;1;2.70;0;0;6;1;0;0;4;1;36;3;2275651091;0;0;0;62;0
219;9;1;38;9.6;6675;09:15:11.02;0;-62.89128;-22.36685;1;2.81;0;0;6;1;0;0;4;1;36;3;2275651102;0;0;0;62;0
85;10;1;39;10.8;725;09:15:11.12;1;-6.91944;-2.16544;1;2.92;0;0;6;1;0;0;4;1;36;3;2275651112;0;0;0;62;0
103;10;1;14;10.3;3211;09:15:11.11;0;-10.94828;-30.18679;1;2.89;0;0;6;1;0;0;4;1;36;3;2275651111;0;0;0;62;0
34;0;1;26;0;20000;09:15:13.75;0;52.69103;97.24081;0;2.45;0;0;6;1;2;0;4;1;37;12;2275651375;0;0;0;62;0
13;9;1;19;9.7;6185;09:15:20.51;0;-60.89767;-10.82435;1;2.20;0;0;6;1;0;1;4;1;36;3;2275652051;0;0;0;62;0
3;10;1;32;10.2;3716;09:15:20.67;0;-26.01973;26.54041;1;2.37;0;0;6;1;0;1;4;1;37;3;2275652067;0;0;0;62;0
144;10;1;33;10.8;1015;09:15:21.01;1;2.56232;-9.82248;1;2.70;0;0;6;1;0;1;4;1;37;3;2275652101;0;0;0;62;0
230;9;1;35;9.8;6074;09:15:20.42;0;-25.76174;55.01090;1;2.12;0;0;6;1;0;1;4;1;37;3;2275652042;0;0;0;62;0
224;9;1;37;9.6;6797;09:15:20.86;0;66.71354;13.01001;1;2.55;0;0;6;1;0;1;4;1;37;3;2275652086;0;0;0;62;0
170;10;1;40;10.6;1937;09:15:20.90;1;18.48551;-5.80867;1;2.60;0;0;6;1;0;1;4;1;37;3;2275652090;0;0;0;62;0
27;10;1;12;10.0;5055;09:15:20.84;0;2.61886;50.48600;1;2.52;0;0;6;1;0;1;4;1;37;3;2275652084;0;0;0;62;0
56;10;1;13;10.2;4192;09:15:20.60;0;-2.03712;41.87832;1;2.29;0;0;6;1;0;1;4;1;37;3;2275652060;0;0;0;62;0
60;10;1;15;10.1;4540;09:15:20.80;0;36.68742;-26.74367;1;2.48;0;0;6;1;0;1;4;1;37;3;2275652080;0;0;0;62;0
131;9;1;17;9.8;6027;09:15:20.77;0;58.87369;-12.93665;1;2.45;0;0;6;1;0;1;4;1;37;3;2275652077;0;0;0;62;0
67;10;1;18;10.7;1211;09:15:21.01;1;3.54254;-11.58079;1;2.70;0;0;6;1;0;1;4;1;37;3;2275652101;0;0;0;62;0
119;10;1;20;10.6;1711;09:15:20.88;1;17.05925;1.34254;1;2.56;0;0;6;1;0;1;4;1;37;3;2275652088;0;0;0;62;0
228;9;1;21;9.7;6155;09:15:20.62;0;-36.80380;49.34388;1;2.32;0;0;6;1;0;1;4;1;37;3;2275652062;0;0;0;62;0
222;10;1;23;10.3;3361;09:15:20.59;0;23.01334;-24.50838;1;2.28;0;0;6;1;0;1;4;1;37;3;2275652059;0;0;0;62;0
66;9;1;24;9.9;5333;09:15:20.83;0;29.49662;-44.44093;1;2.53;0;0;6;1;0;1;4;1;37;3;2275652083;0;0;0;62;0
94;10;1;30;10.3;3484;09:15:20.83;0;34.45143;5.25236;1;2.52;0;0;6;1;0;1;4;1;37;3;2275652083;0;0;0;62;0
213;10;1;31;10.5;2169;09:15:21.23;1;-21.11167;-4.99100;1;2.93;0;0;6;1;0;1;4;1;37;3;2275652123;0;0;0;62;0
207;9;1;34;9.0;9075;09:15:21.01;0;90.73004;-2.00390;1;2.70;0;0;6;1;0;1;4;1;37;3;2275652101;0;0;0;62;0
219;10;1;38;10.6;2013;09:15:21.17;1;-19.48990;5.07068;1;2.86;0;0;6;1;0;1;4;1;37;3;2275652117;0;0;0;62;0
85;10;1;39;10.5;2246;09:15:21.25;1;14.49797;-17.16533;1;2.95;0;0;6;1;0;1;4;1;37;3;2275652125;0;0;0;62;0
103;10;1;14;10.5;2158;09:15:21.19;1;-0.05902;-21.58289;1;2.87;0;0;6;1;0;1;4;1;37;3;2275652119;0;0;0;62;0
79;10;1;16;10.4;3100;09:15:21.02;0;-14.97444;-27.14787;1;2.70;0;0;6;1;0;1;4;1;37;3;2275652102;0;0;0;62;0
160;10;1;22;10.8;786;09:15:21.28;1;2.39516;-7.48868;1;2.97;0;0;6;1;0;1;4;1;37;3;2275652128;0;0;0;62;0
156;9;1;25;9.6;6840;09:15:21.05;0;-26.39167;63.11166;1;2.75;0;0;6;1;0;1;4;1;37;3;2275652105;0;0;0;62;0
42;10;1;27;10.6;2076;09:15:21.39;1;-2.15961;-20.65240;1;3.9;0;0;6;1;0;1;4;1;37;3;2275652139;0;0;0;62;0
73;9;1;28;9.5;6882;09:15:21.28;0;21.87323;-65.25625;1;2.98;0;0;6;1;0;1;4;1;37;3;2275652128;0;0;0;62;0
34;0;1;26;0;0;09:16:35.05;0;0.00000;0.00000;1;0.0;0;1;6;1;0;1;4;1;38;3;2275659505;0;0;0;62;0
56;8;1;13;8.5;11088;09:18:04.08;0;-110.28205;11.56162;1;2.36;0;0;6;1;0;0;5;1;40;3;2275668408;0;0;0;62;0
13;9;1;19;9.9;5480;09:18:04.10;0;5.80247;-54.49886;1;2.38;0;0;6;1;0;0;5;1;39;3;2275668410;0;0;0;62;0
228;10;1;21;10.4;2775;09:18:03.94;1;-20.04188;19.19566;1;2.23;0;0;6;1;0;0;5;1;40;3;2275668394;0;0;0;62;0
222;10;1;23;10.8;756;09:18:04.33;1;-5.01325;5.65947;1;2.62;0;0;6;1;0;0;5;1;40;3;2275668433;0;0;0;62;0
156;9;1;25;9.1;8492;09:18:04.27;0;59.41404;-60.68656;1;2.56;0;0;6;1;0;0;5;1;40;3;2275668427;0;0;0;62;0
94;10;1;30;10.5;2237;09:18:04.26;1;-1.10784;-22.34697;1;2.55;0;0;6;1;0;0;5;1;40;3;2275668426;0;0;0;62;0
3;10;1;32;10.1;4431;09:18:04.16;0;24.45366;-36.95711;1;2.45;0;0;6;1;0;0;5;1;40;3;2275668416;0;0;0;62;0
144;9;1;33;9.9;5282;09:18:04.19;0;21.54480;48.22657;1;2.47;0;0;6;1;0;0;5;1;40;3;2275668419;0;0;0;62;0
207;10;1;34;10.7;1064;09:18:04.38;1;3.14145;10.17271;1;2.67;0;0;6;1;0;0;5;1;40;3;2275668438;0;0;0;62;0
230;10;1;35;10.8;584;09:18:04.08;1;-5.70623;1.28144;1;2.37;0;0;6;1;0;0;5;1;40;3;2275668408;0;0;0;62;0
170;10;1;40;10.2;3899;09:18:04.28;0;-36.29509;14.25393;1;2.57;0;0;6;1;0;0;5;1;40;3;2275668428;0;0;0;62;0
60;10;1;15;10.1;4666;09:18:04.20;0;46.37207;5.19687;1;2.48;0;0;6;1;0;0;5;1;40;3;2275668420;0;0;0;62;0
79;9;1;16;9.8;5709;09:18:04.29;0;-23.29120;-52.12545;1;2.57;0;0;6;1;0;0;5;1;40;3;2275668429;0;0;0;62;0
131;10;1;17;10.1;4736;09:18:04.35;0;-6.00772;46.98321;1;2.63;0;0;6;1;0;0;5;1;40;3;2275668435;0;0;0;62;0
67;10;1;18;10.3;3279;09:18:04.39;0;21.67035;-24.61810;1;2.67;0;0;6;1;0;0;5;1;40;3;2275668439;0;0;0;62;0
66;9;1;24;9.8;5955;09:18:04.39;0;56.80671;17.88622;1;2.68;0;0;6;1;0;0;5;1;40;3;2275668439;0;0;0;62;0
224;10;1;37;10.6;2092;09:18:04.62;1;16.28844;13.13319;1;2.91;0;0;6;1;0;0;5;1;40;3;2275668462;0;0;0;62;0
219;10;1;38;10.2;3854;09:18:04.42;0;-14.76608;-35.60854;1;2.71;0;0;6;1;0;0;5;1;40;3;2275668442;0;0;0;62;0
85;10;1;39;10.3;3521;09:18:04.73;0;-12.19624;33.03710;1;3.2;0;0;6;1;0;0;5;1;40;3;2275668473;0;0;0;62;0
27;10;1;12;10.7;1126;09:18:04.58;1;5.09064;-10.04924;1;2.86;0;0;6;1;0;0;5;1;40;3;2275668458;0;0;0;62;0
103;9;1;14;9.8;5862;09:18:04.56;0;-9.76812;57.80428;1;2.83;0;0;6;1;0;0;5;1;40;3;2275668456;0;0;0;62;0
119;10;1;20;10.8;1006;09:18:04.44;1;-5.07582;8.69422;1;2.72;0;0;6;1;0;0;5;1;40;3;2275668444;0;0;0;62;0
160;10;1;22;10.6;1979;09:18:04.64;1;-11.73776;15.94494;1;2.93;0;0;6;1;0;0;5;1;40;3;2275668464;0;0;0;62;0
34;8;1;26;8.7;10264;09:18:04.74;0;61.99466;-81.81044;1;3.2;0;0;6;1;0;0;5;1;41;3;2275668474;0;0;0;62;0
42;8;1;27;8.3;12045;09:18:04.77;0;55.79840;-106.74620;1;3.6;0;0;6;1;0;0;5;1;40;3;2275668477;0;0;0;62;0
73;8;1;28;8.8;9706;09:18:04.85;0;42.47497;87.27653;1;0.4;0;0;6;1;0;0;5;1;40;3;2275668485;0;0;0;62;0
213;9;1;31;9.7;6382;09:18:04.76;0;-32.75374;-54.77432;1;3.4;0;0;6;1;0;0;5;1;40;3;2275668476;0;0;0;62;0
56;8;1;13;8.4;11671;09:18:14.33;0;-27.21170;113.49730;1;2.51;0;0;6;1;0;0;5;1;41;3;2275669433;0;0;0;62;0
67;10;1;18;10.7;1293;09:18:14.47;1;-0.41771;-12.92462;1;2.65;0;0;6;1;0;0;5;1;41;3;2275669447;0;0;0;62;0
13;10;1;19;10.6;2051;09:18:14.22;1;-14.97215;-14.02236;1;2.40;0;0;6;1;0;0;5;1;40;3;2275669422;0;0;0;62;0
119;10;1;20;10.7;1192;09:18:14.54;1;-4.21427;-11.15854;1;2.72;0;0;6;1;0;0;5;1;41;3;2275669454;0;0;0;62;0
228;8;1;21;8.9;9476;09:18:13.93;0;-92.63981;19.97979;1;2.12;0;0;6;1;0;0;5;1;41;3;2275669393;0;0;0;62;0
66;9;1;24;9.5;6990;09:18:14.54;0;47.20854;-51.56143;1;2.73;0;0;6;1;0;0;5;1;41;3;2275669454;0;0;0;62;0
156;9;1;25;9.5;6908;09:18:14.41;0;-20.07324;-66.10017;1;2.59;0;0;6;1;0;0;5;1;41;3;2275669441;0;0;0;62;0
73;10;1;28;10.4;2686;09:18:15.02;1;23.25443;-13.45434;1;0.11;0;0;6;1;0;0;5;1;41;3;2275669502;0;0;0;62;0
94;10;1;30;10.1;4328;09:18:14.05;0;10.47913;-41.99384;1;2.24;0;0;6;1;0;0;5;1;41;3;2275669405;0;0;0;62;0
3;10;1;32;10.1;4323;09:18:14.54;0;-11.22337;41.75420;1;2.73;0;0;6;1;0;0;5;1;41;3;2275669454;0;0;0;62;0
207;10;1;34;10.8;1050;09:18:14.47;1;10.44226;1.09976;1;2.66;0;0;6;1;0;0;5;1;41;3;2275669447;0;0;0;62;0
230;10;1;35;10.5;2176;09:18:14.08;1;-17.97578;12.26415;1;2.26;0;0;6;1;0;0;5;1;41;3;2275669408;0;0;0;62;0
170;10;1;40;10.6;1827;09:18:14.44;1;7.39066;16.71346;1;2.63;0;0;6;1;0;0;5;1;41;3;2275669444;0;0;0;62;0
27;9;1;12;9.3;7719;09:18:14.41;0;77.06743;-4.51292;1;2.59;0;0;6;1;0;0;5;1;41;3;2275669441;0;0;0;62;0
103;7;1;14;7.0;17173;09:18:14.76;0;165.10592;47.25266;1;2.95;0;0;6;1;0;0;5;1;41;3;2275669476;0;0;0;62;0
60;9;1;15;9.4;7636;09:18:14.42;0;65.94264;-38.51778;1;2.60;0;0;6;1;0;0;5;1;41;3;2275669442;0;0;0;62;0
79;10;1;16;10.1;4426;09:18:14.54;0;9.30261;-43.27550;1;2.72;0;0;6;1;0;0;5;1;41;3;2275669454;0;0;0;62;0
131;10;1;17;10.2;3905;09:18:14.43;0;-22.98944;31.57591;1;2.61;0;0;6;1;0;0;5;1;41;3;2275669443;0;0;0;62;0
160;9;1;22;9.7;6288;09:18:14.67;0;7.79858;-62.40375;1;2.86;0;0;6;1;0;0;5;1;41;3;2275669467;0;0;0;62;0
222;10;1;23;10.4;2749;09:18:14.59;1;23.56304;-14.17495;1;2.78;0;0;6;1;0;0;5;1;41;3;2275669459;0;0;0;62;0
34;8;1;26;8.8;9966;09:18:14.68;0;78.74589;61.09454;1;2.87;0;0;6;1;0;0;5;1;42;3;2275669468;0;0;0;62;0
42;9;1;27;9.7;6437;09:18:14.80;0;-19.17230;-61.45229;1;2.99;0;0;6;1;0;0;5;1;41;3;2275669480;0;0;0;62;0
213;9;1;31;9.8;5700;09:18:14.77;0;-54.22136;17.58100;1;2.96;0;0;6;1;0;0;5;1;41;3;2275669477;0;0;0;62;0
144;9;1;33;9.4;7447;09:18:14.74;0;-39.46232;63.16030;1;2.93;0;0;6;1;0;0;5;1;41;3;2275669474;0;0;0;62;0
224;10;1;37;10.1;4362;09:18:14.70;0;-33.08922;28.43181;1;2.89;0;0;6;1;0;0;5;1;41;3;2275669470;0;0;0;62;0
219;10;1;38;10.6;1851;09:18:14.79;1;-18.06886;-4.03519;1;2.98;0;0;6;1;0;0;5;1;41;3;2275669479;0;0;0;62;0
85;10;1;39;10.3;3621;09:18:14.70;0;-18.15096;-31.33810;1;2.88;0;0;6;1;0;0;5;1;41;3;2275669470;0;0;0;62;0
56;10;1;13;10.3;3281;09:18:24.29;0;28.39466;16.44808;1;2.37;0;0;6;1;0;0;5;1;42;3;2275670429;0;0;0;62;0
60;10;1;15;10.1;4400;09:18:24.55;0;-34.93648;-26.75281;1;2.63;0;0;6;1;0;0;5;1;42;3;2275670455;0;0;0;62;0
131;10;1;17;10.7;1289;09:18:24.39;1;11.07709;6.59651;1;2.47;0;0;6;1;0;0;5;1;42;3;2275670439;0;0;0;62;0
13;10;1;19;10.2;3698;09:18:24.04;0;-34.48318;-13.36025;1;2.12;0;0;6;1;0;0;5;1;41;3;2275670404;0;0;0;62;0
119;10;1;20;10.1;4321;09:18:24.54;0;5.71566;-42.83700;1;2.62;0;0;6;1;0;0;5;1;42;3;2275670454;0;0;0;62;0
228;10;1;21;10.4;2883;09:18:24.31;0;-28.45097;-4.66919;1;2.40;0;0;6;1;0;0;5;1;42;3;2275670431;0;0;0;62;0
222;10;1;23;10.0;4956;09:18:24.11;0;-48.67359;-9.37401;1;2.20;0;0;6;1;0;0;5;1;42;3;2275670411;0;0;0;62;0
66;9;1;24;9.2;8272;09:18:24.47;0;-30.11730;-77.04395;1;2.56;0;0;6;1;0;0;5;1;42;3;2275670447;0;0;0;62;0
156;10;1;25;10.3;3351;09:18:24.54;0;-31.40264;-11.72156;1;2.62;0;0;6;1;0;0;5;1;42;3;2275670454;0;0;0;62;0
94;10;1;30;10.2;3847;09:18:24.24;0;38.01147;5.92599;1;2.33;0;0;6;1;0;0;5;1;42;3;2275670424;0;0;0;62;0
144;9;1;33;9.1;8598;09:18:24.57;0;24.18991;82.51054;1;2.66;0;0;6;1;0;0;5;1;42;3;2275670457;0;0;0;62;0
207;5;1;34;5.5;23076;09:18:24.53;0;228.21510;34.24200;1;2.62;0;0;6;1;0;0;5;1;42;3;2275670453;0;0;0;62;0
230;10;1;35;10.0;4843;09:18:24.43;0;22.90871;-42.67693;1;2.52;0;0;6;1;0;0;5;1;42;3;2275670443;0;0;0;62;0
219;9;1;38;9.7;6236;09:18:24.64;0;-50.11321;37.11408;1;2.73;0;0;6;1;0;0;5;1;42;3;2275670464;0;0;0;62;0
85;10;1;39;10.4;2804;09:18:24.74;0;22.85180;-16.25710;1;2.82;0;0;6;1;0;0;5;1;42;3;2275670474;0;0;0;62;0
170;10;1;40;10.5;2345;09:18:24.61;1;22.84688;5.31129;1;2.70;0;0;6;1;0;0;5;1;42;3;2275670461;0;0;0;62;0
27;9;1;12;9.8;6009;09:18:24.53;0;-27.80482;-53.28104;1;2.61;0;0;6;1;0;0;5;1;42;3;2275670453;0;0;0;62;0
103;8;1;14;8.7;10382;09:18:25.10;0;103.65330;-5.96635;1;0.8;0;0;6;1;0;0;5;1;42;3;2275670510;0;0;0;62;0
79;10;1;16;10.2;3950;09:18:24.77;0;-29.70819;26.03473;1;2.85;0;0;6;1;0;0;5;1;42;3;2275670477;0;0;0;62;0
67;10;1;18;10.5;2160;09:18:24.66;1;-3.14507;21.37394;1;2.74;0;0;6;1;0;0;5;1;42;3;2275670466;0;0;0;62;0
160;10;1;22;10.5;2621;09:18:25.08;1;-7.95849;24.97977;1;0.7;0;0;6;1;0;0;5;1;42;3;2275670508;0;0;0;62;0
34;9;1;26;9.8;5859;09:18:24.88;0;-58.28748;-6.02941;1;2.96;0;0;6;1;0;0;5;1;43;3;2275670488;0;0;0;62;0
42;9;1;27;9.2;8142;09:18:24.89;0;32.95874;-74.46025;1;2.98;0;0;6;1;0;0;5;1;42;3;2275670489;0;0;0;62;0
73;10;1;28;10.0;5259;09:18:25.00;0;45.55276;26.28688;1;3.9;0;0;6;1;0;0;5;1;42;3;2275670500;0;0;0;62;0
213;10;1;31;10.3;3575;09:18:24.84;0;-35.16738;-6.45316;1;2.92;0;0;6;1;0;0;5;1;42;3;2275670484;0;0;0;62;0
3;9;1;32;9.8;5948;09:18:24.73;0;-26.97881;-53.01372;1;2.82;0;0;6;1;0;0;5;1;42;3;2275670473;0;0;0;62;0
224;10;1;37;10.4;2804;09:18:24.79;0;-27.45762;-5.72060;1;2.88;0;0;6;1;0;0;5;1;42;3;2275670479;0;0;0;62;0
228;8;1;21;8.6;10640;09:18:34.32;0;58.30783;-89.00937;1;2.31;0;0;6;1;0;0;5;1;43;3;2275671432;0;0;0;62;0
222;9;1;23;9.3;7951;09:18:34.44;0;40.67557;-68.32517;1;2.43;0;0;6;1;0;0;5;1;43;3;2275671444;0;0;0;62;0
156;10;1;25;10.6;1993;09:18:34.56;1;-14.52917;-13.64243;1;2.54;0;0;6;1;0;0;5;1;43;3;2275671456;0;0;0;62;0
94;10;1;30;10.5;2132;09:18:34.24;1;-17.51340;12.16189;1;2.23;0;0;6;1;0;0;5;1;43;3;2275671424;0;0;0;62;0
3;10;1;32;10.6;1692;09:18:34.67;1;13.00236;10.83770;1;2.66;0;0;6;1;0;0;5;1;43;3;2275671467;0;0;0;62;0
207;10;1;34;10.3;3616;09:18:34.69;0;-25.70878;-25.43651;1;2.68;0;0;6;1;0;0;5;1;43;3;2275671469;0;0;0;62;0
230;10;1;35;10.6;1839;09:18:34.29;1;4.58763;-17.81260;1;2.28;0;0;6;1;0;0;5;1;43;3;2275671429;0;0;0;62;0
85;10;1;39;10.5;2198;09:18:35.03;1;-21.79140;2.87657;1;3.1;0;0;6;1;0;0;5;1;43;3;2275671503;0;0;0;62;0
170;10;1;40;10.0;4753;09:18:34.49;0;46.32527;-10.66535;1;2.48;0;0;6;1;0;0;5;1;43;3;2275671449;0;0;0;62;0
56;10;1;13;10.5;2556;09:18:34.21;1;24.35879;7.77326;1;2.19;0;0;6;1;0;0;5;1;43;3;2275671421;0;0;0;62;0
103;10;1;14;10.3;3621;09:18:34.48;0;-25.05351;-26.15429;1;2.47;0;0;6;1;0;0;5;1;43;3;2275671448;0;0;0;62;0
60;9;1;15;9.5;7178;09:18:34.55;0;58.07156;-42.20672;1;2.53;0;0;6;1;0;0;5;1;43;3;2275671455;0;0;0;62;0
79;10;1;16;10.1;4697;09:18:34.73;0;-44.47959;15.10372;1;2.71;0;0;6;1;0;0;5;1;43;3;2275671473;0;0;0;62;0
131;10;1;17;10.4;2701;09:18:34.44;1;26.99919;-0.99196;1;2.42;0;0;6;1;0;0;5;1;43;3;2275671444;0;0;0;62;0
67;10;1;18;10.7;1274;09:18:34.58;1;10.53893;-7.17131;1;2.56;0;0;6;1;0;0;5;1;43;3;2275671458;0;0;0;62;0
13;9;1;19;9.7;6436;09:18:34.32;0;24.94029;-59.33622;1;2.31;0;0;6;1;0;0;5;1;42;3;2275671432;0;0;0;62;0
119;10;1;20;10.9;499;09:18:34.70;1;-4.94077;-0.70000;1;2.68;0;0;6;1;0;0;5;1;43;3;2275671470;0;0;0;62;0
160;10;1;22;10.2;4011;09:18:34.89;0;-3.20684;-39.98457;1;2.88;0;0;6;1;0;0;5;1;43;3;2275671489;0;0;0;62;0
66;10;1;24;10.1;4677;09:18:34.67;0;46.77800;0.29052;1;2.66;0;0;6;1;0;0;5;1;43;3;2275671467;0;0;0;62;0
34;9;1;26;9.3;7774;09:18:34.83;0;-52.17099;57.64308;1;2.82;0;0;6;1;0;0;5;1;44;3;2275671483;0;0;0;62;0
42;10;1;27;10.4;3160;09:18:35.03;0;-15.74280;-27.40240;1;3.2;0;0;6;1;0;0;5;1;43;3;2275671503;0;0;0;62;0
73;0;1;28;0;20000;09:18:35.32;0;83.05097;-51.93273;0;0.21;0;0;6;1;0;0;5;1;43;3;2275671532;0;0;0;62;0
213;9;1;31;9.9;5505;09:18:34.97;0;-55.05481;0.42337;1;2.96;0;0;6;1;0;0;5;1;43;3;2275671497;0;0;0;62;0
144;9;1;33;9.3;7819;09:18:34.84;0;-64.44342;44.28710;1;2.83;0;0;6;1;0;0;5;1;43;3;2275671484;0;0;0;62;0
224;9;1;37;9.8;5833;09:18:34.78;0;-58.27817;2.56824;1;2.77;0;0;6;1;0;0;5;1;43;3;2275671478;0;0;0;62;0
219;10;1;38;10.5;2473;09:18:34.87;1;-7.04592;23.70617;1;2.86;0;0;6;1;0;0;5;1;43;3;2275671487;0;0;0;62;0
27;9;1;12;9.5;6894;09:18:34.82;0;-18.99420;-66.27268;1;2.80;0;0;6;1;0;0;5;1;43;3;2275671482;0;0;0;62;0
131;9;1;17;9.6;6545;09:18:44.55;0;11.62018;64.41198;1;2.43;0;0;6;1;0;1;5;1;44;3;2275672455;0;0;0;62;0
67;10;1;18;10.1;4312;09:18:44.65;0;-2.52129;-43.05289;1;2.53;0;0;6;1;0;1;5;1;44;3;2275672465;0;0;0;62;0
13;10;1;19;10.5;2301;09:18:44.43;1;-10.31232;-20.57664;1;2.31;0;0;6;1;0;1;5;1;43;3;2275672443;0;0;0;62;0
119;10;1;20;10.5;2408;09:18:44.79;1;22.59375;8.34536;1;2.67;0;0;6;1;0;1;5;1;44;3;2275672479;0;0;0;62;0
228;10;1;21;10.1;4671;09:18:44.42;0;-40.22557;-23.75747;1;2.31;0;0;6;1;0;1;5;1;44;3;2275672442;0;0;0;62;0
222;10;1;23;10.8;833;09:18:44.32;1;7.95252;-2.50038;1;2.21;0;0;6;1;0;1;5;1;44;3;2275672432;0;0;0;62;0
156;9;1;25;9.2;8361;09:18:44.64;0;9.84659;-83.03777;1;2.52;0;0;6;1;0;1;5;1;44;3;2275672464;0;0;0;62;0
34;10;1;26;10.4;2750;09:18:44.76;1;-21.30217;17.39355;1;2.65;0;0;6;1;0;1;5;1;45;3;2275672476;0;0;0;62;0
94;10;1;30;10.8;849;09:18:44.35;1;7.65825;-3.66609;1;2.24;0;0;6;1;0;1;5;1;44;3;2275672435;0;0;0;62;0
3;10;1;32;10.8;1035;09:18:44.53;1;3.24288;9.83130;1;2.42;0;0;6;1;0;1;5;1;44;3;2275672453;0;0;0;62;0
207;9;1;34;9.5;7234;09:18:44.69;0;56.35495;-45.36354;1;2.58;0;0;6;1;0;1;5;1;44;3;2275672469;0;0;0;62;0
230;10;1;35;10.2;4195;09:18:44.55;0;-8.79500;-41.02430;1;2.44;0;0;6;1;0;1;5;1;44;3;2275672455;0;0;0;62;0
224;10;1;37;10.8;736;09:18:44.72;1;1.07324;-7.28891;1;2.61;0;0;6;1;0;1;5;1;44;3;2275672472;0;0;0;62;0
170;9;1;40;9.8;5811;09:18:44.50;0;54.98361;18.81214;1;2.39;0;0;6;1;0;1;5;1;44;3;2275672450;0;0;0;62;0
27;10;1;12;10.6;1775;09:18:45.09;1;-14.02558;-10.88468;1;2.97;0;0;6;1;0;1;5;1;44;3;2275672509;0;0;0;62;0
56;10;1;13;10.0;4909;09:18:44.61;0;34.63988;34.79597;1;2.49;0;0;6;1;0;1;5;1;44;3;2275672461;0;0;0;62;0
103;9;1;14;9.9;5624;09:18:44.88;0;21.80773;-51.84464;1;2.77;0;0;6;1;0;1;5;1;44;3;2275672488;0;0;0;62;0
60;10;1;15;10.1;4724;09:18:44.68;0;46.99689;4.87197;1;2.56;0;0;6;1;0;1;5;1;44;3;2275672468;0;0;0;62;0
79;9;1;16;9.9;5674;09:18:44.98;0;44.37396;35.36158;1;2.86;0;0;6;1;0;1;5;1;44;3;2275672498;0;0;0;62;0
160;8;1;22;8.6;10828;09:18:44.86;0;71.57006;81.26476;1;2.75;0;0;6;1;0;1;5;1;44;3;2275672486;0;0;0;62;0
66;10;1;24;10.0;4961;09:18:44.68;0;45.80687;-19.05693;1;2.57;0;0;6;1;0;1;5;1;44;3;2275672468;0;0;0;62;0
42;10;1;27;10.7;1540;09:18:45.02;1;-5.53886;14.37553;1;2.91;0;0;6;1;0;1;5;1;44;3;2275672502;0;0;0;62;0
73;9;1;28;9.8;6042;09:18:45.14;0;27.66425;53.72421;1;3.3;0;0;6;1;0;1;5;1;44;3;2275672514;0;0;0;62;0
213;9;1;31;9.6;6495;09:18:45.14;0;-16.94448;62.70350;1;3.3;0;0;6;1;0;1;5;1;44;3;2275672514;0;0;0;62;0
144;9;1;33;9.7;6249;09:18:44.74;0;-6.85408;62.11662;1;2.63;0;0;6;1;0;1;5;1;44;3;2275672474;0;0;0;62;0
219;10;1;38;10.3;3646;09:18:44.95;0;19.18887;31.00707;1;2.84;0;0;6;1;0;1;5;1;44;3;2275672495;0;0;0;62;0
85;10;1;39;10.2;3941;09:18:45.07;0;-1.08399;-39.39722;1;2.95;0;0;6;1;0;1;5;1;44;3;2275672507;0;0;0;62;0
228;10;1;21;10.1;4612;09:21:21.74;0;-45.37792;-8.26657;1;2.27;0;0;6;1;0;0;6;1;47;3;2275688174;0;0;0;62;0
94;10;1;30;10.8;587;09:21:21.81;1;5.62917;-1.68458;1;2.34;0;0;6;1;0;0;6;1;47;3;2275688181;0;0;0;62;0
27;10;1;12;10.0;5146;09:21:22.03;0;39.10907;33.44734;1;2.55;0;0;6;1;0;0;6;1;47;3;2275688203;0;0;0;62;0
56;10;1;13;10.1;4425;09:21:21.87;0;17.34818;-40.71252;1;2.39;0;0;6;1;0;0;6;1;47;3;2275688187;0;0;0;62;0
60;8;1;15;8.1;12527;09:21:21.96;0;57.02846;111.53691;1;2.48;0;0;6;1;0;0;6;1;47;3;2275688196;0;0;0;62;0
79;10;1;16;10.4;3160;09:21:22.19;0;23.74870;20.85875;1;2.71;0;0;6;1;0;0;6;1;47;3;2275688219;0;0;0;62;0
131;9;1;17;9.8;6075;09:21:22.17;0;-59.04727;-14.32290;1;2.69;0;0;6;1;0;0;6;1;47;3;2275688217;0;0;0;62;0
13;9;1;19;9.7;6419;09:21:21.84;0;26.59051;58.42847;1;2.37;0;0;6;1;0;0;6;1;46;3;2275688184;0;0;0;62;0
119;10;1;20;10.7;1167;09:21:22.07;1;-9.46976;6.82717;1;2.59;0;0;6;1;0;0;6;1;47;3;2275688207;0;0;0;62;0
222;10;1;23;10.9;76;09:21:22.01;1;-0.49981;-0.58415;1;2.54;0;0;6;1;0;0;6;1;47;3;2275688201;0;0;0;62;0
66;10;1;24;10.5;2417;09:21:22.03;1;-20.54116;12.74555;1;2.56;0;0;6;1;0;0;6;1;47;3;2275688203;0;0;0;62;0
156;8;1;25;8.6;10789;09:21:22.16;0;-73.03818;79.41432;1;2.70;0;0;6;1;0;0;6;1;47;3;2275688216;0;0;0;62;0
207;10;1;34;10.6;1894;09:21:22.11;1;-10.49032;-15.77671;1;2.64;0;0;6;1;0;0;6;1;47;3;2275688211;0;0;0;62;0
230;8;1;35;8.1;12603;09:21:21.91;0;-125.52308;-11.33960;1;2.44;0;0;6;1;0;0;6;1;47;3;2275688191;0;0;0;62;0
224;9;1;37;9.1;8526;09:21:22.13;0;-70.40291;48.09818;1;2.66;0;0;6;1;0;0;6;1;47;3;2275688213;0;0;0;62;0
170;10;1;40;10.1;4741;09:21:22.08;0;26.49487;-39.31928;1;2.62;0;0;6;1;0;0;6;1;47;3;2275688208;0;0;0;62;0
67;10;1;18;10.6;1770;09:21:22.23;1;-13.60579;-11.33425;1;2.75;0;0;6;1;0;0;6;1;47;3;2275688223;0;0;0;62;0
160;10;1;22;10.6;1870;09:21:22.48;1;15.06531;-11.08137;1;3.1;0;0;6;1;0;0;6;1;47;3;2275688248;0;0;0;62;0
34;9;1;26;9.4;7408;09:21:22.35;0;-32.52101;-66.57103;1;2.88;0;0;6;1;0;0;6;1;48;3;2275688235;0;0;0;62;0
42;9;1;27;9.5;7089;09:21:22.59;0;54.71091;-45.08183;1;0.2;0;0;6;1;0;0;6;1;47;3;2275688259;0;0;0;62;0
73;9;1;28;9.8;5868;09:21:22.59;0;10.75388;57.69014;1;0.2;0;0;6;1;0;0;6;1;47;3;2275688259;0;0;0;62;0
213;10;1;31;10.4;2918;09:21:22.48;0;-10.18452;27.35534;1;3.1;0;0;6;1;0;0;6;1;47;3;2275688248;0;0;0;62;0
3;10;1;32;10.7;1295;09:21:22.25;1;5.78246;11.59586;1;2.78;0;0;6;1;0;0;6;1;47;3;2275688225;0;0;0;62;0
144;10;1;33;10.3;3520;09:21:22.26;0;32.71361;12.99838;1;2.79;0;0;6;1;0;0;6;1;47;3;2275688226;0;0;0;62;0
219;10;1;38;10.6;1879;09:21:22.24;1;-1.28298;18.74699;1;2.77;0;0;6;1;0;0;6;1;47;3;2275688224;0;0;0;62;0
85;10;1;39;10.6;2078;09:21:22.38;1;-20.39351;4.00947;1;2.91;0;0;6;1;0;0;6;1;47;3;2275688238;0;0;0;62;0
103;0;1;14;0;20000;09:21:22.92;0;85.10710;20.67412;0;0.34;0;0;6;1;0;0;6;1;47;3;2275688292;0;0;0;62;0
94;10;1;30;10.3;3631;09:21:31.80;0;-35.72674;-6.52397;1;2.23;0;0;6;1;0;0;6;1;48;3;2275689180;0;0;0;62;0
230;10;1;35;10.2;3922;09:21:31.86;0;10.96376;37.65984;1;2.29;0;0;6;1;0;0;6;1;48;3;2275689186;0;0;0;62;0
224;10;1;37;10.1;4727;09:21:32.26;0;-46.24801;-9.79273;1;2.69;0;0;6;1;0;0;6;1;48;3;2275689226;0;0;0;62;0
170;10;1;40;10.0;4902;09:21:32.26;0;45.72530;17.68662;1;2.69;0;0;6;1;0;0;6;1;48;3;2275689226;0;0;0;62;0
27;9;1;12;9.7;6346;09:21:32.24;0;23.98233;-58.76071;1;2.66;0;0;6;1;0;0;6;1;48;3;2275689224;0;0;0;62;0
56;10;1;13;10.3;3194;09:21:32.11;0;29.92369;-11.18237;1;2.53;0;0;6;1;0;0;6;1;48;3;2275689211;0;0;0;62;0
60;9;1;15;9.6;6781;09:21:31.98;0;-64.13652;-22.02765;1;2.40;0;0;6;1;0;0;6;1;48;3;2275689198;0;0;0;62;0
131;9;1;17;9.3;7853;09:21:32.14;0;0.77078;78.52884;1;2.56;0;0;6;1;0;0;6;1;48;3;2275689214;0;0;0;62;0
67;10;1;18;10.9;454;09:21:32.28;1;-1.17072;-4.39671;1;2.71;0;0;6;1;0;0;6;1;48;3;2275689228;0;0;0;62;0
13;9;1;19;9.1;8581;09:21:32.02;0;30.44675;-80.23605;1;2.45;0;0;6;1;0;0;6;1;47;3;2275689202;0;0;0;62;0
119;10;1;20;10.5;2338;09:21:32.12;1;-18.78007;-13.93757;1;2.54;0;0;6;1;0;0;6;1;48;3;2275689212;0;0;0;62;0
228;9;1;21;9.4;7547;09:21:31.87;0;71.38769;24.51217;1;2.30;0;0;6;1;0;0;6;1;48;3;2275689187;0;0;0;62;0
222;10;1;23;10.4;2694;09:21:31.91;1;17.31164;-20.64580;1;2.34;0;0;6;1;0;0;6;1;48;3;2275689191;0;0;0;62;0
66;9;1;24;9.7;6265;09:21:32.09;0;-9.23835;-61.96645;1;2.52;0;0;6;1;0;0;6;1;48;3;2275689209;0;0;0;62;0
156;8;1;25;8.5;10971;09:21:32.34;0;-35.18105;103.92133;1;2.77;0;0;6;1;0;0;6;1;48;3;2275689234;0;0;0;62;0
34;9;1;26;9.4;7400;09:21:32.63;0;-72.35335;-15.53635;1;3.6;0;0;6;1;0;0;6;1;49;3;2275689263;0;0;0;62;0
42;10;1;27;10.3;3541;09:21:32.60;0;-12.95805;-32.95411;1;3.3;0;0;6;1;0;0;6;1;48;3;2275689260;0;0;0;62;0
73;10;1;28;10.4;2969;09:21:32.44;0;29.57127;-2.72565;1;2.87;0;0;6;1;0;0;6;1;48;3;2275689244;0;0;0;62;0
213;9;1;31;9.2;8101;09:21:32.57;0;-15.98383;-79.42387;1;3.0;0;0;6;1;0;0;6;1;48;3;2275689257;0;0;0;62;0
3;9;1;32;9.3;8071;09:21:32.29;0;80.70213;1.47245;1;2.72;0;0;6;1;0;0;6;1;48;3;2275689229;0;0;0;62;0
144;10;1;33;10.5;2328;09:21:32.33;1;-7.51605;-22.03486;1;2.76;0;0;6;1;0;0;6;1;48;3;2275689233;0;0;0;62;0
207;9;1;34;9.6;6566;09:21:32.24;0;45.56731;47.28434;1;2.67;0;0;6;1;0;0;6;1;48;3;2275689224;0;0;0;62;0
219;10;1;38;10.4;2717;09:21:32.56;1;-20.91093;-17.35699;1;2.99;0;0;6;1;0;0;6;1;48;3;2275689256;0;0;0;62;0
85;10;1;39;10.7;1354;09:21:32.66;1;1.04266;13.50731;1;0.0;0;0;6;1;0;0;6;1;48;3;2275689266;0;0;0;62;0
103;10;1;14;10.6;2031;09:21:32.37;1;19.49327;5.72661;1;2.79;0;0;6;1;0;0;6;1;48;3;2275689237;0;0;0;62;0
79;9;1;16;9.7;6452;09:21:32.38;0;-64.23046;6.15983;1;2.80;0;0;6;1;0;0;6;1;48;3;2275689238;0;0;0;62;0
160;10;1;22;10.1;4611;09:21:32.53;0;26.74537;-37.56099;1;2.96;0;0;6;1;0;0;6;1;48;3;2275689253;0;0;0;62;0
27;10;1;12;10.0;4825;09:21:42.29;0;2.42918;-48.19303;1;2.62;0;0;6;1;0;0;6;1;49;3;2275690229;0;0;0;62;0
56;9;1;13;9.2;8247;09:21:41.96;0;52.99313;63.19823;1;2.29;0;0;6;1;0;0;6;1;49;3;2275690196;0;0;0;62;0
60;8;1;15;8.6;10824;09:21:42.10;0;76.22207;-76.86057;1;2.43;0;0;6;1;0;0;6;1;49;3;2275690210;0;0;0;62;0
131;10;1;17;10.0;5039;09:21:42.11;0;41.22052;28.99783;1;2.43;0;0;6;1;0;0;6;1;49;3;2275690211;0;0;0;62;0
13;10;1;19;10.2;3806;09:21:41.85;0;36.24232;11.63899;1;2.18;0;0;6;1;0;0;6;1;48;3;2275690185;0;0;0;62;0
119;10;1;20;10.8;877;09:21:42.42;1;6.56044;5.82667;1;2.75;0;0;6;1;0;0;6;1;49;3;2275690242;0;0;0;62;0
228;9;1;21;9.4;7647;09:21:42.13;0;-51.22509;56.78445;1;2.47;0;0;6;1;0;0;6;1;49;3;2275690213;0;0;0;62;0
66;9;1;24;9.6;6503;09:21:42.27;0;8.64741;-64.45252;1;2.61;0;0;6;1;0;0;6;1;49;3;2275690227;0;0;0;62;0
156;9;1;25;9.5;7259;09:21:42.33;0;30.50039;-65.87970;1;2.67;0;0;6;1;0;0;6;1;49;3;2275690233;0;0;0;62;0
34;10;1;26;10.5;2372;09:21:42.22;1;-20.99940;11.05113;1;2.56;0;0;6;1;0;0;6;1;50;3;2275690222;0;0;0;62;0
42;9;1;27;9.8;5864;09:21:42.81;0;-58.57802;2.88085;1;0.4;0;0;6;1;0;0;6;1;49;3;2275690281;0;0;0;62;0
94;10;1;30;10.6;1666;09:21:41.98;1;-7.66868;-14.79277;1;2.32;0;0;6;1;0;0;6;1;49;3;2275690198;0;0;0;62;0
3;10;1;32;10.8;843;09:21:41.93;1;-7.86222;-3.06595;1;2.27;0;0;6;1;0;0;6;1;49;3;2275690193;0;0;0;62;0
144;10;1;33;10.4;2872;09:21:42.57;0;26.04514;-12.10587;1;2.91;0;0;6;1;0;0;6;1;49;3;2275690257;0;0;0;62;0
207;10;1;34;10.7;1424;09:21:42.18;1;13.36578;4.91274;1;2.51;0;0;6;1;0;0;6;1;49;3;2275690218;0;0;0;62;0
230;10;1;35;10.0;4864;09:21:41.81;0;17.12053;-45.53239;1;2.15;0;0;6;1;0;0;6;1;49;3;2275690181;0;0;0;62;0
224;10;1;37;10.9;186;09:21:42.41;1;1.70545;-0.74964;1;2.74;0;0;6;1;0;0;6;1;49;3;2275690241;0;0;0;62;0
219;9;1;38;9.5;7267;09:21:42.49;0;58.22806;43.49534;1;2.83;0;0;6;1;0;0;6;1;49;3;2275690249;0;0;0;62;0
85;10;1;39;10.7;1231;09:21:42.61;1;-12.19097;-1.77250;1;2.95;0;0;6;1;0;0;6;1;49;3;2275690261;0;0;0;62;0
170;10;1;40;10.4;2836;09:21:42.20;0;28.36348;0.41411;1;2.53;0;0;6;1;0;0;6;1;49;3;2275690220;0;0;0;62;0
103;10;1;14;10.8;845;09:21:42.65;1;-6.92718;-4.84921;1;2.98;0;0;6;1;0;0;6;1;49;3;2275690265;0;0;0;62;0
79;9;1;16;9.1;8716;09:21:42.58;0;-58.16898;64.91172;1;2.90;0;0;6;1;0;0;6;1;49;3;2275690258;0;0;0;62;0
67;10;1;18;10.0;4776;09:21:42.33;0;27.10903;39.32955;1;2.65;0;0;6;1;0;0;6;1;49;3;2275690233;0;0;0;62;0
160;9;1;22;9.2;8104;09:21:42.51;0;11.13678;-80.27966;1;2.84;0;0;6;1;0;0;6;1;49;3;2275690251;0;0;0;62;0
222;10;1;23;10.5;2558;09:21:42.50;1;-9.71785;-23.66255;1;2.84;0;0;6;1;0;0;6;1;49;3;2275690250;0;0;0;62;0
73;9;1;28;9.7;6250;09:21:42.78;0;-0.21456;62.50328;1;0.1;0;0;6;1;0;0;6;1;49;3;2275690278;0;0;0;62;0
213;10;1;31;10.2;4009;09:21:42.62;0;-13.63388;37.70103;1;2.96;0;0;6;1;0;0;6;1;49;3;2275690262;0;0;0;62;0
230;10;1;35;10.0;5147;09:21:51.87;0;51.36595;-3.37735;1;2.11;0;0;6;1;0;0;6;1;50;3;2275691187;0;0;0;62;0
56;9;1;13;9.8;5970;09:21:52.10;0;-3.28333;59.60974;1;2.33;0;0;6;1;0;0;6;1;50;3;2275691210;0;0;0;62;0
60;8;1;15;8.2;12276;09:21:52.51;0;4.74270;-122.67351;1;2.75;0;0;6;1;0;0;6;1;50;3;2275691251;0;0;0;62;0
131;10;1;17;10.2;3962;09:21:52.53;0;39.46044;3.63714;1;2.76;0;0;6;1;0;0;6;1;50;3;2275691253;0;0;0;62;0
67;10;1;18;10.3;3179;09:21:52.22;0;9.16375;-30.44751;1;2.45;0;0;6;1;0;0;6;1;50;3;2275691222;0;0;0;62;0
13;8;1;19;8.4;11557;09:21:52.07;0;-110.00844;-35.42671;1;2.30;0;0;6;1;0;0;6;1;49;3;2275691207;0;0;0;62;0
119;10;1;20;10.2;4172;09:21:52.31;0;39.04018;14.71442;1;2.54;0;0;6;1;0;0;6;1;50;3;2275691231;0;0;0;62;0
228;9;1;21;9.7;6285;09:21:52.13;0;60.15385;-18.24138;1;2.37;0;0;6;1;0;0;6;1;50;3;2275691213;0;0;0;62;0
222;10;1;23;10.0;4755;09:21:52.08;0;47.11646;6.47886;1;2.33;0;0;6;1;0;0;6;1;50;3;2275691208;0;0;0;62;0
66;10;1;24;10.3;3275;09:21:52.42;0;-27.26266;-18.16279;1;2.66;0;0;6;1;0;0;6;1;50;3;2275691242;0;0;0;62;0
156;10;1;25;10.0;4806;09:21:52.34;0;42.43761;-22.56324;1;2.58;0;0;6;1;0;0;6;1;50;3;2275691234;0;0;0;62;0
42;9;1;27;9.2;8469;09:21:52.84;0;46.20548;70.97503;1;3.7;0;0;6;1;0;0;6;1;50;3;2275691284;0;0;0;62;0
73;8;1;28;8.8;9994;09:21:52.80;0;-97.45342;22.18494;1;3.3;0;0;6;1;0;0;6;1;50;3;2275691280;0;0;0;62;0
94;10;1;30;10.1;4442;09:21:51.87;0;41.99721;14.49591;1;2.11;0;0;6;1;0;0;6;1;50;3;2275691187;0;0;0;62;0
213;10;1;31;10.5;2334;09:21:52.54;1;-23.33628;-0.74976;1;2.78;0;0;6;1;0;0;6;1;50;3;2275691254;0;0;0;62;0
3;10;1;32;10.0;5135;09:21:51.81;0;6.39736;50.95249;1;2.5;0;0;6;1;0;0;6;1;50;3;2275691181;0;0;0;62;0
144;10;1;33;10.3;3592;09:21:52.49;0;-6.49239;-35.32916;1;2.73;0;0;6;1;0;0;6;1;50;3;2275691249;0;0;0;62;0
207;10;1;34;10.1;4552;09:21:52.37;0;-10.21549;-44.36104;1;2.61;0;0;6;1;0;0;6;1;50;3;2275691237;0;0;0;62;0
224;10;1;37;10.9;320;09:21:52.59;1;0.82682;-3.09358;1;2.82;0;0;6;1;0;0;6;1;50;3;2275691259;0;0;0;62;0
219;9;1;38;9.7;6164;09:21:52.61;0;28.50451;54.65782;1;2.85;0;0;6;1;0;0;6;1;50;3;2275691261;0;0;0;62;0
85;9;1;39;9.2;8088;09:21:52.55;0;80.86248;1.75455;1;2.79;0;0;6;1;0;0;6;1;50;3;2275691255;0;0;0;62;0
170;10;1;40;10.5;2252;09:21:52.25;1;-21.75804;-5.81490;1;2.49;0;0;6;1;0;0;6;1;50;3;2275691225;0;0;0;62;0
27;10;1;12;10.0;5110;09:21:52.73;0;-10.38529;50.04070;1;2.96;0;0;6;1;0;0;6;1;50;3;2275691273;0;0;0;62;0
103;10;1;14;10.0;4941;09:21:52.72;0;-49.31060;-3.14286;1;2.95;0;0;6;1;0;0;6;1;50;3;2275691272;0;0;0;62;0
79;9;1;16;9.4;7560;09:21:52.80;0;-50.43632;56.31897;1;3.2;0;0;6;1;0;0;6;1;50;3;2275691280;0;0;0;62;0
160;9;1;22;9.3;7685;09:21:52.63;0;22.05687;-73.62370;1;2.86;0;0;6;1;0;0;6;1;50;3;2275691263;0;0;0;62;0
34;8;1;26;8.9;9540;09:21:52.68;0;58.24804;-75.55651;1;2.92;0;0;6;1;0;0;6;1;51;3;2275691268;0;0;0;62;0
13;10;1;19;10.1;4697;09:22:01.90;0;-5.73159;46.62318;1;2.3;0;0;6;1;0;7;6;1;50;3;2275692190;0;0;0;62;0
228;10;1;21;10.7;1313;09:22:02.27;1;-9.18265;9.38588;1;2.41;0;0;6;1;0;7;6;1;51;3;2275692227;0;0;0;62;0
222;9;1;23;9.7;6286;09:22:02.36;0;-51.21922;36.45554;1;2.50;0;0;6;1;0;7;6;1;51;3;2275692236;0;0;0;62;0
66;9;1;24;9.8;5682;09:22:02.36;0;-35.41142;-44.44579;1;2.49;0;0;6;1;0;7;6;1;51;3;2275692236;0;0;0;62;0
156;10;1;25;10.6;1655;09:22:02.39;1;-8.56369;-14.16603;1;2.53;0;0;6;1;0;7;6;1;51;3;2275692239;0;0;0;62;0
94;9;1;30;9.8;5794;09:22:02.18;0;-44.33909;-37.30914;1;2.32;0;0;6;1;0;7;6;1;51;3;2275692218;0;0;0;62;0
3;10;1;32;10.2;3959;09:22:02.02;0;11.70647;-37.82333;1;2.16;0;0;6;1;0;7;6;1;51;3;2275692202;0;0;0;62;0
144;10;1;33;10.7;1416;09:22:02.42;1;14.13642;-0.91481;1;2.56;0;0;6;1;0;7;6;1;51;3;2275692242;0;0;0;62;0
230;10;1;35;10.2;4069;09:22:02.05;0;-20.59557;35.10421;1;2.19;0;0;6;1;0;7;6;1;51;3;2275692205;0;0;0;62;0
224;10;1;37;10.4;3127;09:22:02.42;0;1.36618;31.24665;1;2.56;0;0;6;1;0;7;6;1;51;3;2275692242;0;0;0;62;0
85;9;1;39;9.9;5348;09:22:02.94;0;7.14156;53.00504;1;3.8;0;0;6;1;0;7;6;1;51;3;2275692294;0;0;0;62;0
170;9;1;40;9.5;6927;09:22:02.53;0;-8.82244;-68.70861;1;2.67;0;0;6;1;0;7;6;1;51;3;2275692253;0;0;0;62;0
27;10;1;12;10.6;2027;09:22:02.40;1;3.24077;-20.01615;1;2.54;0;0;6;1;0;7;6;1;51;3;2275692240;0;0;0;62;0
56;9;1;13;9.4;7422;09:22:02.22;0;-52.72213;-52.24861;1;2.36;0;0;6;1;0;7;6;1;51;3;2275692222;0;0;0;62;0
103;10;1;14;10.3;3641;09:22:02.69;0;19.52309;30.73716;1;2.82;0;0;6;1;0;7;6;1;51;3;2275692269;0;0;0;62;0
60;9;1;15;9.7;6294;09:22:02.36;0;-43.66475;45.33600;1;2.49;0;0;6;1;0;7;6;1;51;3;2275692236;0;0;0;62;0
79;10;1;16;10.2;3981;09:22:02.53;0;29.56692;26.66557;1;2.65;0;0;6;1;0;7;6;1;51;3;2275692253;0;0;0;62;0
131;10;1;17;10.8;940;09:22:02.41;1;-3.48114;-8.74027;1;2.53;0;0;6;1;0;7;6;1;51;3;2275692241;0;0;0;62;0
67;9;1;18;9.0;9078;09:22:02.42;0;-30.14219;-85.63700;1;2.55;0;0;6;1;0;7;6;1;51;3;2275692242;0;0;0;62;0
119;10;1;20;10.1;4504;09:22:02.40;0;7.17830;44.47392;1;2.53;0;0;6;1;0;7;6;1;51;3;2275692240;0;0;0;62;0
160;10;1;22;10.5;2149;09:22:02.76;1;7.77409;-20.03601;1;2.89;0;0;6;1;0;7;6;1;51;3;2275692276;0;0;0;62;0
34;8;1;26;8.9;9596;09:22:02.68;0;23.79809;92.97042;1;2.82;0;0;6;1;0;7;6;1;52;3;2275692268;0;0;0;62;0
42;10;1;27;10.6;1742;09:22:03.04;1;15.64551;7.66094;1;0.7;0;0;6;1;0;7;6;1;51;3;2275692304;0;0;0;62;0
73;9;1;28;9.3;7892;09:22:03.08;0;-29.20252;-73.31976;1;0.12;0;0;6;1;0;7;6;1;51;3;2275692308;0;0;0;62;0
213;10;1;31;10.7;1314;09:22:02.81;1;7.14031;11.04061;1;2.95;0;0;6;1;0;7;6;1;51;3;2275692281;0;0;0;62;0
207;9;1;34;9.6;6821;09:22:02.52;0;50.90276;-45.41479;1;2.66;0;0;6;1;0;7;6;1;51;3;2275692252;0;0;0;62;0
219;9;1;38;9.6;6508;09:22:02.70;0;-54.50893;-35.57074;1;2.84;0;0;6;1;0;7;6;1;51;3;2275692270;0;0;0;62;0
