219;8;0;38;8.5;6489;11:28:06.80;0;28.20105;-58.45217;1;6.73;0;0;6;0;0;0;0;0;5;3;2267808680;0;0;0;63;0
144;7;0;33;7.8;8128;11:28:07.29;0;-32.00649;74.71570;1;7.21;0;0;6;0;0;0;0;0;5;3;2267808729;0;0;0;63;0
79;7;0;16;7.8;8104;11:28:07.74;0;48.48475;-64.93726;1;7.66;0;0;6;0;0;0;0;0;5;3;2267808774;0;0;0;63;0
224;10;0;37;10.2;2141;11:28:10.84;0;-6.70110;-20.33739;1;10.77;0;0;6;0;0;0;0;0;5;3;2267809084;0;0;0;63;0
230;8;0;35;8.8;5765;11:28:11.14;0;2.33895;-57.60475;1;11.7;0;0;6;0;0;0;0;0;5;3;2267809114;0;0;0;63;0
56;10;0;13;10.7;662;11:28:11.57;1;5.27056;-4.00794;1;11.49;0;0;6;0;0;0;0;0;5;3;2267809157;0;0;0;63;0
228;9;0;21;9.2;4624;11:28:11.55;0;40.25105;22.77742;1;11.47;0;0;6;0;0;0;0;0;5;3;2267809155;0;0;0;63;0
34;9;0;26;9.2;4733;11:28:11.65;0;-46.90526;6.36118;1;11.58;0;0;6;0;0;0;0;0;5;3;2267809165;0;0;0;63;0
170;10;0;40;10.4;1422;11:28:12.75;1;-9.38962;10.68921;1;12.68;0;0;6;0;0;0;0;0;5;3;2267809275;0;0;0;63;0
222;9;0;23;9.2;4604;11:28:12.77;0;4.62898;-45.81437;1;12.70;0;0;6;0;0;0;0;0;5;3;2267809277;0;0;0;63;0
156;10;0;25;10.6;1105;11:28:16.49;1;11.03636;-0.62898;1;16.42;0;0;6;0;0;0;0;0;5;3;2267809649;0;0;0;63;0
60;10;0;15;10.4;1504;11:28:16.72;1;-1.66213;-14.95705;1;16.64;0;0;6;0;0;0;0;0;5;3;2267809672;0;0;0;63;0
94;9;0;30;9.6;3548;11:28:16.96;0;16.30498;31.51831;1;16.89;0;0;6;0;0;0;0;0;5;3;2267809696;0;0;0;63;0
73;9;0;28;9.8;3273;11:28:18.15;0;-31.50611;-8.89647;1;18.8;0;0;6;0;0;0;0;0;5;3;2267809815;0;0;0;63;0
3;10;0;32;10.3;1936;11:28:18.52;0;-9.88209;16.65658;1;18.45;0;0;6;0;0;0;0;0;5;3;2267809852;0;0;0;63;0
85;9;0;39;9.6;3727;11:28:18.55;0;-36.20179;8.87282;1;18.48;0;0;6;0;0;0;0;0;5;3;2267809855;0;0;0;63;0
66;10;0;24;10.1;2393;11:28:19.92;0;-13.52268;19.75099;1;19.85;0;0;6;0;0;0;0;0;5;3;2267809992;0;0;0;63;0
42;10;0;27;10.1;2349;11:28:20.15;0;-17.27045;-15.93356;1;20.8;0;0;6;0;0;0;0;0;5;3;2267810015;0;0;0;63;0
13;9;0;19;9.6;3754;11:28:21.40;0;21.58845;30.71430;1;21.32;0;0;6;0;0;0;0;0;5;3;2267810140;0;0;0;63;0
27;10;0;12;10.0;2634;11:28:23.36;0;18.98349;18.26718;1;23.29;0;0;6;0;0;0;0;0;5;3;2267810336;0;0;0;63;0
119;10;0;20;10.2;1964;11:28:28.35;0;19.36039;-3.30487;1;28.27;0;0;6;0;0;0;0;0;5;3;2267810835;0;0;0;63;0
207;9;0;34;9.6;3722;11:28:28.83;0;-1.07316;37.20620;1;28.76;0;0;6;0;0;0;0;0;5;3;2267810883;0;0;0;63;0
219;10;0;38;10.4;1488;11:28:30.81;1;-2.11224;-14.73724;1;30.74;0;0;6;0;0;0;0;0;6;3;2267811081;0;0;0;63;0
34;10;0;26;10.0;2752;11:28:36.66;0;-27.30322;3.49643;1;36.59;0;0;6;0;0;0;0;0;6;3;2267811666;0;0;0;63;0
67;9;0;18;9.9;2862;11:28:35.32;0;-22.44568;-17.76417;1;35.24;0;0;6;0;0;0;0;0;5;3;2267811532;0;0;0;63;0
56;10;0;13;10.8;399;11:28:38.64;1;1.96729;-3.47488;1;38.56;0;0;6;0;0;0;0;0;6;3;2267811864;0;0;0;63;0
79;8;0;16;8.9;5418;11:28:39.81;0;51.53394;16.75177;1;39.73;0;0;6;0;0;0;0;0;6;3;2267811981;0;0;0;63;0
170;10;0;40;10.7;774;11:28:42.09;1;6.05961;-4.81684;1;42.2;0;0;6;0;0;0;0;0;6;3;2267812209;0;0;0;63;0
60;9;0;15;9.7;3495;11:28:42.63;0;-34.94546;-0.80535;1;42.55;0;0;6;0;0;0;0;0;6;3;2267812263;0;0;0;63;0
94;9;0;30;9.3;4331;11:28:44.08;0;43.28017;-1.61303;1;44.1;0;0;6;0;0;0;0;0;6;3;2267812408;0;0;0;63;0
144;9;0;33;9.4;4051;11:28:44.32;0;-12.90255;38.40421;1;44.24;0;0;6;0;0;0;0;0;6;3;2267812432;0;0;0;63;0
213;8;0;31;8.9;5499;11:28:43.25;0;-44.27890;32.61507;1;43.18;0;0;6;0;0;0;0;0;5;3;2267812325;0;0;0;63;0
222;10;0;23;10.6;1075;11:28:46.29;1;5.30302;-9.35243;1;46.22;0;0;6;0;0;0;0;0;6;3;2267812629;0;0;0;63;0
224;7;0;37;7.8;8079;11:28:47.51;0;78.20340;-20.31540;1;47.44;0;0;6;0;0;0;0;0;6;3;2267812751;0;0;0;63;0
131;10;0;17;10.2;2158;11:28:45.46;0;-4.37836;-21.13383;1;45.38;0;0;6;0;0;0;0;0;5;3;2267812546;0;0;0;63;0
160;9;0;22;9.8;3130;11:28:46.56;0;-26.13289;-17.23577;1;46.49;0;0;6;0;0;0;0;0;5;3;2267812656;0;0;0;63;0
228;9;0;21;9.5;4027;11:28:50.58;0;32.99332;-23.08960;1;50.50;0;0;6;0;0;0;0;0;6;3;2267813058;0;0;0;63;0
3;10;0;32;10.1;2289;11:28:50.54;0;4.71077;22.40363;1;50.47;0;0;6;0;0;0;0;0;6;3;2267813054;0;0;0;63;0
13;10;0;19;10.6;995;11:28:52.73;1;-8.36958;5.38473;1;52.65;0;0;6;0;0;0;0;0;6;3;2267813273;0;0;0;63;0
85;10;0;39;10.1;2346;11:28:54.72;0;-3.97304;23.12921;1;54.65;0;0;6;0;0;0;0;0;6;3;2267813472;0;0;0;63;0
42;10;0;27;10.1;2413;11:28:54.93;0;-23.80996;-3.97673;1;54.86;0;0;6;0;0;0;0;0;6;3;2267813493;0;0;0;63;0
27;10;0;12;10.1;2438;11:28:55.38;0;-23.34419;-7.04264;1;55.31;0;0;6;0;0;0;0;0;6;3;2267813538;0;0;0;63;0
156;10;0;25;10.7;567;11:28:55.60;1;-2.81167;-4.92467;1;55.53;0;0;6;0;0;0;0;0;6;3;2267813560;0;0;0;63;0
230;10;0;35;10.9;234;11:28:58.21;1;-1.78157;-1.52633;1;58.14;0;0;6;0;0;0;0;0;6;3;2267813821;0;0;0;63;0
73;10;0;28;10.5;1320;11:29:00.25;1;-12.66115;3.73795;1;60.18;0;0;6;0;0;0;0;0;6;3;2267814025;0;0;0;63;0
219;10;0;38;10.2;2052;11:29:01.11;0;-11.94575;16.69209;1;61.4;0;0;6;0;0;0;0;0;7;3;2267814111;0;0;0;63;0
207;10;0;34;10.1;2246;11:29:02.49;0;22.43927;-1.11574;1;62.42;0;0;6;0;0;0;0;0;6;3;2267814249;0;0;0;63;0
103;10;0;14;10.4;1530;11:29:01.17;0;14.59061;-4.62866;1;61.9;0;0;6;0;0;0;0;0;5;3;2267814117;0;0;0;63;0
34;9;0;26;9.8;3227;11:29:03.40;0;32.27936;-0.01668;1;63.33;0;0;6;0;0;0;0;0;7;3;2267814340;0;0;0;63;0
56;9;0;13;9.4;4206;11:29:03.77;0;-9.56157;-40.96011;1;63.69;0;0;6;0;0;0;0;0;7;3;2267814377;0;0;0;63;0
119;9;0;20;9.5;3925;11:29:06.86;0;38.49417;-7.70753;1;66.78;0;0;6;0;0;0;0;0;6;3;2267814686;0;0;0;63;0
60;9;0;15;9.6;3678;11:29:13.60;0;0.17916;-36.78595;1;73.52;0;0;6;0;0;0;0;0;7;3;2267815360;0;0;0;63;0
67;9;0;18;9.9;2933;11:29:14.94;0;-17.59746;23.47107;1;74.86;0;0;6;0;0;0;0;0;6;3;2267815494;0;0;0;63;0
160;8;0;22;8.2;7262;11:29:15.40;0;57.99692;43.71583;1;75.33;0;0;6;0;0;0;0;0;6;3;2267815540;0;0;0;63;0
131;9;0;17;9.8;3253;11:29:17.74;0;32.49375;1.56894;1;77.66;0;0;6;0;0;0;0;0;6;3;2267815774;0;0;0;63;0
170;9;0;40;9.1;5013;11:29:19.02;0;-10.61220;-49.00245;1;78.95;0;0;6;0;0;0;0;0;7;3;2267815902;0;0;0;63;0
213;8;0;31;8.7;5956;11:29:21.88;0;37.77052;-46.06230;1;81.81;0;0;6;0;0;0;0;0;6;3;2267816188;0;0;0;63;0
79;10;0;16;10.1;2403;11:29:23.43;0;-5.52510;23.39247;1;83.35;0;0;6;0;0;0;0;0;7;3;2267816343;0;0;0;63;0
94;10;0;30;10.7;764;11:29:23.56;1;-6.53969;3.96433;1;83.49;0;0;6;0;0;0;0;0;7;3;2267816356;0;0;0;63;0
85;10;0;39;10.5;1314;11:29:25.17;1;11.87268;-5.63290;1;85.10;0;0;6;0;0;0;0;0;7;3;2267816517;0;0;0;63;0
228;10;0;21;10.4;1504;11:29:25.65;1;-0.63595;15.03346;1;85.57;0;0;6;0;0;0;0;0;7;3;2267816565;0;0;0;63;0
219;9;0;38;9.2;4761;11:29:26.72;0;31.98597;35.27677;1;86.65;0;0;6;0;0;0;0;0;8;3;2267816672;0;0;0;63;0
222;10;0;23;10.4;1535;11:29:26.84;0;-13.15936;7.90942;1;86.77;0;0;6;0;0;0;0;0;7;3;2267816684;0;0;0;63;0
13;9;0;19;9.6;3638;11:29:28.17;0;-17.47110;-31.91308;1;88.9;0;0;6;0;0;0;0;0;7;3;2267816817;0;0;0;63;0
3;10;0;32;10.2;2069;11:29:28.99;0;20.69676;0.12920;1;88.92;0;0;6;0;0;0;0;0;7;3;2267816899;0;0;0;63;0
66;9;0;24;9.0;5123;11:29:29.97;0;-49.64207;12.69021;1;89.90;0;0;6;0;0;0;0;0;6;3;2267816997;0;0;0;63;0
27;10;0;12;10.5;1268;11:29:30.57;1;-9.62955;-8.25951;1;90.50;0;0;6;0;0;0;0;0;7;3;2267817057;0;0;0;63;0
224;9;0;37;9.1;4855;11:29:32.10;0;47.28444;-11.05635;1;92.3;0;0;6;0;0;0;0;0;7;3;2267817210;0;0;0;63;0
56;10;0;13;10.1;2416;11:29:33.17;0;-24.14731;-1.02786;1;93.9;0;0;6;0;0;0;0;0;8;3;2267817317;0;0;0;63;0
144;10;0;33;10.5;1300;11:29:33.93;1;-10.86612;-7.14922;1;93.85;0;0;6;0;0;0;0;0;7;3;2267817393;0;0;0;63;0
103;9;0;14;9.4;4081;11:29:34.30;0;40.70079;-3.01356;1;94.22;0;0;6;0;0;0;0;0;6;3;2267817430;0;0;0;63;0
34;9;0;26;9.6;3596;11:29:34.30;0;34.41721;-10.42959;1;94.23;0;0;6;0;0;0;0;0;8;3;2267817430;0;0;0;63;0
156;10;0;25;10.1;2291;11:29:35.62;0;-19.21494;12.48710;1;95.55;0;0;6;0;0;0;0;0;7;3;2267817562;0;0;0;63;0
42;10;0;27;10.4;1528;11:29:36.10;1;-14.87052;3.52915;1;96.3;0;0;6;0;0;0;0;0;7;3;2267817610;0;0;0;63;0
73;10;0;28;10.0;2553;11:29:45.65;0;-25.01268;-5.14001;1;105.58;0;0;6;0;0;0;0;0;7;3;2267818565;0;0;0;63;0
230;9;0;35;9.5;3979;11:29:47.11;0;-12.10336;37.91318;1;107.4;0;0;6;0;0;0;0;0;7;3;2267818711;0;0;0;63;0
228;10;0;21;10.1;2379;11:29:48.61;0;4.19586;-23.42631;1;108.53;0;0;6;0;0;0;0;0;8;3;2267818861;0;0;0;63;0
160;10;0;22;10.4;1474;11:29:49.65;1;13.72191;-5.38633;1;109.58;0;0;6;0;0;0;0;0;7;3;2267818965;0;0;0;63;0
219;10;0;38;10.2;2011;11:29:53.35;0;0.46203;-20.10491;1;113.28;0;0;6;0;0;1;0;0;9;3;2267819335;0;0;0;63;0
94;9;0;30;9.9;2812;11:29:54.51;0;1.70109;28.07214;1;114.44;0;0;6;0;0;0;0;0;8;3;2267819451;0;0;0;63;0
131;9;0;17;9.6;3664;11:29:55.88;0;26.61235;-25.19877;1;115.80;0;0;6;0;0;0;0;0;7;3;2267819588;0;0;0;63;0
119;10;0;20;10.5;1275;11:29:56.82;1;3.44087;-12.28422;1;116.74;0;0;6;0;0;0;0;0;7;3;2267819682;0;0;0;63;0
222;10;0;23;10.4;1519;11:29:58.37;1;11.53719;9.88930;1;118.30;0;0;6;0;0;0;0;0;8;3;2267819837;0;0;0;63;0
170;9;0;40;9.2;4547;11:30:00.04;0;24.45549;-38.33978;1;119.97;0;0;6;0;0;0;0;0;8;3;2267820004;0;0;0;63;0
85;10;0;39;10.3;1789;11:30:03.45;0;-15.92946;8.14729;1;123.38;0;0;6;0;0;0;0;0;8;3;2267820345;0;0;0;63;0
56;10;0;13;10.0;2552;11:30:04.69;0;-23.31773;-10.38936;1;124.61;0;0;6;0;0;1;0;0;9;3;2267820469;0;0;0;63;0
13;9;0;19;9.5;3851;11:30:05.13;0;32.61968;20.47749;1;125.5;0;0;6;0;0;0;0;0;8;3;2267820513;0;0;0;63;0
207;9;0;34;9.6;3622;11:30:05.60;0;-0.60814;36.22396;1;125.53;0;0;6;0;0;0;0;0;7;3;2267820560;0;0;0;63;0
213;10;0;31;10.5;1321;11:30:06.81;1;-13.21019;-0.35218;1;126.74;0;0;6;0;0;0;0;0;7;3;2267820681;0;0;0;63;0
27;10;0;12;10.3;1789;11:30:06.97;0;-16.76451;6.26084;1;126.90;0;0;6;0;0;0;0;0;8;3;2267820697;0;0;0;63;0
67;10;0;18;10.1;2457;11:30:07.15;0;24.15398;4.53730;1;127.7;0;0;6;0;0;0;0;0;7;3;2267820715;0;0;0;63;0
3;10;0;32;10.2;1980;11:30:07.84;0;-15.00886;12.91454;1;127.77;0;0;6;0;0;0;0;0;8;3;2267820784;0;0;0;63;0
103;10;0;14;10.6;900;11:30:10.16;1;6.73647;-5.97327;1;130.8;0;0;6;0;0;0;0;0;7;3;2267821016;0;0;0;63;0
228;10;0;21;10.1;2301;11:30:13.30;0;5.79552;22.27652;1;133.22;0;0;6;0;0;1;0;0;9;3;2267821330;0;0;0;63;0
156;9;0;25;9.9;2840;11:30:13.48;0;-22.45110;17.40262;1;133.41;0;0;6;0;0;0;0;0;8;3;2267821348;0;0;0;63;0
66;10;0;24;10.0;2614;11:30:14.29;0;-15.09261;-21.34598;1;134.22;0;0;6;0;0;0;0;0;7;3;2267821429;0;0;0;63;0
42;10;0;27;10.8;459;11:30:15.97;1;1.35592;-4.39380;1;135.90;0;0;6;0;0;0;0;0;8;3;2267821597;0;0;0;63;0
144;8;0;33;8.4;6675;11:30:19.12;0;14.30955;65.20502;1;139.4;0;0;6;0;0;0;0;0;8;3;2267821912;0;0;0;63;0
160;9;0;22;9.9;3024;11:30:21.69;0;23.57496;18.94355;1;141.62;0;0;6;0;0;0;0;0;8;3;2267822169;0;0;0;63;0
34;9;0;26;9.9;2806;11:30:25.58;0;16.84521;22.45219;1;145.51;0;0;6;0;0;1;0;0;9;3;2267822558;0;0;0;63;0
73;9;0;28;9.3;4311;11:30:26.67;0;5.08008;-42.81051;1;146.60;0;0;6;0;0;0;0;0;8;3;2267822667;0;0;0;63;0
222;10;0;23;10.1;2401;11:30:30.21;0;3.73992;-23.72702;1;150.14;0;0;6;0;0;1;0;0;9;3;2267823021;0;0;0;63;0
94;10;0;30;10.0;2643;11:30:30.81;0;-20.48603;-16.71213;1;150.74;0;0;6;0;0;1;0;0;9;3;2267823081;0;0;0;63;0
79;9;0;16;9.2;4723;11:30:33.86;0;33.32105;-33.47750;1;153.78;0;0;6;0;0;0;0;0;8;3;2267823386;0;0;0;63;0
27;9;0;12;9.8;3217;11:30:42.12;0;-28.84520;-14.24851;1;162.5;0;0;6;0;0;1;0;0;9;3;2267824212;0;0;0;63;0
103;10;0;14;10.5;1364;11:30:44.76;1;11.81156;-6.83501;1;164.68;0;0;6;0;0;0;0;0;8;3;2267824476;0;0;0;63;0
119;9;0;20;9.5;4007;11:30:45.13;0;38.08570;-12.47632;1;165.5;0;0;6;0;0;0;0;0;8;3;2267824513;0;0;0;63;0
3;10;0;32;10.5;1197;11:30:46.17;1;6.50340;-10.05147;1;166.10;0;0;6;0;0;1;0;0;9;3;2267824617;0;0;0;63;0
85;10;0;39;10.0;2705;11:30:45.82;0;26.88788;3.00451;1;165.75;0;0;6;0;0;1;0;0;9;3;2267824582;0;0;0;63;0
60;9;0;15;9.6;3744;11:30:46.38;0;2.95537;37.32383;1;166.30;0;0;6;0;0;0;0;0;8;3;2267824638;0;0;0;63;0
131;10;0;17;10.8;328;11:30:46.56;1;2.04880;-2.56919;1;166.48;0;0;6;0;0;0;0;0;8;3;2267824656;0;0;0;63;0
67;10;0;18;10.0;2516;11:30:47.85;0;-13.60291;-21.16691;1;167.77;0;0;6;0;0;0;0;0;8;3;2267824785;0;0;0;63;0
170;10;0;40;10.3;1907;11:30:48.39;0;19.07472;-0.22648;1;168.32;0;0;6;0;0;1;0;0;9;3;2267824839;0;0;0;63;0
66;9;0;24;9.4;4202;11:30:53.77;0;-31.45469;27.86851;1;173.70;0;0;6;0;0;0;0;0;8;3;2267825377;0;0;0;63;0
156;10;0;25;10.3;1754;11:30:58.08;0;-1.21842;-17.49979;1;178.1;0;0;6;0;0;1;0;0;9;3;2267825808;0;0;0;63;0
160;8;0;22;8.9;5458;11:30:58.54;0;4.62994;54.39147;1;178.47;0;0;6;0;0;1;0;0;9;3;2267825854;0;0;0;63;0
213;9;0;31;9.8;3100;11:30:59.53;0;-22.36712;-21.46765;1;179.46;0;0;6;0;0;0;0;0;8;3;2267825953;0;0;0;63;0
224;10;0;37;10.2;2015;11:31:01.23;0;0.73774;-20.14464;1;181.16;0;0;6;0;0;0;0;0;8;3;2267826123;0;0;0;63;0
144;10;0;33;10.4;1581;11:31:01.53;0;10.80439;11.55078;1;181.45;0;0;6;0;0;1;0;0;9;3;2267826153;0;0;0;63;0
13;9;0;19;9.3;4282;11:31:06.64;0;34.96577;24.72781;1;186.56;0;0;6;0;0;1;0;0;9;3;2267826664;0;0;0;63;0
207;10;0;34;10.6;958;11:31:06.97;1;6.23005;-7.28193;1;186.90;0;0;6;0;0;0;0;0;8;3;2267826697;0;0;0;63;0
60;10;0;15;10.1;2473;11:31:11.48;0;-19.11738;-15.69449;1;191.40;0;0;6;0;0;1;0;0;9;3;2267827148;0;0;0;63;0
73;9;0;28;9.6;3651;11:31:16.87;0;-34.66941;-11.45455;1;196.80;0;0;6;0;0;1;0;0;9;3;2267827687;0;0;0;63;0
103;10;0;14;10.4;1430;11:31:18.02;1;5.85502;13.05469;1;197.94;0;0;6;0;0;1;0;0;9;3;2267827802;0;0;0;63;0
230;8;0;35;8.8;5545;11:31:27.25;0;18.54189;-52.25946;1;207.18;0;0;6;0;0;0;0;0;8;3;2267828725;0;0;0;63;0
131;9;0;17;9.4;4098;11:31:28.22;0;-37.26969;17.04827;1;208.14;0;0;6;0;0;1;0;0;9;3;2267828822;0;0;0;63;0
67;10;0;18;10.5;1330;11:31:32.98;1;12.46411;-4.66923;1;212.90;0;0;6;0;0;1;0;0;9;3;2267829298;0;0;0;63;0
42;10;0;27;10.2;1991;11:31:35.96;0;-19.71904;2.75375;1;215.89;0;0;6;0;0;1;0;0;9;3;2267829596;0;0;0;63;0
119;9;0;20;9.8;3203;11:31:37.74;0;28.23951;15.12143;1;217.66;0;0;6;0;0;1;0;0;9;3;2267829774;0;0;0;63;0
66;10;0;24;10.0;2706;11:31:38.74;0;-3.96770;26.77074;1;218.67;0;0;6;0;0;1;0;0;9;3;2267829874;0;0;0;63;0
224;10;0;37;10.4;1595;11:31:42.06;0;-14.85704;5.82783;1;221.99;0;0;6;0;0;1;0;0;9;3;2267830206;0;0;0;63;0
213;10;0;31;10.0;2743;11:31:44.08;0;-10.08741;-25.51585;1;224.1;0;0;6;0;0;1;0;0;9;3;2267830408;0;0;0;63;0
79;10;0;16;10.4;1410;11:31:48.40;1;-13.30797;-4.66716;1;228.32;0;0;6;0;0;1;0;0;9;3;2267830840;0;0;0;63;0
207;9;0;34;9.7;3487;11:31:54.16;0;-7.09394;-34.14109;1;234.9;0;0;6;0;0;1;0;0;9;3;2267831416;0;0;0;63;0
230;10;0;35;10.7;598;11:32:08.25;1;5.98300;-0.10234;1;248.18;0;0;6;0;0;1;0;0;9;3;2267832825;0;0;0;63;0
219;9;1;38;9.7;3331;11:35:32.80;0;15.33309;-29.57489;1;7.72;0;0;6;0;0;0;1;1;12;3;2267853280;0;0;0;63;0
224;9;1;37;9.8;3115;11:35:35.77;0;30.36905;6.96104;1;10.69;0;0;6;0;0;0;1;1;12;3;2267853577;0;0;0;63;0
230;9;1;35;9.9;2972;11:35:36.01;0;1.08234;-29.70363;1;10.93;0;0;6;0;0;0;1;1;12;3;2267853601;0;0;0;63;0
103;9;1;14;9.4;4034;11:35:36.63;0;-24.73485;31.87648;1;11.54;0;0;6;0;0;0;1;1;12;3;2267853663;0;0;0;63;0
144;9;1;33;9.3;4442;11:35:36.63;0;31.68926;31.13399;1;11.55;0;0;6;0;0;0;1;1;12;3;2267853663;0;0;0;63;0
34;9;1;26;9.3;4401;11:35:37.98;0;-25.47572;35.89464;1;12.89;0;0;6;0;0;0;1;1;12;3;2267853798;0;0;0;63;0
228;9;1;21;9.5;3798;11:35:39.12;0;-20.18024;32.18413;1;14.4;0;0;6;0;0;0;1;1;12;3;2267853912;0;0;0;63;0
222;10;1;23;10.2;2145;11:35:39.43;0;-19.33458;9.29403;1;14.35;0;0;6;0;0;0;1;1;12;3;2267853943;0;0;0;63;0
170;9;1;40;9.9;2909;11:35:39.74;0;25.81376;-13.42450;1;14.65;0;0;6;0;0;0;1;1;12;3;2267853974;0;0;0;63;0
79;10;1;16;10.6;1058;11:35:40.61;1;-0.26355;10.57916;1;15.52;0;0;6;0;0;0;1;1;12;3;2267854061;0;0;0;63;0
73;10;1;28;10.7;648;11:35:41.94;1;3.43343;-5.49756;1;16.86;0;0;6;0;0;0;1;1;12;3;2267854194;0;0;0;63;0
56;10;1;13;10.0;2686;11:35:42.04;0;-26.77478;-2.24652;1;16.94;0;0;6;0;0;0;1;1;12;3;2267854204;0;0;0;63;0
42;9;1;27;9.7;3342;11:35:44.35;0;-10.69363;31.67293;1;19.26;0;0;6;0;0;0;1;1;12;3;2267854435;0;0;0;63;0
3;10;1;32;10.1;2468;11:35:45.20;0;-24.16459;5.04267;1;20.12;0;0;6;0;0;0;1;1;12;3;2267854520;0;0;0;63;0
207;9;1;34;9.2;4629;11:35:48.20;0;-1.59174;46.26599;1;23.12;0;0;6;0;0;0;1;1;12;3;2267854820;0;0;0;63;0
60;10;1;15;10.2;2043;11:35:48.47;0;-5.45843;-19.69087;1;23.38;0;0;6;0;0;0;1;1;12;3;2267854847;0;0;0;63;0
119;9;1;20;9.6;3733;11:35:53.43;0;20.98295;30.87901;1;28.34;0;0;6;0;0;0;1;1;12;3;2267855343;0;0;0;63;0
85;9;1;39;9.5;3865;11:35:54.90;0;-30.81938;23.32657;1;29.81;0;0;6;0;0;0;1;1;12;3;2267855490;0;0;0;63;0
13;10;1;19;10.7;587;11:35:55.99;1;4.14472;4.16414;1;30.89;0;0;6;0;0;0;1;1;12;3;2267855599;0;0;0;63;0
27;10;1;12;10.3;1727;11:35:56.77;0;4.08804;16.78711;1;31.68;0;0;6;0;0;0;1;1;12;3;2267855677;0;0;0;63;0
219;8;1;38;8.6;6183;11:35:58.69;0;14.07892;-60.21377;1;33.61;0;0;6;0;0;0;1;1;13;3;2267855869;0;0;0;63;0
34;10;1;26;10.7;654;11:36:04.82;1;-6.53669;0.36494;1;39.73;0;0;6;0;0;0;1;1;13;3;2267856482;0;0;0;63;0
156;10;1;25;10.2;2171;11:36:05.50;0;-17.68688;-12.60313;1;40.42;0;0;6;0;0;0;1;1;12;3;2267856550;0;0;0;63;0
222;10;1;23;10.1;2231;11:36:08.32;0;3.64901;-22.01430;1;43.24;0;0;6;0;0;0;1;1;13;3;2267856832;0;0;0;63;0
66;10;1;24;10.1;2381;11:36:08.20;0;-0.74769;-23.80235;1;43.12;0;0;6;0;0;0;1;1;12;3;2267856820;0;0;0;63;0
131;9;1;17;9.3;4335;11:36:09.64;0;12.03409;-41.65503;1;44.55;0;0;6;0;0;0;1;1;12;3;2267856964;0;0;0;63;0
79;10;1;16;10.0;2543;11:36:11.69;0;-10.31790;23.24404;1;46.60;0;0;6;0;0;0;1;1;13;3;2267857169;0;0;0;63;0
228;10;1;21;10.7;656;11:36:11.96;1;6.08798;2.45905;1;46.88;0;0;6;0;0;0;1;1;13;3;2267857196;0;0;0;63;0
213;9;1;31;9.0;5116;11:36:13.14;0;45.64361;23.12591;1;48.6;0;0;6;0;0;0;1;1;12;3;2267857314;0;0;0;63;0
94;10;1;30;10.6;1088;11:36:16.03;1;-7.61285;-7.77916;1;50.95;0;0;6;0;0;0;1;1;12;3;2267857603;0;0;0;63;0
170;10;1;40;10.0;2586;11:36:17.12;0;10.80462;-23.50275;1;52.3;0;0;6;0;0;0;1;1;13;3;2267857712;0;0;0;63;0
3;9;1;32;9.7;3407;11:36:19.29;0;-28.22211;19.10109;1;54.21;0;0;6;0;0;0;1;1;13;3;2267857929;0;0;0;63;0
144;10;1;33;10.4;1420;11:36:21.71;1;3.70271;13.71228;1;56.63;0;0;6;0;0;0;1;1;13;3;2267858171;0;0;0;63;0
224;9;1;37;9.0;5081;11:36:21.95;0;41.62721;-29.14874;1;56.87;0;0;6;0;0;0;1;1;13;3;2267858195;0;0;0;63;0
34;10;1;26;10.5;1288;11:36:28.97;1;10.89676;6.87608;1;63.88;0;0;6;0;0;0;1;1;14;3;2267858897;0;0;0;63;0
219;10;1;38;10.0;2735;11:36:30.03;0;26.58930;6.41302;1;64.95;0;0;6;0;0;0;1;1;14;3;2267859003;0;0;0;63;0
160;9;1;22;9.4;4115;11:36:29.50;0;-38.60763;14.25561;1;64.42;0;0;6;0;0;0;1;1;12;3;2267858950;0;0;0;63;0
27;9;1;12;9.2;4734;11:36:32.30;0;33.82893;-33.12173;1;67.21;0;0;6;0;0;0;1;1;13;3;2267859230;0;0;0;63;0
13;10;1;19;10.3;1764;11:36:34.50;0;14.90477;-9.44350;1;69.40;0;0;6;0;0;0;1;1;13;3;2267859450;0;0;0;63;0
228;10;1;21;10.2;1965;11:36:34.62;0;12.15299;15.45095;1;69.54;0;0;6;0;0;0;1;1;14;3;2267859462;0;0;0;63;0
85;10;1;39;10.7;768;11:36:36.12;1;2.69813;7.19428;1;71.3;0;0;6;0;0;0;1;1;13;3;2267859612;0;0;0;63;0
222;10;1;23;10.4;1441;11:36:37.19;1;-3.00492;-14.09905;1;72.11;0;0;6;0;0;0;1;1;14;3;2267859719;0;0;0;63;0
156;10;1;25;10.6;1037;11:36:39.41;1;-9.67778;-3.74665;1;74.33;0;0;6;0;0;0;1;1;13;3;2267859941;0;0;0;63;0
94;9;1;30;9.7;3393;11:36:45.82;0;-13.38499;-31.17849;1;80.74;0;0;6;0;0;0;1;1;13;3;2267860582;0;0;0;63;0
67;10;1;18;10.7;790;11:36:46.42;1;5.07007;6.06904;1;81.33;0;0;6;0;0;0;1;1;12;3;2267860642;0;0;0;63;0
103;9;1;14;9.6;3730;11:36:48.81;0;-25.19909;-27.51218;1;83.72;0;0;6;0;0;0;1;1;13;3;2267860881;0;0;0;63;0
170;10;1;40;10.3;1736;11:36:49.33;0;-16.16445;-6.34997;1;84.24;0;0;6;0;0;0;1;1;14;3;2267860933;0;0;0;63;0
119;10;1;20;10.1;2406;11:36:50.22;0;14.12144;-19.48432;1;85.13;0;0;6;0;0;0;1;1;13;3;2267861022;0;0;0;63;0
207;9;1;34;9.1;4866;11:36:50.84;0;-9.64337;-47.69747;1;85.76;0;0;6;0;0;0;1;1;13;3;2267861084;0;0;0;63;0
56;10;1;13;10.3;1794;11:36:51.39;0;-17.38339;-4.46704;1;86.29;0;0;6;0;0;0;1;1;13;3;2267861139;0;0;0;63;0
131;10;1;17;10.3;1858;11:36:51.39;0;-1.67941;18.50833;1;86.30;0;0;6;0;0;0;1;1;13;3;2267861139;0;0;0;63;0
213;10;1;31;10.3;1798;11:36:54.23;0;-15.41538;-9.26752;1;89.15;0;0;6;0;0;0;1;1;13;3;2267861423;0;0;0;63;0
160;10;1;22;10.0;2521;11:36:55.45;0;-11.21205;-22.58366;1;90.37;0;0;6;0;0;0;1;1;13;3;2267861545;0;0;0;63;0
3;10;1;32;10.4;1539;11:36:56.79;0;-14.08267;6.22883;1;91.71;0;0;6;0;0;0;1;1;14;3;2267861679;0;0;0;63;0
73;9;1;28;9.0;5057;11:36:57.76;0;50.21082;-6.03547;1;92.68;0;0;6;0;0;0;1;1;13;3;2267861776;0;0;0;63;0
13;9;1;19;9.9;2889;11:37:03.50;0;-15.70833;-24.24989;1;98.40;0;0;6;0;0;0;1;1;14;3;2267862350;0;0;0;63;0
219;9;1;38;9.8;3095;11:37:03.79;0;30.93440;1.08360;1;98.71;0;0;6;0;0;0;1;1;15;3;2267862379;0;0;0;63;0
224;10;1;37;10.7;585;11:37:06.18;1;3.61890;4.60284;1;101.10;0;0;6;0;0;0;1;1;14;3;2267862618;0;0;0;63;0
42;9;1;27;9.4;4036;11:37:06.77;0;17.18938;36.52318;1;101.68;0;0;6;0;0;0;1;1;13;3;2267862677;0;0;0;63;0
144;9;1;33;9.4;4263;11:37:09.15;0;-42.43721;4.11979;1;104.7;0;0;6;0;0;0;1;1;14;3;2267862915;0;0;0;63;0
27;9;1;12;9.3;4345;11:37:10.40;0;-18.99128;-39.08381;1;105.31;0;0;6;0;0;0;1;1;14;3;2267863040;0;0;0;63;0
79;10;1;16;10.8;374;11:37:14.59;1;-3.59208;-1.07637;1;109.50;0;0;6;0;0;0;1;1;14;3;2267863459;0;0;0;63;0
66;9;1;24;9.7;3366;11:37:16.58;0;3.95600;33.43031;1;111.50;0;0;6;0;0;0;1;1;13;3;2267863658;0;0;0;63;0
156;9;1;25;9.7;3508;11:37:17.15;0;-4.08214;-34.84897;1;112.7;0;0;6;0;0;0;1;1;14;3;2267863715;0;0;0;63;0
160;10;1;22;10.2;2025;11:37:21.26;0;-19.15710;-6.58226;1;116.18;0;0;6;0;0;0;1;1;14;3;2267864126;0;0;0;63;0
94;9;1;30;9.6;3556;11:37:23.38;0;17.28872;-31.07964;1;118.30;0;0;6;0;0;0;1;1;14;3;2267864338;0;0;0;63;0
60;9;1;15;9.7;3511;11:37:26.57;0;-34.97291;3.14822;1;121.48;0;0;6;0;0;0;1;1;13;3;2267864657;0;0;0;63;0
103;10;1;14;10.3;1719;11:37:28.10;0;9.93024;14.04370;1;123.1;0;0;6;0;0;0;1;1;14;3;2267864810;0;0;0;63;0
56;10;1;13;10.5;1190;11:37:29.88;1;-6.80131;-9.77189;1;124.78;0;0;6;0;0;0;1;1;14;3;2267864988;0;0;0;63;0
34;9;1;26;9.6;3674;11:37:30.42;0;-36.59604;-3.33331;1;125.33;0;0;6;0;0;0;1;1;15;3;2267865042;0;0;0;63;0
131;10;1;17;10.8;469;11:37:31.47;1;-4.69278;-0.15073;1;126.38;0;0;6;0;0;0;1;1;14;3;2267865147;0;0;0;63;0
119;10;1;20;10.4;1665;11:37:32.53;0;-5.30446;15.78803;1;127.44;0;0;6;0;0;0;1;1;14;3;2267865253;0;0;0;63;0
222;10;1;23;10.0;2649;11:37:32.64;0;20.11569;17.24601;1;127.56;0;0;6;0;0;0;1;1;15;3;2267865264;0;0;0;63;0
230;9;1;35;9.1;4814;11:37:32.99;0;3.00239;-48.04634;1;127.91;0;0;6;0;0;0;1;1;13;3;2267865299;0;0;0;63;0
170;10;1;40;10.2;2183;11:37:32.97;0;-8.61346;-20.06674;1;127.88;0;0;6;0;0;0;1;1;15;3;2267865297;0;0;0;63;0
3;9;1;32;9.0;5143;11:37:33.56;0;-51.19603;-4.94628;1;128.48;0;0;6;0;0;0;1;1;15;3;2267865356;0;0;0;63;0
207;9;1;34;9.6;3630;11:37:35.62;0;19.48094;-30.63254;1;130.54;0;0;6;0;0;0;1;1;14;3;2267865562;0;0;0;63;0
13;10;1;19;10.2;2121;11:37:38.06;0;13.25449;16.55985;1;132.96;0;0;6;0;0;0;1;1;15;3;2267865806;0;0;0;63;0
213;9;1;31;9.9;2879;11:37:38.31;0;15.05343;24.54659;1;133.23;0;0;6;0;0;0;1;1;14;3;2267865831;0;0;0;63;0
73;10;1;28;10.5;1179;11:37:43.24;1;11.76985;0.71072;1;138.16;0;0;6;0;0;0;1;1;14;3;2267866324;0;0;0;63;0
79;8;1;16;8.6;6098;11:37:48.31;0;-27.95393;-54.20342;1;143.22;0;0;6;0;0;0;1;1;15;3;2267866831;0;0;0;63;0
160;10;1;22;10.4;1443;11:37:53.09;1;11.78380;-8.33296;1;148.1;0;0;6;0;0;0;1;1;15;3;2267867309;0;0;0;63;0
228;9;1;21;9.8;3032;11:37:54.43;0;-9.29802;28.86791;1;149.35;0;0;6;0;0;0;1;1;15;3;2267867443;0;0;0;63;0
224;10;1;37;10.4;1662;11:37:54.70;0;3.37402;-16.27557;1;149.62;0;0;6;0;0;0;1;1;15;3;2267867470;0;0;0;63;0
144;9;1;33;9.8;3075;11:37:55.96;0;-9.91541;-29.10918;1;150.88;0;0;6;0;0;0;1;1;15;3;2267867596;0;0;0;63;0
27;8;1;12;8.1;7510;11:37:56.10;0;11.36187;-74.23582;1;151.1;0;0;6;0;0;0;1;1;15;3;2267867610;0;0;0;63;0
60;9;1;15;9.9;2945;11:37:59.95;0;-10.29384;-27.59905;1;154.86;0;0;6;0;0;0;1;1;14;3;2267867995;0;0;0;63;0
230;10;1;35;10.2;2102;11:38:00.35;0;-15.42459;-14.28790;1;155.27;0;0;6;0;0;0;1;1;14;3;2267868035;0;0;0;63;0
85;9;1;39;9.7;3457;11:38:03.05;0;34.14377;5.43068;1;157.96;0;0;6;0;0;0;1;1;14;3;2267868305;0;0;0;63;0
67;10;1;18;10.2;1949;11:38:03.63;0;10.29402;16.55725;1;158.54;0;0;6;0;0;0;1;1;13;3;2267868363;0;0;0;63;0
156;9;1;25;9.9;2970;11:38:04.79;0;5.00524;-29.27726;1;159.71;0;0;6;0;0;0;1;1;15;3;2267868479;0;0;0;63;0
56;9;1;13;9.3;4404;11:38:04.96;0;36.82874;24.15778;1;159.86;0;0;6;0;0;0;1;1;15;3;2267868496;0;0;0;63;0
42;10;1;27;10.2;2207;11:38:07.89;0;-6.50834;21.09723;1;162.80;0;0;6;0;0;0;1;1;14;3;2267868789;0;0;0;63;0
219;8;1;38;8.4;6677;11:38:08.71;0;3.44364;-66.68869;1;163.63;0;0;6;0;0;1;1;1;16;3;2267868871;0;0;0;63;0
170;9;1;40;9.7;3437;11:38:15.13;0;-32.49991;11.18934;1;170.4;0;0;6;0;0;1;1;1;16;3;2267869513;0;0;0;63;0
13;10;1;19;10.2;2093;11:38:15.92;0;6.43527;19.91952;1;170.82;0;0;6;0;0;1;1;1;16;3;2267869592;0;0;0;63;0
73;10;1;28;10.2;2051;11:38:16.86;0;19.30245;6.93421;1;171.78;0;0;6;0;0;0;1;1;15;3;2267869686;0;0;0;63;0
94;10;1;30;10.2;2159;11:38:18.79;0;-12.18341;17.83387;1;173.71;0;0;6;0;0;0;1;1;15;3;2267869879;0;0;0;63;0
131;9;1;17;9.5;3815;11:38:20.12;0;-15.82489;34.71573;1;175.3;0;0;6;0;0;0;1;1;15;3;2267870012;0;0;0;63;0
228;10;1;21;10.8;476;11:38:20.25;1;-2.20929;4.21752;1;175.17;0;0;6;0;0;1;1;1;16;3;2267870025;0;0;0;63;0
119;9;1;20;9.3;4376;11:38:20.88;0;34.55077;-26.86650;1;175.79;0;0;6;0;0;0;1;1;15;3;2267870088;0;0;0;63;0
79;10;1;16;10.0;2531;11:38:25.21;0;-12.04671;-22.26952;1;180.12;0;0;6;0;0;1;1;1;16;3;2267870521;0;0;0;63;0
66;10;1;24;10.5;1305;11:38:24.92;1;3.88549;-12.46701;1;179.84;0;0;6;0;0;0;1;1;14;3;2267870492;0;0;0;63;0
207;10;1;34;10.6;915;11:38:29.94;1;8.78967;2.56567;1;184.86;0;0;6;0;0;0;1;1;15;3;2267870994;0;0;0;63;0
85;10;1;39;10.0;2695;11:38:31.68;0;26.78035;-3.07424;1;186.59;0;0;6;0;0;0;1;1;15;3;2267871168;0;0;0;63;0
103;9;1;14;9.8;3177;11:38:36.45;0;-8.85630;-30.51606;1;191.36;0;0;6;0;0;0;1;1;15;3;2267871645;0;0;0;63;0
60;10;1;15;10.4;1510;11:38:36.20;1;-4.31919;-14.47081;1;191.11;0;0;6;0;0;0;1;1;15;3;2267871620;0;0;0;63;0
144;10;1;33;10.0;2729;11:38:39.49;0;-26.94704;-4.32424;1;194.41;0;0;6;0;0;1;1;1;16;3;2267871949;0;0;0;63;0
27;10;1;12;10.6;914;11:38:40.14;1;4.53351;-7.94007;1;195.5;0;0;6;0;0;1;1;1;16;3;2267872014;0;0;0;63;0
222;8;1;23;8.9;5373;11:38:42.79;0;-25.62562;-47.23661;1;197.71;0;0;6;0;0;1;1;1;16;3;2267872279;0;0;0;63;0
56;10;1;13;10.8;432;11:38:45.00;1;4.32664;-0.01964;1;199.90;0;0;6;0;0;1;1;1;16;3;2267872500;0;0;0;63;0
67;10;1;18;10.2;1948;11:38:44.86;0;17.54970;8.45770;1;199.77;0;0;6;0;0;0;1;1;14;3;2267872486;0;0;0;63;0
160;10;1;22;10.7;684;11:38:45.07;1;6.68147;1.48885;1;199.99;0;0;6;0;0;1;1;1;16;3;2267872507;0;0;0;63;0
3;9;1;32;9.9;2829;11:38:47.52;0;3.58516;-28.06526;1;202.44;0;0;6;0;0;1;1;1;16;3;2267872752;0;0;0;63;0
34;10;1;26;10.2;2119;11:38:47.59;0;-19.03112;9.32935;1;202.50;0;0;6;0;0;1;1;1;16;3;2267872759;0;0;0;63;0
213;9;1;31;9.7;3363;11:38:52.24;0;-20.71323;26.50006;1;207.16;0;0;6;0;0;0;1;1;15;3;2267873224;0;0;0;63;0
66;8;1;24;8.9;5290;11:38:56.16;0;5.90595;-52.57877;1;211.8;0;0;6;0;0;0;1;1;15;3;2267873616;0;0;0;63;0
42;10;1;27;10.0;2649;11:39:03.62;0;12.15221;-23.53897;1;218.53;0;0;6;0;0;0;1;1;15;3;2267874362;0;0;0;63;0
230;9;1;35;9.8;3264;11:39:03.54;0;19.66765;-26.05488;1;218.46;0;0;6;0;0;0;1;1;15;3;2267874354;0;0;0;63;0
119;10;1;20;10.3;1926;11:39:04.17;0;4.97726;-18.61330;1;219.8;0;0;6;0;0;1;1;1;16;3;2267874417;0;0;0;63;0
131;10;1;17;10.0;2507;11:39:05.76;0;-24.42504;-5.68197;1;220.67;0;0;6;0;0;1;1;1;16;3;2267874576;0;0;0;63;0
60;8;1;15;8.9;5506;11:39:08.23;0;-29.38764;46.57270;1;223.14;0;0;6;0;0;1;1;1;16;3;2267874823;0;0;0;63;0
207;10;1;34;10.5;1186;11:39:10.94;1;-10.16863;-6.11819;1;225.86;0;0;6;0;0;1;1;1;16;3;2267875094;0;0;0;63;0
224;10;1;37;10.7;703;11:39:12.73;1;6.50058;-2.69531;1;227.65;0;0;6;0;0;1;1;1;16;3;2267875273;0;0;0;63;0
85;10;1;39;10.3;1769;11:39:13.63;0;-17.51924;-2.47580;1;228.54;0;0;6;0;0;1;1;1;16;3;2267875363;0;0;0;63;0
156;9;1;25;9.5;4002;11:39:22.77;0;10.45370;-38.63922;1;237.69;0;0;6;0;0;1;1;1;16;3;2267876277;0;0;0;63;0
73;10;1;28;10.6;972;11:39:26.57;1;-8.13876;-5.32215;1;241.49;0;0;6;0;0;1;1;1;16;3;2267876657;0;0;0;63;0
67;9;1;18;9.9;2985;11:39:34.17;0;-9.39105;28.33899;1;249.8;0;0;6;0;0;0;1;1;15;3;2267877417;0;0;0;63;0
66;9;1;24;9.8;3151;11:39:36.88;0;25.52277;18.49434;1;251.80;0;0;6;0;0;1;1;1;16;3;2267877688;0;0;0;63;0
213;10;1;31;10.2;2125;11:39:37.06;0;-1.64076;-21.19261;1;251.98;0;0;6;0;0;1;1;1;16;3;2267877706;0;0;0;63;0
94;9;1;30;9.8;3196;11:39:40.68;0;-30.87236;8.30192;1;255.60;0;0;6;0;0;1;1;1;16;3;2267878068;0;0;0;63;0
103;9;1;14;9.9;3024;11:39:48.62;0;29.98764;3.91815;1;263.53;0;0;6;0;0;1;1;1;16;3;2267878862;0;0;0;63;0
42;10;1;27;10.4;1615;11:39:53.52;0;14.65669;-6.80325;1;268.43;0;0;6;0;0;1;1;1;16;3;2267879352;0;0;0;63;0
230;10;1;35;10.3;1887;11:39:57.32;0;12.38187;14.24290;1;272.24;0;0;6;0;0;1;1;1;16;3;2267879732;0;0;0;63;0
67;9;1;18;9.8;3072;11:40:02.25;0;13.37042;27.66472;1;277.16;0;0;6;0;0;1;1;1;16;3;2267880225;0;0;0;63;0
170;10;1;40;10.3;1835;11:42:52.91;0;-3.74229;17.96475;1;8.97;0;0;6;0;0;0;2;1;19;3;2267897291;0;0;0;63;0
224;10;1;37;10.6;997;11:42:53.23;1;8.29494;5.54895;1;9.29;0;0;6;0;0;0;2;1;19;3;2267897323;0;0;0;63;0
34;10;1;26;10.0;2634;11:42:55.17;0;22.63111;-13.47834;1;11.23;0;0;6;0;0;0;2;1;19;3;2267897517;0;0;0;63;0
219;9;1;38;9.6;3777;11:42:56.82;0;-18.47374;-32.94680;1;12.88;0;0;6;0;0;0;2;1;19;3;2267897682;0;0;0;63;0
222;10;1;23;10.0;2681;11:42:58.86;0;-26.73665;-2.05722;1;14.92;0;0;6;0;0;0;2;1;19;3;2267897886;0;0;0;63;0
13;9;1;19;9.4;4105;11:42:59.96;0;-3.27011;40.92027;1;16.2;0;0;6;0;0;0;2;1;19;3;2267897996;0;0;0;63;0
228;9;1;21;9.9;2991;11:42:59.90;0;-6.53584;29.19616;1;15.96;0;0;6;0;0;0;2;1;19;3;2267897990;0;0;0;63;0
60;10;1;15;10.4;1410;11:43:01.65;1;13.59405;-3.76094;1;17.70;0;0;6;0;0;0;2;1;19;3;2267898165;0;0;0;63;0
42;9;1;27;9.5;3876;11:43:02.18;0;21.22996;-32.43868;1;18.24;0;0;6;0;0;0;2;1;19;3;2267898218;0;0;0;63;0
79;9;1;16;9.8;3049;11:43:02.57;0;11.58021;-28.20951;1;18.63;0;0;6;0;0;0;2;1;19;3;2267898257;0;0;0;63;0
3;10;1;32;10.4;1428;11:43:02.94;1;-9.63247;10.55039;1;19.0;0;0;6;0;0;0;2;1;19;3;2267898294;0;0;0;63;0
207;10;1;34;10.2;2034;11:43:04.09;0;-6.07186;19.41493;1;20.16;0;0;6;0;0;0;2;1;19;3;2267898409;0;0;0;63;0
131;9;1;17;9.6;3630;11:43:05.81;0;-31.31725;18.36961;1;21.87;0;0;6;0;0;0;2;1;19;3;2267898581;0;0;0;63;0
67;9;1;18;9.6;3744;11:43:05.35;0;0.50740;37.44496;1;21.41;0;0;6;0;0;0;2;1;19;3;2267898535;0;0;0;63;0
103;9;1;14;9.8;3044;11:43:07.33;0;18.57250;24.12532;1;23.38;0;0;6;0;0;0;2;1;19;3;2267898733;0;0;0;63;0
85;9;1;39;9.6;3648;11:43:15.06;0;-16.04454;-32.76820;1;31.13;0;0;6;0;0;0;2;1;19;3;2267899506;0;0;0;63;0
119;10;1;20;10.0;2765;11:43:17.22;0;22.15516;-16.55550;1;33.27;0;0;6;0;0;0;2;1;19;3;2267899722;0;0;0;63;0
219;9;1;38;9.4;4134;11:43:23.95;0;-12.91545;39.27786;1;40.1;0;0;6;0;0;0;2;1;20;3;2267900395;0;0;0;63;0
66;9;1;24;9.5;3966;11:43:23.46;0;-17.42606;35.63664;1;39.52;0;0;6;0;0;0;2;1;19;3;2267900346;0;0;0;63;0
222;9;1;23;9.9;2877;11:43:27.95;0;-27.88398;-7.12190;1;44.1;0;0;6;0;0;0;2;1;20;3;2267900795;0;0;0;63;0
230;9;1;35;9.3;4494;11:43:27.88;0;3.08314;44.83429;1;43.94;0;0;6;0;0;0;2;1;19;3;2267900788;0;0;0;63;0
27;10;1;12;10.5;1154;11:43:28.14;1;-1.43706;11.45933;1;44.19;0;0;6;0;0;0;2;1;19;3;2267900814;0;0;0;63;0
228;10;1;21;10.3;1806;11:43:29.04;0;17.85393;-2.74190;1;45.10;0;0;6;0;0;0;2;1;20;3;2267900904;0;0;0;63;0
73;9;1;28;9.7;3402;11:43:29.80;0;-26.43931;-21.42294;1;45.87;0;0;6;0;0;0;2;1;19;3;2267900980;0;0;0;63;0
94;10;1;30;10.9;219;11:43:30.35;1;-2.15027;-0.44870;1;46.41;0;0;6;0;0;0;2;1;19;3;2267901035;0;0;0;63;0
144;10;1;33;10.2;2086;11:43:30.48;0;12.43383;16.75051;1;46.54;0;0;6;0;0;0;2;1;19;3;2267901048;0;0;0;63;0
42;9;1;27;9.7;3282;11:43:35.90;0;-32.82542;-0.04335;1;51.96;0;0;6;0;0;0;2;1;20;3;2267901590;0;0;0;63;0
56;8;1;13;8.3;6842;11:43:35.86;0;4.88783;-68.24566;1;51.91;0;0;6;0;0;0;2;1;19;3;2267901586;0;0;0;63;0
13;10;1;19;10.3;1868;11:43:37.86;0;6.62790;-17.46510;1;53.92;0;0;6;0;0;0;2;1;20;3;2267901786;0;0;0;63;0
3;9;1;32;9.7;3385;11:43:38.38;0;9.31677;-32.55082;1;54.44;0;0;6;0;0;0;2;1;20;3;2267901838;0;0;0;63;0
79;10;1;16;10.0;2639;11:43:38.59;0;-26.16929;3.42890;1;54.65;0;0;6;0;0;0;2;1;20;3;2267901859;0;0;0;63;0
224;10;1;37;10.6;869;11:43:40.01;1;7.11833;5.00192;1;56.7;0;0;6;0;0;0;2;1;20;3;2267902001;0;0;0;63;0
213;10;1;31;10.1;2414;11:43:39.81;0;-9.69543;22.11202;1;55.88;0;0;6;0;0;0;2;1;19;3;2267901981;0;0;0;63;0
207;10;1;34;10.8;426;11:43:48.18;1;-1.60754;-3.94536;1;64.25;0;0;6;0;0;0;2;1;20;3;2267902818;0;0;0;63;0
131;10;1;17;10.5;1225;11:43:51.74;1;-12.24454;0.50889;1;67.80;0;0;6;0;0;0;2;1;20;3;2267903174;0;0;0;63;0
160;9;1;22;9.1;4845;11:43:51.37;0;47.45131;9.80728;1;67.43;0;0;6;0;0;0;2;1;19;3;2267903137;0;0;0;63;0
67;9;1;18;9.9;2890;11:43:55.55;0;19.47835;21.35247;1;71.61;0;0;6;0;0;0;2;1;20;3;2267903555;0;0;0;63;0
85;9;1;39;9.5;3927;11:43:57.98;0;-39.14043;3.29404;1;74.5;0;0;6;0;0;0;2;1;20;3;2267903798;0;0;0;63;0
27;10;1;12;10.5;1203;11:43:58.54;1;4.50001;-11.15691;1;74.59;0;0;6;0;0;0;2;1;20;3;2267903854;0;0;0;63;0
228;10;1;21;10.2;2149;11:43:59.42;0;3.37243;21.23031;1;75.48;0;0;6;0;0;0;2;1;21;3;2267903942;0;0;0;63;0
94;10;1;30;10.7;630;11:44:01.15;1;6.15314;1.39721;1;77.21;0;0;6;0;0;0;2;1;20;3;2267904115;0;0;0;63;0
156;9;1;25;9.4;4143;11:44:02.31;0;35.21560;21.82661;1;78.37;0;0;6;0;0;0;2;1;19;3;2267904231;0;0;0;63;0
170;10;1;40;10.2;2160;11:44:05.09;0;-10.18714;19.05056;1;81.15;0;0;6;0;0;0;2;1;20;3;2267904509;0;0;0;63;0
119;10;1;20;10.2;2200;11:44:07.65;0;13.11488;-17.67373;1;83.70;0;0;6;0;0;0;2;1;20;3;2267904765;0;0;0;63;0
34;10;1;26;10.6;852;11:44:09.23;1;-0.15962;-8.52174;1;85.29;0;0;6;0;0;0;2;1;20;3;2267904923;0;0;0;63;0
73;9;1;28;9.4;4035;11:44:08.87;0;22.70191;-33.36841;1;84.94;0;0;6;0;0;0;2;1;20;3;2267904887;0;0;0;63;0
219;8;1;38;8.0;7682;11:44:09.95;0;-72.68225;-24.88719;1;86.1;0;0;6;0;0;0;2;1;21;3;2267904995;0;0;0;63;0
230;9;1;35;9.6;3724;11:44:10.48;0;9.67295;35.96760;1;86.54;0;0;6;0;0;0;2;1;20;3;2267905048;0;0;0;63;0
13;10;1;19;10.1;2285;11:44:11.15;0;-20.93706;-9.15848;1;87.21;0;0;6;0;0;0;2;1;21;3;2267905115;0;0;0;63;0
42;10;1;27;10.8;474;11:44:11.61;1;-4.66919;0.84283;1;87.67;0;0;6;0;0;0;2;1;21;3;2267905161;0;0;0;63;0
3;9;1;32;9.9;2931;11:44:12.16;0;-25.87806;13.76672;1;88.22;0;0;6;0;0;0;2;1;21;3;2267905216;0;0;0;63;0
103;10;1;14;10.3;1874;11:44:12.40;0;15.87785;-9.96076;1;88.45;0;0;6;0;0;0;2;1;20;3;2267905240;0;0;0;63;0
79;10;1;16;10.0;2636;11:44:13.56;0;26.23796;2.62373;1;89.62;0;0;6;0;0;0;2;1;21;3;2267905356;0;0;0;63;0
144;10;1;33;10.5;1201;11:44:16.44;1;-8.91968;8.05548;1;92.50;0;0;6;0;0;0;2;1;20;3;2267905644;0;0;0;63;0
213;9;1;31;9.8;3095;11:44:19.01;0;27.23409;14.71489;1;95.8;0;0;6;0;0;0;2;1;20;3;2267905901;0;0;0;63;0
224;10;1;37;10.3;1888;11:44:22.99;0;18.88659;-0.35769;1;99.5;0;0;6;0;0;0;2;1;21;3;2267906299;0;0;0;63;0
228;10;1;21;10.8;439;11:44:25.53;1;-4.08594;-1.62139;1;101.59;0;0;6;0;0;0;2;1;22;3;2267906553;0;0;0;63;0
94;10;1;30;10.7;697;11:44:32.67;1;6.10813;3.36615;1;108.73;0;0;6;0;0;0;2;1;21;3;2267907267;0;0;0;63;0
222;10;1;23;10.5;1330;11:44:33.26;1;8.63496;-10.12460;1;109.32;0;0;6;0;0;0;2;1;21;3;2267907326;0;0;0;63;0
66;9;1;24;9.1;4947;11:44:34.98;0;16.50422;46.64232;1;111.4;0;0;6;0;0;0;2;1;20;3;2267907498;0;0;0;63;0
131;10;1;17;10.5;1141;11:44:38.56;1;-4.18758;10.61771;1;114.62;0;0;6;0;0;0;2;1;21;3;2267907856;0;0;0;63;0
60;10;1;15;10.7;677;11:44:39.32;1;-6.77358;-0.09826;1;115.37;0;0;6;0;0;0;2;1;20;3;2267907932;0;0;0;63;0
170;10;1;40;10.6;1033;11:44:41.18;1;-10.11353;-2.14485;1;117.24;0;0;6;0;0;0;2;1;21;3;2267908118;0;0;0;63;0
34;10;1;26;10.6;1027;11:44:41.80;1;1.21100;-10.19872;1;117.86;0;0;6;0;0;0;2;1;21;3;2267908180;0;0;0;63;0
103;10;1;14;10.4;1426;11:44:41.96;1;14.08174;-2.25737;1;118.1;0;0;6;0;0;0;2;1;21;3;2267908196;0;0;0;63;0
85;9;1;39;9.6;3622;11:44:43.84;0;-27.12384;-24.00783;1;119.91;0;0;6;0;0;0;2;1;21;3;2267908384;0;0;0;63;0
119;10;1;20;10.0;2709;11:44:44.65;0;18.20322;-20.07386;1;120.70;0;0;6;0;0;0;2;1;21;3;2267908465;0;0;0;63;0
67;9;1;18;9.0;5057;11:44:46.38;0;-21.69325;-45.68255;1;122.44;0;0;6;0;0;0;2;1;21;3;2267908638;0;0;0;63;0
79;10;1;16;10.9;229;11:44:48.17;1;2.28801;-0.23302;1;124.23;0;0;6;0;0;0;2;1;22;3;2267908817;0;0;0;63;0
160;9;1;22;9.6;3707;11:44:49.68;0;22.95365;29.11464;1;125.74;0;0;6;0;0;0;2;1;20;3;2267908968;0;0;0;63;0
56;9;1;13;9.0;5091;11:44:50.55;0;-16.81344;48.06297;1;126.60;0;0;6;0;0;0;2;1;20;3;2267909055;0;0;0;63;0
228;9;1;21;9.5;3980;11:44:51.92;0;-14.20582;37.18910;1;127.98;0;0;6;0;0;1;2;1;23;3;2267909192;0;0;0;63;0
3;9;1;32;9.7;3334;11:44:53.94;0;-28.78867;16.82804;1;130.0;0;0;6;0;0;0;2;1;22;3;2267909394;0;0;0;63;0
207;10;1;34;10.1;2269;11:44:53.99;0;20.53748;-9.65592;1;130.6;0;0;6;0;0;0;2;1;21;3;2267909399;0;0;0;63;0
230;10;1;35;10.4;1613;11:44:56.75;0;6.47157;14.78484;1;132.81;0;0;6;0;0;0;2;1;21;3;2267909675;0;0;0;63;0
27;10;1;12;10.3;1822;11:44:58.31;0;-8.66270;-16.03901;1;134.36;0;0;6;0;0;0;2;1;21;3;2267909831;0;0;0;63;0
222;9;1;23;9.4;4198;11:45:01.24;0;-8.11828;-41.19480;1;137.30;0;0;6;0;0;0;2;1;22;3;2267910124;0;0;0;63;0
13;10;1;19;10.0;2508;11:45:02.20;0;-7.82275;-23.83565;1;138.26;0;0;6;0;0;0;2;1;22;3;2267910220;0;0;0;63;0
60;10;1;15;10.1;2384;11:45:05.91;0;1.33223;23.80487;1;141.96;0;0;6;0;0;0;2;1;21;3;2267910591;0;0;0;63;0
213;9;1;31;9.6;3586;11:45:06.05;0;6.77237;35.21981;1;142.12;0;0;6;0;0;0;2;1;21;3;2267910605;0;0;0;63;0
94;10;1;30;10.2;2129;11:45:08.17;0;15.86048;14.20738;1;144.23;0;0;6;0;0;0;2;1;22;3;2267910817;0;0;0;63;0
224;10;1;37;10.2;2075;11:45:08.43;0;-17.54791;-11.07841;1;144.49;0;0;6;0;0;0;2;1;22;3;2267910843;0;0;0;63;0
42;10;1;27;10.3;1854;11:45:11.55;0;16.70542;-8.05344;1;147.61;0;0;6;0;0;0;2;1;22;3;2267911155;0;0;0;63;0
170;10;1;40;10.6;1054;11:45:14.77;1;-10.49427;1.05979;1;150.83;0;0;6;0;0;0;2;1;22;3;2267911477;0;0;0;63;0
79;10;1;16;10.5;1170;11:45:17.23;1;-10.79007;-4.53713;1;153.29;0;0;6;0;0;1;2;1;23;3;2267911723;0;0;0;63;0
85;10;1;39;10.1;2391;11:45:19.33;0;7.90800;-22.57298;1;155.40;0;0;6;0;0;0;2;1;22;3;2267911933;0;0;0;63;0
56;10;1;13;10.3;1903;11:45:19.99;0;19.02883;-0.33830;1;156.4;0;0;6;0;0;0;2;1;21;3;2267911999;0;0;0;63;0
103;10;1;14;10.7;831;11:45:20.88;1;-7.04651;4.40813;1;156.93;0;0;6;0;0;0;2;1;22;3;2267912088;0;0;0;63;0
73;9;1;28;9.4;4100;11:45:22.68;0;27.29519;30.60449;1;158.75;0;0;6;0;0;0;2;1;21;3;2267912268;0;0;0;63;0
131;10;1;17;10.1;2235;11:45:23.23;0;-22.30236;1.58513;1;159.29;0;0;6;0;0;0;2;1;22;3;2267912323;0;0;0;63;0
160;10;1;22;10.1;2282;11:45:25.55;0;22.05787;5.88004;1;161.61;0;0;6;0;0;0;2;1;21;3;2267912555;0;0;0;63;0
156;9;1;25;9.4;4222;11:45:27.37;0;-2.44068;42.15560;1;163.43;0;0;6;0;0;0;2;1;20;3;2267912737;0;0;0;63;0
144;9;1;33;9.4;4134;11:45:37.26;0;8.41483;-40.47664;1;173.32;0;0;6;0;0;0;2;1;21;3;2267913726;0;0;0;63;0
230;10;1;35;10.0;2515;11:45:41.19;0;-7.35325;-24.06034;1;177.25;0;0;6;0;0;0;2;1;22;3;2267914119;0;0;0;63;0
219;9;1;38;9.2;4619;11:45:41.31;0;24.27321;39.29846;1;177.37;0;0;6;0;0;0;2;1;22;3;2267914131;0;0;0;63;0
94;10;1;30;10.3;1743;11:45:41.83;0;-0.94304;17.41326;1;177.89;0;0;6;0;0;1;2;1;23;3;2267914183;0;0;0;63;0
224;8;1;37;8.2;7056;11:45:44.10;0;-43.22221;55.77976;1;180.16;0;0;6;0;0;1;2;1;23;3;2267914410;0;0;0;63;0
42;9;1;27;9.1;4970;11:45:46.64;0;-45.23539;-20.59602;1;182.70;0;0;6;0;0;1;2;1;23;3;2267914664;0;0;0;63;0
119;10;1;20;10.4;1618;11:45:48.42;0;15.55420;-4.49168;1;184.47;0;0;6;0;0;0;2;1;22;3;2267914842;0;0;0;63;0
3;10;1;32;10.7;760;11:45:48.39;1;-5.46395;-5.29509;1;184.45;0;0;6;0;0;1;2;1;23;3;2267914839;0;0;0;63;0
66;10;1;24;10.2;2222;11:45:49.73;0;-21.72343;4.67915;1;185.79;0;0;6;0;0;0;2;1;21;3;2267914973;0;0;0;63;0
56;10;1;13;10.5;1266;11:45:50.01;1;-6.51478;10.86163;1;186.6;0;0;6;0;0;0;2;1;22;3;2267915001;0;0;0;63;0
27;9;1;12;9.0;5134;11:45:54.38;0;-48.50816;16.81763;1;190.43;0;0;6;0;0;0;2;1;22;3;2267915438;0;0;0;63;0
207;9;1;34;9.8;3034;11:45:55.02;0;0.79249;-30.33160;1;191.9;0;0;6;0;0;0;2;1;22;3;2267915502;0;0;0;63;0
34;9;1;26;9.6;3591;11:45:55.38;0;18.33908;30.87716;1;191.44;0;0;6;0;0;0;2;1;22;3;2267915538;0;0;0;63;0
222;10;1;23;10.2;2104;11:45:57.92;0;12.74091;16.75173;1;193.98;0;0;6;0;0;1;2;1;23;3;2267915792;0;0;0;63;0
160;10;1;22;10.6;958;11:46:01.17;1;5.46671;7.87425;1;197.23;0;0;6;0;0;0;2;1;22;3;2267916117;0;0;0;63;0
156;10;1;25;10.5;1386;11:46:04.15;1;8.45168;10.99436;1;200.21;0;0;6;0;0;0;2;1;21;3;2267916415;0;0;0;63;0
73;10;1;28;10.0;2580;11:46:04.28;0;-24.63719;7.68262;1;200.35;0;0;6;0;0;0;2;1;22;3;2267916428;0;0;0;63;0
60;10;1;15;10.8;472;11:46:05.67;1;-3.47846;3.19709;1;201.72;0;0;6;0;0;0;2;1;22;3;2267916567;0;0;0;63;0
219;10;1;38;10.1;2470;11:46:09.24;0;2.85756;-24.54378;1;205.30;0;0;6;0;0;1;2;1;23;3;2267916924;0;0;0;63;0
144;10;1;33;10.0;2562;11:46:11.30;0;-23.40316;10.44340;1;207.36;0;0;6;0;0;0;2;1;22;3;2267917130;0;0;0;63;0
131;10;1;17;10.5;1133;11:46:14.07;1;-11.27133;-1.17011;1;210.13;0;0;6;0;0;1;2;1;23;3;2267917407;0;0;0;63;0
213;10;1;31;10.6;881;11:46:18.22;1;8.78855;0.66403;1;214.29;0;0;6;0;0;0;2;1;22;3;2267917822;0;0;0;63;0
67;10;1;18;10.3;1681;11:46:19.01;0;5.57569;15.86726;1;215.7;0;0;6;0;0;0;2;1;22;3;2267917901;0;0;0;63;0
13;10;1;19;10.7;769;11:46:19.09;1;-2.17160;-7.38348;1;215.15;0;0;6;0;0;1;2;1;23;3;2267917909;0;0;0;63;0
66;9;1;24;9.7;3437;11:46:19.37;0;31.61765;-13.49768;1;215.43;0;0;6;0;0;0;2;1;22;3;2267917937;0;0;0;63;0
230;10;1;35;10.5;1383;11:46:27.39;1;-4.50626;13.07676;1;223.45;0;0;6;0;0;1;2;1;23;3;2267918739;0;0;0;63;0
103;10;1;14;10.2;2085;11:46:28.68;0;16.05533;13.30525;1;224.73;0;0;6;0;0;1;2;1;23;3;2267918868;0;0;0;63;0
160;9;1;22;9.4;4135;11:46:29.46;0;39.66015;11.73337;1;225.52;0;0;6;0;0;1;2;1;23;3;2267918946;0;0;0;63;0
156;10;1;25;10.2;2011;11:46:30.54;0;7.68441;-18.59302;1;226.60;0;0;6;0;0;0;2;1;22;3;2267919054;0;0;0;63;0
60;8;1;15;8.5;6305;11:46:36.18;0;-62.91527;4.25651;1;232.23;0;0;6;0;0;1;2;1;23;3;2267919618;0;0;0;63;0
119;9;1;20;9.6;3747;11:46:37.15;0;16.64139;33.57500;1;233.20;0;0;6;0;0;1;2;1;23;3;2267919715;0;0;0;63;0
27;10;1;12;10.0;2541;11:46:37.97;0;6.32871;24.61285;1;234.2;0;0;6;0;0;1;2;1;23;3;2267919797;0;0;0;63;0
85;10;1;39;10.5;1140;11:46:38.52;1;-11.30263;-1.52409;1;234.59;0;0;6;0;0;1;2;1;23;3;2267919852;0;0;0;63;0
144;10;1;33;10.5;1170;11:46:44.18;1;7.23871;9.19247;1;240.24;0;0;6;0;0;1;2;1;23;3;2267920418;0;0;0;63;0
56;9;1;13;9.4;4122;11:46:45.36;0;14.25508;-38.68236;1;241.41;0;0;6;0;0;1;2;1;23;3;2267920536;0;0;0;63;0
73;9;1;28;9.0;5103;11:46:45.98;0;-10.74506;-49.89526;1;242.5;0;0;6;0;0;1;2;1;23;3;2267920598;0;0;0;63;0
66;8;1;24;8.0;7693;11:46:52.80;0;-23.29912;-73.32137;1;248.86;0;0;6;0;0;1;2;1;23;3;2267921280;0;0;0;63;0
207;9;1;34;9.8;3152;11:46:53.52;0;7.24727;-30.68075;1;249.59;0;0;6;0;0;1;2;1;23;3;2267921352;0;0;0;63;0
67;10;1;18;10.3;1679;11:46:54.51;0;-16.66539;2.06008;1;250.57;0;0;6;0;0;1;2;1;23;3;2267921451;0;0;0;63;0
213;10;1;31;10.4;1439;11:46:56.01;1;-5.88091;-13.13952;1;252.8;0;0;6;0;0;1;2;1;23;3;2267921601;0;0;0;63;0
170;10;1;40;10.2;1962;11:46:58.57;0;-19.59193;-1.18988;1;254.63;0;0;6;0;0;1;2;1;23;3;2267921857;0;0;0;63;0
34;9;1;26;9.0;5201;11:46:59.15;0;39.30521;-34.06941;1;255.21;0;0;6;0;0;1;2;1;23;3;2267921915;0;0;0;63;0
156;8;1;25;8.9;5398;11:47:02.14;0;20.32466;-50.00769;1;258.20;0;0;6;0;0;1;2;1;23;3;2267922214;0;0;0;63;0
34;9;1;26;9.8;3151;11:50:12.43;0;-28.49321;13.47383;1;11.1;0;0;6;0;0;0;3;1;26;3;2267941243;0;0;0;63;0
56;10;1;13;10.5;1123;11:50:14.03;1;-5.34830;-9.87628;1;12.60;0;0;6;0;0;0;3;1;26;3;2267941403;0;0;0;63;0
144;8;1;33;8.9;5480;11:50:15.05;0;-13.70940;-53.06458;1;13.63;0;0;6;0;0;0;3;1;26;3;2267941505;0;0;0;63;0
170;10;1;40;10.9;175;11:50:14.93;1;-1.75191;0.04206;1;13.50;0;0;6;0;0;0;3;1;26;3;2267941493;0;0;0;63;0
79;9;1;16;9.9;2789;11:50:16.49;0;27.73792;-2.92388;1;15.6;0;0;6;0;0;0;3;1;26;3;2267941649;0;0;0;63;0
228;10;1;21;10.6;995;11:50:17.60;1;8.62979;-4.96851;1;16.18;0;0;6;0;0;0;3;1;26;3;2267941760;0;0;0;63;0
219;8;1;38;8.9;5294;11:50:18.52;0;-44.15458;29.22294;1;17.9;0;0;6;0;0;0;3;1;26;3;2267941852;0;0;0;63;0
42;10;1;27;10.0;2661;11:50:19.77;0;26.36086;3.68036;1;18.35;0;0;6;0;0;0;3;1;26;3;2267941977;0;0;0;63;0
60;9;1;15;9.9;2918;11:50:21.44;0;-8.68025;27.86805;1;20.1;0;0;6;0;0;0;3;1;26;3;2267942144;0;0;0;63;0
73;10;1;28;10.2;1973;11:50:21.40;0;-15.87217;-11.72695;1;19.97;0;0;6;0;0;0;3;1;26;3;2267942140;0;0;0;63;0
13;8;1;19;8.9;5520;11:50:22.31;0;52.15925;18.06926;1;20.87;0;0;6;0;0;0;3;1;26;3;2267942231;0;0;0;63;0
207;9;1;34;9.1;4863;11:50:21.84;0;-47.66799;9.66670;1;20.41;0;0;6;0;0;0;3;1;26;3;2267942184;0;0;0;63;0
131;9;1;17;9.9;2796;11:50:23.58;0;-27.31879;-5.99350;1;22.14;0;0;6;0;0;0;3;1;26;3;2267942358;0;0;0;63;0
3;10;1;32;10.3;1778;11:50:27.15;0;17.49046;-3.24949;1;25.73;0;0;6;0;0;0;3;1;26;3;2267942715;0;0;0;63;0
67;9;1;18;9.8;3072;11:50:30.42;0;-20.08483;-23.25586;1;28.98;0;0;6;0;0;0;3;1;26;3;2267943042;0;0;0;63;0
85;9;1;39;9.8;3192;11:50:33.58;0;-5.98061;31.36344;1;32.15;0;0;6;0;0;0;3;1;26;3;2267943358;0;0;0;63;0
119;9;1;20;9.6;3579;11:50:37.10;0;14.25840;32.83625;1;35.67;0;0;6;0;0;0;3;1;26;3;2267943710;0;0;0;63;0
224;10;1;37;10.5;1358;11:50:44.96;1;-5.89253;12.23836;1;43.54;0;0;6;0;0;0;3;1;26;3;2267944496;0;0;0;63;0
79;10;1;16;10.0;2739;11:50:47.77;0;26.92126;5.08032;1;46.34;0;0;6;0;0;0;3;1;27;3;2267944777;0;0;0;63;0
222;10;1;23;10.4;1547;11:50:47.70;0;-2.11997;15.33076;1;46.28;0;0;6;0;0;0;3;1;26;3;2267944770;0;0;0;63;0
230;9;1;35;9.5;3943;11:50:48.09;0;-11.06628;-37.85434;1;46.66;0;0;6;0;0;0;3;1;26;3;2267944809;0;0;0;63;0
156;9;1;25;9.1;4818;11:50:50.37;0;-10.51174;-47.02039;1;48.95;0;0;6;0;0;0;3;1;26;3;2267945037;0;0;0;63;0
103;9;1;14;9.8;3111;11:50:51.56;0;31.11240;0.10075;1;50.13;0;0;6;0;0;0;3;1;26;3;2267945156;0;0;0;63;0
42;9;1;27;9.8;3051;11:50:52.41;0;16.11269;25.91976;1;50.99;0;0;6;0;0;0;3;1;27;3;2267945241;0;0;0;63;0
170;10;1;40;10.6;1044;11:50:52.25;1;-10.34939;1.38259;1;50.82;0;0;6;0;0;0;3;1;27;3;2267945225;0;0;0;63;0
94;10;1;30;10.5;1276;11:50:52.15;1;-12.69057;-1.40854;1;50.73;0;0;6;0;0;0;3;1;26;3;2267945215;0;0;0;63;0
213;9;1;31;9.8;3171;11:50:52.21;0;30.69674;-7.97973;1;50.78;0;0;6;0;0;0;3;1;26;3;2267945221;0;0;0;63;0
160;9;1;22;9.7;3476;11:50:52.40;0;14.79603;31.45882;1;50.98;0;0;6;0;0;0;3;1;26;3;2267945240;0;0;0;63;0
73;10;1;28;10.3;1678;11:50:56.73;0;-16.30309;3.99175;1;55.30;0;0;6;0;0;0;3;1;27;3;2267945673;0;0;0;63;0
3;9;1;32;9.7;3501;11:50:58.74;0;28.03352;-20.98424;1;57.32;0;0;6;0;0;0;3;1;27;3;2267945874;0;0;0;63;0
34;10;1;26;10.6;878;11:51:00.09;1;7.81133;-4.02652;1;58.67;0;0;6;0;0;0;3;1;27;3;2267946009;0;0;0;63;0
144;10;1;33;10.0;2587;11:51:01.50;0;-3.23804;25.67206;1;60.8;0;0;6;0;0;0;3;1;27;3;2267946150;0;0;0;63;0
219;10;1;38;10.6;1092;11:51:01.85;1;-10.39735;3.34804;1;60.42;0;0;6;0;0;0;3;1;27;3;2267946185;0;0;0;63;0
60;9;1;15;9.2;4644;11:51:01.66;0;43.85769;-15.27840;1;60.23;0;0;6;0;0;0;3;1;27;3;2267946166;0;0;0;63;0
131;9;1;17;9.7;3476;11:51:03.93;0;-27.62936;-21.10071;1;62.49;0;0;6;0;0;0;3;1;27;3;2267946393;0;0;0;63;0
228;10;1;21;10.3;1810;11:51:04.52;0;7.48106;16.48319;1;63.10;0;0;6;0;0;0;3;1;27;3;2267946452;0;0;0;63;0
27;10;1;12;10.5;1140;11:51:05.86;1;-6.55057;9.34001;1;64.42;0;0;6;0;0;0;3;1;26;3;2267946586;0;0;0;63;0
85;10;1;39;10.5;1126;11:51:11.94;1;-9.05279;-6.69903;1;70.51;0;0;6;0;0;0;3;1;27;3;2267947194;0;0;0;63;0
56;10;1;13;10.0;2505;11:51:14.58;0;-13.85661;-20.87330;1;73.15;0;0;6;0;0;0;3;1;27;3;2267947458;0;0;0;63;0
103;9;1;14;9.7;3374;11:51:21.83;0;-23.28705;-24.42469;1;80.40;0;0;6;0;0;0;3;1;27;3;2267948183;0;0;0;63;0
224;9;1;37;9.5;3988;11:51:25.43;0;5.93453;-39.44277;1;84.1;0;0;6;0;0;0;3;1;27;3;2267948543;0;0;0;63;0
67;10;1;18;10.1;2478;11:51:26.04;0;-22.24220;-10.92569;1;84.60;0;0;6;0;0;0;3;1;27;3;2267948604;0;0;0;63;0
156;10;1;25;10.8;430;11:51:26.52;1;3.98655;-1.63284;1;85.10;0;0;6;0;0;0;3;1;27;3;2267948652;0;0;0;63;0
34;9;1;26;9.5;3879;11:51:26.49;0;12.29962;-36.78913;1;85.7;0;0;6;0;0;0;3;1;28;3;2267948649;0;0;0;63;0
79;10;1;16;10.7;666;11:51:27.81;1;-6.11851;2.63238;1;86.38;0;0;6;0;0;0;3;1;28;3;2267948781;0;0;0;63;0
42;9;1;27;9.7;3447;11:51:28.31;0;-13.86816;-31.56364;1;86.89;0;0;6;0;0;0;3;1;28;3;2267948831;0;0;0;63;0
66;10;1;24;10.4;1584;11:51:28.93;0;15.43232;-3.58055;1;87.51;0;0;6;0;0;0;3;1;26;3;2267948893;0;0;0;63;0
213;9;1;31;9.3;4358;11:51:30.50;0;-43.16831;-6.02693;1;89.7;0;0;6;0;0;0;3;1;27;3;2267949050;0;0;0;63;0
13;10;1;19;10.3;1923;11:51:30.34;0;10.49631;-16.11824;1;88.90;0;0;6;0;0;0;3;1;27;3;2267949034;0;0;0;63;0
27;10;1;12;10.5;1261;11:51:33.79;1;-1.43907;-12.53644;1;92.35;0;0;6;0;0;0;3;1;27;3;2267949379;0;0;0;63;0
160;10;1;22;10.5;1218;11:51:34.16;1;-9.32819;-7.83739;1;92.74;0;0;6;0;0;0;3;1;27;3;2267949416;0;0;0;63;0
170;10;1;40;10.7;764;11:51:34.44;1;-6.28218;4.35283;1;93.1;0;0;6;0;0;0;3;1;28;3;2267949444;0;0;0;63;0
3;9;1;32;9.8;3206;11:51:39.81;0;8.20476;-31.00018;1;98.39;0;0;6;0;0;0;3;1;28;3;2267949981;0;0;0;63;0
144;9;1;33;9.7;3465;11:51:40.79;0;-8.19639;33.67133;1;99.37;0;0;6;0;0;0;3;1;28;3;2267950079;0;0;0;63;0
60;10;1;15;10.5;1183;11:51:41.04;1;11.73387;-1.57216;1;99.61;0;0;6;0;0;0;3;1;28;3;2267950104;0;0;0;63;0
222;9;1;23;9.9;2914;11:51:41.88;0;2.47570;-29.04399;1;100.46;0;0;6;0;0;0;3;1;27;3;2267950188;0;0;0;63;0
56;10;1;13;10.1;2413;11:51:43.87;0;18.26966;15.77512;1;102.44;0;0;6;0;0;0;3;1;28;3;2267950387;0;0;0;63;0
207;10;1;34;10.7;688;11:51:50.33;1;-6.88666;-0.14938;1;108.90;0;0;6;0;0;0;3;1;27;3;2267951033;0;0;0;63;0
156;10;1;25;10.1;2436;11:51:55.45;0;2.52487;-24.23403;1;114.3;0;0;6;0;0;0;3;1;28;3;2267951545;0;0;0;63;0
85;10;1;39;10.5;1306;11:51:58.28;1;-7.86687;10.43458;1;116.85;0;0;6;0;0;0;3;1;28;3;2267951828;0;0;0;63;0
131;10;1;17;10.1;2252;11:52:03.02;0;21.81005;5.64452;1;121.58;0;0;6;0;0;0;3;1;28;3;2267952302;0;0;0;63;0
42;9;1;27;9.6;3726;11:52:03.37;0;2.65984;37.17162;1;121.95;0;0;6;0;0;0;3;1;29;3;2267952337;0;0;0;63;0
27;9;1;12;9.3;4481;11:52:03.65;0;29.53690;33.70919;1;122.21;0;0;6;0;0;0;3;1;28;3;2267952365;0;0;0;63;0
224;10;1;37;10.0;2550;11:52:06.47;0;-15.67564;-20.11769;1;125.5;0;0;6;0;0;0;3;1;28;3;2267952647;0;0;0;63;0
103;9;1;14;9.7;3397;11:52:07.89;0;-9.41418;32.64816;1;126.46;0;0;6;0;0;0;3;1;28;3;2267952789;0;0;0;63;0
60;10;1;15;10.6;948;11:52:11.38;1;-4.49892;-8.35433;1;129.95;0;0;6;0;0;0;3;1;29;3;2267953138;0;0;0;63;0
73;10;1;28;10.7;745;11:52:14.21;1;4.18980;-6.17097;1;132.78;0;0;6;0;0;0;3;1;28;3;2267953421;0;0;0;63;0
160;9;1;22;9.7;3433;11:52:18.38;0;33.86861;-5.62861;1;136.96;0;0;6;0;0;0;3;1;28;3;2267953838;0;0;0;63;0
3;10;1;32;10.6;1028;11:52:23.10;1;7.61897;6.90261;1;141.68;0;0;6;0;0;0;3;1;29;3;2267954310;0;0;0;63;0
228;10;1;21;10.1;2487;11:52:24.01;0;-18.88380;16.19417;1;142.59;0;0;6;0;0;0;3;1;28;3;2267954401;0;0;0;63;0
66;10;1;24;10.6;1001;11:52:23.79;1;3.77264;-9.27410;1;142.37;0;0;6;0;0;0;3;1;27;3;2267954379;0;0;0;63;0
119;10;1;20;10.0;2509;11:52:25.02;0;23.57558;-8.58711;1;143.59;0;0;6;0;0;0;3;1;27;3;2267954502;0;0;0;63;0
219;10;1;38;10.7;724;11:52:26.97;1;-6.45949;3.28050;1;145.54;0;0;6;0;0;0;3;1;28;3;2267954697;0;0;0;63;0
67;10;1;18;10.9;266;11:52:27.35;1;0.01002;-2.66848;1;145.91;0;0;6;0;0;0;3;1;28;3;2267954735;0;0;0;63;0
222;9;1;23;9.7;3475;11:52:27.55;0;-31.82307;13.98296;1;146.13;0;0;6;0;0;0;3;1;28;3;2267954755;0;0;0;63;0
156;10;1;25;10.0;2618;11:52:27.72;0;-20.85859;15.82291;1;146.30;0;0;6;0;0;0;3;1;29;3;2267954772;0;0;0;63;0
94;10;1;30;10.6;1049;11:52:29.36;1;3.62955;9.84286;1;147.94;0;0;6;0;0;0;3;1;27;3;2267954936;0;0;0;63;0
207;10;1;34;10.2;2028;11:52:31.58;0;-8.49089;18.41783;1;150.15;0;0;6;0;0;0;3;1;28;3;2267955158;0;0;0;63;0
230;9;1;35;9.9;2870;11:52:32.50;0;18.53228;21.91767;1;151.7;0;0;6;0;0;0;3;1;27;3;2267955250;0;0;0;63;0
79;10;1;16;10.2;2166;11:52:33.12;0;-21.05452;5.11233;1;151.69;0;0;6;0;0;0;3;1;29;3;2267955312;0;0;0;63;0
13;9;1;19;9.9;2871;11:52:37.61;0;25.26246;-13.65880;1;156.17;0;0;6;0;0;0;3;1;28;3;2267955761;0;0;0;63;0
85;9;1;39;9.9;2934;11:52:40.90;0;0.54442;-29.34358;1;159.47;0;0;6;0;0;0;3;1;29;3;2267956090;0;0;0;63;0
27;10;1;12;10.1;2243;11:52:41.59;0;3.00299;-22.23413;1;160.15;0;0;6;0;0;0;3;1;29;3;2267956159;0;0;0;63;0
34;10;1;26;10.4;1650;11:52:44.35;0;-14.23992;8.34239;1;162.93;0;0;6;0;0;0;3;1;29;3;2267956435;0;0;0;63;0
103;10;1;14;10.6;892;11:52:47.65;1;8.55524;2.55345;1;166.22;0;0;6;0;0;0;3;1;29;3;2267956765;0;0;0;63;0
213;10;1;31;10.2;1996;11:52:47.56;0;-5.90528;-19.07471;1;166.13;0;0;6;0;0;0;3;1;28;3;2267956756;0;0;0;63;0
56;9;1;13;9.0;5120;11:52:50.01;0;-27.88513;-42.95146;1;168.58;0;0;6;0;0;0;3;1;29;3;2267957001;0;0;0;63;0
170;10;1;40;10.5;1316;11:52:52.75;1;-9.43499;-9.18225;1;171.32;0;0;6;0;0;0;3;1;29;3;2267957275;0;0;0;63;0
160;10;1;22;10.1;2391;11:52:53.46;0;-20.37806;-12.50949;1;172.4;0;0;6;0;0;0;3;1;29;3;2267957346;0;0;0;63;0
131;9;1;17;9.8;3060;11:52:54.23;0;-30.59559;0.64120;1;172.79;0;0;6;0;0;0;3;1;29;3;2267957423;0;0;0;63;0
3;10;1;32;10.4;1456;11:53:00.13;1;-8.32100;11.95627;1;178.71;0;0;6;0;0;1;3;1;30;3;2267958013;0;0;0;63;0
144;10;1;33;10.6;949;11:53:01.66;1;4.06354;8.58331;1;180.24;0;0;6;0;0;0;3;1;29;3;2267958166;0;0;0;63;0
230;10;1;35;10.6;874;11:53:01.80;1;4.98865;-7.18138;1;180.37;0;0;6;0;0;0;3;1;28;3;2267958180;0;0;0;63;0
94;9;1;30;9.2;4770;11:53:02.67;0;-46.87904;-8.86336;1;181.25;0;0;6;0;0;0;3;1;28;3;2267958267;0;0;0;63;0
222;10;1;23;10.2;2204;11:53:03.29;0;-17.04618;13.98060;1;181.87;0;0;6;0;0;0;3;1;29;3;2267958329;0;0;0;63;0
119;10;1;20;10.3;1871;11:53:03.94;0;18.71048;-0.44143;1;182.51;0;0;6;0;0;0;3;1;28;3;2267958394;0;0;0;63;0
79;9;1;16;9.9;2843;11:53:05.33;0;-13.79104;-24.86433;1;183.90;0;0;6;0;0;1;3;1;30;3;2267958533;0;0;0;63;0
207;10;1;34;10.3;1859;11:53:09.18;0;-12.48307;-13.78561;1;187.75;0;0;6;0;0;0;3;1;29;3;2267958918;0;0;0;63;0
34;10;1;26;10.3;1748;11:53:10.55;0;-9.31214;14.80118;1;189.13;0;0;6;0;0;1;3;1;30;3;2267959055;0;0;0;63;0
67;10;1;18;10.7;756;11:53:11.02;1;-1.61759;7.38694;1;189.58;0;0;6;0;0;0;3;1;29;3;2267959102;0;0;0;63;0
27;10;1;12;10.3;1886;11:53:14.29;0;4.94283;18.20307;1;192.85;0;0;6;0;0;1;3;1;30;3;2267959429;0;0;0;63;0
219;10;1;38;10.1;2282;11:53:14.06;0;11.28657;19.83362;1;192.63;0;0;6;0;0;0;3;1;29;3;2267959406;0;0;0;63;0
60;10;1;15;10.1;2431;11:53:14.50;0;-23.75796;5.16433;1;193.7;0;0;6;0;0;1;3;1;30;3;2267959450;0;0;0;63;0
13;9;1;19;9.6;3662;11:53:16.40;0;17.98129;31.90177;1;194.96;0;0;6;0;0;0;3;1;29;3;2267959640;0;0;0;63;0
228;10;1;21;10.0;2567;11:53:16.39;0;-22.72256;-11.96183;1;194.97;0;0;6;0;0;0;3;1;29;3;2267959639;0;0;0;63;0
160;10;1;22;10.4;1600;11:53:17.43;0;10.48332;-12.09204;1;196.1;0;0;6;0;0;1;3;1;30;3;2267959743;0;0;0;63;0
66;10;1;24;10.3;1696;11:53:18.63;0;10.78677;-13.09843;1;197.21;0;0;6;0;0;0;3;1;28;3;2267959863;0;0;0;63;0
224;10;1;37;10.3;1791;11:53:21.90;0;15.79298;-8.44885;1;200.48;0;0;6;0;0;0;3;1;29;3;2267960190;0;0;0;63;0
85;10;1;39;10.2;2053;11:53:21.54;0;19.68099;5.87156;1;200.11;0;0;6;0;0;1;3;1;30;3;2267960154;0;0;0;63;0
213;10;1;31;10.3;1705;11:53:23.00;0;-8.28279;-14.90711;1;201.57;0;0;6;0;0;0;3;1;29;3;2267960300;0;0;0;63;0
42;9;1;27;9.8;3077;11:53:25.58;0;-29.09245;10.04045;1;204.16;0;0;6;0;0;1;3;1;30;3;2267960558;0;0;0;63;0
156;10;1;25;10.3;1916;11:53:26.87;0;-1.03629;19.13499;1;205.45;0;0;6;0;0;1;3;1;30;3;2267960687;0;0;0;63;0
73;10;1;28;10.3;1851;11:53:29.61;0;-12.85953;-13.32722;1;208.18;0;0;6;0;0;0;3;1;29;3;2267960961;0;0;0;63;0
170;9;1;40;9.8;3110;11:53:30.96;0;-30.48132;-6.20612;1;209.53;0;0;6;0;0;1;3;1;30;3;2267961096;0;0;0;63;0
222;10;1;23;10.5;1173;11:53:32.81;1;-7.26342;-9.21379;1;211.39;0;0;6;0;0;1;3;1;30;3;2267961281;0;0;0;63;0
94;9;1;30;9.7;3316;11:53:38.98;0;24.48913;22.36158;1;217.56;0;0;6;0;0;0;3;1;29;3;2267961898;0;0;0;63;0
219;10;1;38;10.3;1835;11:53:42.17;0;-9.34146;-15.79581;1;220.74;0;0;6;0;0;1;3;1;30;3;2267962217;0;0;0;63;0
228;9;1;21;9.9;2952;11:53:44.03;0;20.68039;21.07834;1;222.61;0;0;6;0;0;1;3;1;30;3;2267962403;0;0;0;63;0
66;10;1;24;10.3;1713;11:53:45.15;0;3.99471;16.66348;1;223.73;0;0;6;0;0;0;3;1;29;3;2267962515;0;0;0;63;0
119;10;1;20;10.4;1538;11:53:50.05;0;12.59111;-8.83634;1;228.62;0;0;6;0;0;0;3;1;29;3;2267963005;0;0;0;63;0
56;9;1;13;9.3;4455;11:53:52.60;0;42.50350;13.37338;1;231.17;0;0;6;0;0;1;3;1;30;3;2267963260;0;0;0;63;0
207;8;1;34;8.9;5284;11:53:52.19;0;8.57212;-52.14771;1;230.76;0;0;6;0;0;1;3;1;30;3;2267963219;0;0;0;63;0
230;10;1;35;10.0;2760;11:53:54.22;0;-25.71309;-10.03509;1;232.79;0;0;6;0;0;0;3;1;29;3;2267963422;0;0;0;63;0
213;10;1;31;10.1;2336;11:53:59.77;0;-22.86892;4.79837;1;238.34;0;0;6;0;0;1;3;1;30;3;2267963977;0;0;0;63;0
67;9;1;18;9.8;3065;11:54:00.14;0;24.37057;-18.59577;1;238.70;0;0;6;0;0;1;3;1;30;3;2267964014;0;0;0;63;0
224;9;1;37;9.0;5257;11:54:04.15;0;-48.40968;20.51065;1;242.73;0;0;6;0;0;1;3;1;30;3;2267964415;0;0;0;63;0
73;9;1;28;9.2;4594;11:54:05.90;0;45.93271;-0.86799;1;244.47;0;0;6;0;0;1;3;1;30;3;2267964590;0;0;0;63;0
94;10;1;30;10.1;2292;11:54:11.21;0;22.82356;-2.20375;1;249.79;0;0;6;0;0;1;3;1;30;3;2267965121;0;0;0;63;0
66;8;1;24;8.8;5609;11:54:12.54;0;2.40157;-56.04250;1;251.12;0;0;6;0;0;1;3;1;30;3;2267965254;0;0;0;63;0
144;10;1;33;10.8;343;11:54:13.60;1;3.07983;1.52690;1;252.18;0;0;6;0;0;1;3;1;30;3;2267965360;0;0;0;63;0
13;9;1;19;9.2;4669;11:54:15.41;0;15.94383;-43.88433;1;253.97;0;0;6;0;0;1;3;1;30;3;2267965541;0;0;0;63;0
230;10;1;35;10.4;1448;11:54:15.89;1;4.65141;-13.71749;1;254.46;0;0;6;0;0;1;3;1;30;3;2267965589;0;0;0;63;0
103;9;1;14;9.0;5102;11:54:29.21;0;-29.31856;41.75650;1;267.78;0;0;6;0;0;1;3;1;30;3;2267966921;0;0;0;63;0
119;10;1;20;10.5;1314;11:54:31.15;1;12.81921;-2.92426;1;269.72;0;0;6;0;0;1;3;1;30;3;2267967115;0;0;0;63;0
131;8;1;17;8.4;6646;11:54:42.06;0;-65.77919;9.50196;1;280.62;0;0;6;0;0;1;3;1;30;3;2267968206;0;0;0;63;0
230;9;1;35;9.0;5034;11:57:30.78;0;-7.44580;49.78915;1;9.7;0;0;6;0;0;0;4;1;33;3;2267985078;0;0;0;63;0
224;10;1;37;10.0;2596;11:57:30.74;0;-22.47392;12.99502;1;9.3;0;0;6;0;0;0;4;1;33;3;2267985074;0;0;0;63;0
34;8;1;26;8.1;7293;11:57:33.16;0;-15.78838;-71.20959;1;11.44;0;0;6;0;0;0;4;1;33;3;2267985316;0;0;0;63;0
79;9;1;16;9.9;3010;11:57:34.24;0;28.13216;10.71399;1;12.52;0;0;6;0;0;0;4;1;33;3;2267985424;0;0;0;63;0
170;9;1;40;9.5;3944;11:57:35.15;0;19.33735;34.37498;1;13.44;0;0;6;0;0;0;4;1;33;3;2267985515;0;0;0;63;0
219;9;1;38;9.6;3542;11:57:35.79;0;-31.43262;-16.33056;1;14.8;0;0;6;0;0;0;4;1;33;3;2267985579;0;0;0;63;0
103;10;1;14;10.4;1490;11:57:36.38;1;-14.72137;2.33068;1;14.66;0;0;6;0;0;0;4;1;33;3;2267985638;0;0;0;63;0
228;10;1;21;10.1;2230;11:57:36.53;0;-4.39365;21.86383;1;14.82;0;0;6;0;0;0;4;1;33;3;2267985653;0;0;0;63;0
222;9;1;23;9.2;4693;11:57:38.48;0;-13.70987;44.88692;1;16.77;0;0;6;0;0;0;4;1;33;3;2267985848;0;0;0;63;0
66;10;1;24;10.0;2620;11:57:38.48;0;14.74306;21.66400;1;16.77;0;0;6;0;0;0;4;1;33;3;2267985848;0;0;0;63;0
73;10;1;28;10.2;2051;11:57:38.62;0;-10.35707;-17.71262;1;16.91;0;0;6;0;0;0;4;1;33;3;2267985862;0;0;0;63;0
56;8;1;13;8.3;6929;11:57:39.05;0;2.04570;69.26193;1;17.33;0;0;6;0;0;0;4;1;33;3;2267985905;0;0;0;63;0
131;10;1;17;10.4;1397;11:57:40.45;1;12.09143;-7.00331;1;18.73;0;0;6;0;0;0;4;1;33;3;2267986045;0;0;0;63;0
60;8;1;15;8.4;6661;11:57:41.27;0;55.51888;36.81378;1;19.54;0;0;6;0;0;0;4;1;33;3;2267986127;0;0;0;63;0
3;10;1;32;10.0;2639;11:57:43.67;0;25.76022;-5.74873;1;21.96;0;0;6;0;0;0;4;1;33;3;2267986367;0;0;0;63;0
85;9;1;39;9.5;3781;11:57:46.47;0;33.71125;17.13289;1;24.76;0;0;6;0;0;0;4;1;33;3;2267986647;0;0;0;63;0
160;8;1;22;8.6;6056;11:57:47.66;0;16.77310;-58.20110;1;25.95;0;0;6;0;0;0;4;1;33;3;2267986766;0;0;0;63;0
207;9;1;34;9.6;3590;11:57:48.48;0;35.03077;-7.85899;1;26.77;0;0;6;0;0;0;4;1;33;3;2267986848;0;0;0;63;0
13;9;1;19;9.9;2880;11:57:49.62;0;-28.79748;-0.68797;1;27.91;0;0;6;0;0;0;4;1;33;3;2267986962;0;0;0;63;0
67;10;1;18;10.1;2277;11:57:52.07;0;-0.10791;-22.77849;1;30.35;0;0;6;0;0;0;4;1;33;3;2267987207;0;0;0;63;0
27;9;1;12;9.7;3315;11:57:59.24;0;32.10448;8.26495;1;37.52;0;0;6;0;0;0;4;1;33;3;2267987924;0;0;0;63;0
228;10;1;21;10.0;2633;11:58:00.24;0;-14.92266;21.70394;1;38.53;0;0;6;0;0;0;4;1;34;3;2267988024;0;0;0;63;0
94;9;1;30;9.6;3632;11:58:07.00;0;-35.68293;-6.80947;1;45.29;0;0;6;0;0;0;4;1;33;3;2267988700;0;0;0;63;0
56;10;1;13;10.1;2413;11:58:07.63;0;11.04188;-21.46413;1;45.91;0;0;6;0;0;0;4;1;34;3;2267988763;0;0;0;63;0
144;9;1;33;9.6;3649;11:58:09.76;0;31.34135;-18.70170;1;48.4;0;0;6;0;0;0;4;1;33;3;2267988976;0;0;0;63;0
219;9;1;38;9.8;3168;11:58:09.98;0;-23.58316;-21.16572;1;48.27;0;0;6;0;0;0;4;1;34;3;2267988998;0;0;0;63;0
224;9;1;37;9.3;4392;11:58:12.00;0;15.91794;40.94422;1;50.29;0;0;6;0;0;0;4;1;34;3;2267989200;0;0;0;63;0
73;9;1;28;9.7;3418;11:58:13.47;0;-12.41088;-31.85393;1;51.76;0;0;6;0;0;0;4;1;34;3;2267989347;0;0;0;63;0
230;9;1;35;9.6;3544;11:58:13.98;0;-32.29949;14.60410;1;52.27;0;0;6;0;0;0;4;1;34;3;2267989398;0;0;0;63;0
3;10;1;32;10.4;1589;11:58:18.02;0;-7.69199;13.91061;1;56.31;0;0;6;0;0;0;4;1;34;3;2267989802;0;0;0;63;0
60;10;1;15;10.6;1095;11:58:18.39;1;8.02795;7.45533;1;56.66;0;0;6;0;0;0;4;1;34;3;2267989839;0;0;0;63;0
131;10;1;17;10.5;1284;11:58:18.44;1;-11.17216;6.34460;1;56.72;0;0;6;0;0;0;4;1;34;3;2267989844;0;0;0;63;0
156;10;1;25;10.4;1547;11:58:18.41;0;-15.17025;-3.05676;1;56.70;0;0;6;0;0;0;4;1;33;3;2267989841;0;0;0;63;0
42;7;1;27;7.7;8299;11:58:19.16;0;-70.61657;-43.60263;1;57.45;0;0;6;0;0;0;4;1;33;3;2267989916;0;0;0;63;0
13;10;1;19;10.3;1806;11:58:21.75;0;-17.99305;1.57576;1;60.4;0;0;6;0;0;0;4;1;34;3;2267990175;0;0;0;63;0
160;10;1;22;10.3;1713;11:58:25.57;0;17.07938;1.40867;1;63.86;0;0;6;0;0;0;4;1;34;3;2267990557;0;0;0;63;0
85;10;1;39;10.4;1519;11:58:26.77;1;-12.79915;-8.18910;1;65.6;0;0;6;0;0;0;4;1;34;3;2267990677;0;0;0;63;0
27;9;1;12;9.7;3391;11:58:27.50;0;-0.15855;-33.91848;1;65.78;0;0;6;0;0;0;4;1;34;3;2267990750;0;0;0;63;0
34;9;1;26;9.9;2799;11:58:28.96;0;25.93332;10.55051;1;67.24;0;0;6;0;0;0;4;1;34;3;2267990896;0;0;0;63;0
103;10;1;14;10.0;2600;11:58:32.01;0;-23.98667;-10.03917;1;70.29;0;0;6;0;0;0;4;1;34;3;2267991201;0;0;0;63;0
207;9;1;34;9.8;3163;11:58:35.89;0;16.24192;-27.14723;1;74.18;0;0;6;0;0;0;4;1;34;3;2267991589;0;0;0;63;0
56;10;1;13;10.0;2720;11:58:36.85;0;21.51151;16.66138;1;75.13;0;0;6;0;0;0;4;1;35;3;2267991685;0;0;0;63;0
79;9;1;16;9.1;4785;11:58:39.24;0;-19.59410;-43.66009;1;77.52;0;0;6;0;0;0;4;1;34;3;2267991924;0;0;0;63;0
67;9;1;18;9.8;3107;11:58:40.41;0;31.00114;2.07381;1;78.69;0;0;6;0;0;0;4;1;34;3;2267992041;0;0;0;63;0
213;10;1;31;10.0;2716;11:58:42.95;0;-24.67974;-11.36032;1;81.24;0;0;6;0;0;0;4;1;33;3;2267992295;0;0;0;63;0
94;9;1;30;9.2;4680;11:58:47.49;0;46.38190;6.26590;1;85.78;0;0;6;0;0;0;4;1;34;3;2267992749;0;0;0;63;0
119;10;1;20;10.1;2484;11:58:47.78;0;16.87834;-18.22675;1;86.6;0;0;6;0;0;0;4;1;33;3;2267992778;0;0;0;63;0
42;9;1;27;9.9;2898;11:58:49.23;0;28.07145;7.23586;1;87.52;0;0;6;0;0;0;4;1;34;3;2267992923;0;0;0;63;0
156;10;1;25;10.2;2131;11:58:49.95;0;21.13093;2.80496;1;88.24;0;0;6;0;0;0;4;1;34;3;2267992995;0;0;0;63;0
224;10;1;37;10.5;1297;11:58:50.28;1;0.04723;-12.97404;1;88.57;0;0;6;0;0;0;4;1;35;3;2267993028;0;0;0;63;0
170;9;1;40;9.1;4823;11:58:49.89;0;24.75338;41.40352;1;88.18;0;0;6;0;0;0;4;1;34;3;2267992989;0;0;0;63;0
3;10;1;32;10.3;1905;11:58:52.64;0;-12.22437;14.61223;1;90.93;0;0;6;0;0;0;4;1;35;3;2267993264;0;0;0;63;0
222;9;1;23;9.9;2823;11:58:54.22;0;16.64359;22.80352;1;92.51;0;0;6;0;0;0;4;1;34;3;2267993422;0;0;0;63;0
228;9;1;21;9.5;3828;11:58:59.77;0;-17.22520;-34.19090;1;98.6;0;0;6;0;0;0;4;1;35;3;2267993977;0;0;0;63;0
13;10;1;19;10.1;2305;11:59:03.39;0;-22.99729;1.63857;1;101.68;0;0;6;0;0;0;4;1;35;3;2267994339;0;0;0;63;0
230;10;1;35;10.7;656;11:59:06.68;1;2.48061;6.08175;1;104.97;0;0;6;0;0;0;4;1;35;3;2267994668;0;0;0;63;0
103;10;1;14;10.5;1296;11:59:07.42;1;4.55160;-12.13839;1;105.70;0;0;6;0;0;0;4;1;35;3;2267994742;0;0;0;63;0
131;9;1;17;9.2;4579;11:59:07.55;0;13.63556;43.71718;1;105.83;0;0;6;0;0;0;4;1;35;3;2267994755;0;0;0;63;0
66;10;1;24;10.6;942;11:59:11.85;1;9.09322;-2.48693;1;110.14;0;0;6;0;0;0;4;1;34;3;2267995185;0;0;0;63;0
219;10;1;38;10.8;498;11:59:12.67;1;-4.76244;-1.48362;1;110.96;0;0;6;0;0;0;4;1;35;3;2267995267;0;0;0;63;0
79;9;1;16;9.3;4291;11:59:15.65;0;-41.60709;-10.49859;1;113.93;0;0;6;0;0;0;4;1;35;3;2267995565;0;0;0;63;0
56;9;1;13;9.6;3688;11:59:16.35;0;31.64255;-18.95411;1;114.63;0;0;6;0;0;0;4;1;36;3;2267995635;0;0;0;63;0
42;8;1;27;8.8;5689;11:59:18.94;0;-32.37130;-46.78595;1;117.23;0;0;6;0;0;0;4;1;35;3;2267995894;0;0;0;63;0
213;10;1;31;10.2;2111;11:59:20.26;0;-20.57055;-4.77305;1;118.55;0;0;6;0;0;0;4;1;34;3;2267996026;0;0;0;63;0
27;9;1;12;9.1;4783;11:59:20.72;0;-47.67451;3.91984;1;119.0;0;0;6;0;0;0;4;1;35;3;2267996072;0;0;0;63;0
60;8;1;15;8.6;6235;11:59:21.28;0;45.04712;43.10894;1;119.55;0;0;6;0;0;0;4;1;35;3;2267996128;0;0;0;63;0
156;10;1;25;10.1;2454;11:59:22.67;0;23.75171;-6.18009;1;120.96;0;0;6;0;0;0;4;1;35;3;2267996267;0;0;0;63;0
160;9;1;22;9.6;3755;11:59:25.57;0;21.53370;30.76360;1;123.86;0;0;6;0;0;0;4;1;35;3;2267996557;0;0;0;63;0
3;10;1;32;10.6;1021;11:59:27.90;1;-3.36077;9.64876;1;126.19;0;0;6;0;0;0;4;1;36;3;2267996790;0;0;0;63;0
119;10;1;20;10.6;1100;11:59:29.33;1;-1.13895;10.94786;1;127.61;0;0;6;0;0;0;4;1;34;3;2267996933;0;0;0;63;0
224;10;1;37;10.3;1747;11:59:29.75;0;4.09053;-16.98684;1;128.4;0;0;6;0;0;0;4;1;36;3;2267996975;0;0;0;63;0
73;9;1;28;9.6;3623;11:59:30.17;0;23.29873;27.75098;1;128.46;0;0;6;0;0;0;4;1;35;3;2267997017;0;0;0;63;0
207;10;1;34;10.5;1375;11:59:30.38;1;13.21458;-3.82688;1;128.67;0;0;6;0;0;0;4;1;35;3;2267997038;0;0;0;63;0
170;9;1;40;9.9;2795;11:59:33.34;0;-23.22065;15.57249;1;131.63;0;0;6;0;0;0;4;1;35;3;2267997334;0;0;0;63;0
34;10;1;26;10.0;2658;11:59:33.99;0;-26.35781;-3.43401;1;132.27;0;0;6;0;0;0;4;1;35;3;2267997399;0;0;0;63;0
228;10;1;21;10.4;1535;11:59:34.46;0;7.01415;13.65754;1;132.75;0;0;6;0;0;0;4;1;36;3;2267997446;0;0;0;63;0
222;9;1;23;9.9;2784;11:59:38.80;0;20.81760;18.49126;1;137.9;0;0;6;0;0;0;4;1;35;3;2267997880;0;0;0;63;0
144;10;1;33;10.3;1905;11:59:39.12;0;-5.91399;18.11131;1;137.40;0;0;6;0;0;0;4;1;34;3;2267997912;0;0;0;63;0
103;10;1;14;10.6;1028;11:59:39.45;1;-9.16119;-4.66599;1;137.73;0;0;6;0;0;0;4;1;36;3;2267997945;0;0;0;63;0
67;10;1;18;10.2;2058;11:59:40.42;0;-15.53870;13.49532;1;138.70;0;0;6;0;0;0;4;1;35;3;2267998042;0;0;0;63;0
85;9;1;39;9.6;3614;11:59:41.69;0;-34.50125;10.77732;1;139.98;0;0;6;0;0;0;4;1;35;3;2267998169;0;0;0;63;0
94;10;1;30;10.2;2218;11:59:44.45;0;22.08594;2.11371;1;142.74;0;0;6;0;0;0;4;1;35;3;2267998445;0;0;0;63;0
56;10;1;13;10.7;764;11:59:46.08;1;7.62718;-0.56050;1;144.36;0;0;6;0;0;1;4;1;37;3;2267998608;0;0;0;63;0
131;9;1;17;9.5;3807;11:59:54.60;0;-26.50646;-27.32682;1;152.88;0;0;6;0;0;0;4;1;36;3;2267999460;0;0;0;63;0
230;10;1;35;10.2;2050;11:59:56.30;0;11.37555;17.05468;1;154.59;0;0;6;0;0;0;4;1;36;3;2267999630;0;0;0;63;0
228;8;1;21;8.6;6109;11:59:56.57;0;-16.63860;58.78664;1;154.86;0;0;6;0;0;1;4;1;37;3;2267999657;0;0;0;63;0
213;10;1;31;10.4;1662;11:59:58.58;0;16.46465;-2.30485;1;156.87;0;0;6;0;0;0;4;1;35;3;2267999858;0;0;0;63;0
34;9;1;26;9.2;4754;12:00:04.94;0;41.24978;23.63799;1;163.22;0;0;6;0;0;0;4;1;36;3;2268000494;0;0;0;63;0
27;10;1;12;10.6;870;12:00:07.51;1;6.86755;-5.35690;1;165.79;0;0;6;0;0;0;4;1;36;3;2268000751;0;0;0;63;0
66;9;1;24;9.6;3589;12:00:07.21;0;24.29993;-26.41989;1;165.50;0;0;6;0;0;0;4;1;35;3;2268000721;0;0;0;63;0
73;9;1;28;9.8;3077;12:00:10.06;0;-24.89109;18.10074;1;168.35;0;0;6;0;0;0;4;1;36;3;2268001006;0;0;0;63;0
42;10;1;27;10.0;2526;12:00:11.01;0;-5.27088;-24.71009;1;169.30;0;0;6;0;0;0;4;1;36;3;2268001101;0;0;0;63;0
119;10;1;20;10.6;987;12:00:11.18;1;5.26663;-8.35201;1;169.46;0;0;6;0;0;0;4;1;35;3;2268001118;0;0;0;63;0
222;9;1;23;9.9;2932;12:00:11.62;0;-28.07979;-8.44867;1;169.91;0;0;6;0;0;0;4;1;36;3;2268001162;0;0;0;63;0
144;9;1;33;9.6;3567;12:00:14.77;0;-8.88923;-34.55063;1;173.5;0;0;6;0;0;0;4;1;35;3;2268001477;0;0;0;63;0
13;10;1;19;10.0;2504;12:00:16.85;0;24.96520;2.01439;1;175.14;0;0;6;0;0;0;4;1;36;3;2268001685;0;0;0;63;0
119;0;1;20;0;31048;12:00:16.90;0;-3000.00000;-3000.00000;1;175.18;0;0;6;0;0;0;4;1;36;3;2268001690;0;0;0;63;0
85;10;1;39;10.1;2386;12:00:17.10;0;-14.68341;18.80863;1;175.39;0;0;6;0;0;0;4;1;36;3;2268001710;0;0;0;63;0
224;10;1;37;10.6;1028;12:00:18.07;1;-9.02432;-4.93958;1;176.36;0;0;6;0;0;1;4;1;37;3;2268001807;0;0;0;63;0
160;10;1;22;10.1;2323;12:00:23.61;0;2.83032;-23.06470;1;181.90;0;0;6;0;0;0;4;1;36;3;2268002361;0;0;0;63;0
67;10;1;18;10.0;2593;12:00:24.79;0;25.88893;-1.58777;1;183.7;0;0;6;0;0;0;4;1;36;3;2268002479;0;0;0;63;0
170;10;1;40;10.0;2708;12:00:25.29;0;-21.05697;-17.03748;1;183.58;0;0;6;0;0;0;4;1;36;3;2268002529;0;0;0;63;0
219;9;1;38;9.5;3845;12:00:29.49;0;29.58566;-24.56559;1;187.78;0;0;6;0;0;0;4;1;36;3;2268002949;0;0;0;63;0
156;9;1;25;9.1;4834;12:00:30.87;0;-19.15848;-44.38220;1;189.16;0;0;6;0;0;0;4;1;36;3;2268003087;0;0;0;63;0
131;9;1;17;9.8;3063;12:00:32.72;0;-22.49743;-20.79598;1;191.0;0;0;6;0;0;1;4;1;37;3;2268003272;0;0;0;63;0
3;10;1;32;10.6;1082;12:00:39.04;1;8.65405;-6.50374;1;197.33;0;0;6;0;0;1;4;1;37;3;2268003904;0;0;0;63;0
213;9;1;31;9.7;3323;12:00:40.33;0;7.14499;-32.45787;1;198.62;0;0;6;0;0;0;4;1;36;3;2268004033;0;0;0;63;0
60;9;1;15;9.7;3392;12:00:41.84;0;-5.00223;33.55617;1;200.11;0;0;6;0;0;0;4;1;36;3;2268004184;0;0;0;63;0
66;9;1;24;9.8;3277;12:00:42.22;0;-30.64082;11.62737;1;200.51;0;0;6;0;0;0;4;1;36;3;2268004222;0;0;0;63;0
42;7;1;27;7.5;8821;12:00:42.50;0;-81.36897;-34.06359;1;200.79;0;0;6;0;0;1;4;1;37;3;2268004250;0;0;0;63;0
207;9;1;34;9.8;3277;12:00:45.10;0;24.59045;21.66320;1;203.39;0;0;6;0;0;0;4;1;36;3;2268004510;0;0;0;63;0
27;8;1;12;8.6;6122;12:00:46.53;0;57.38613;-21.34109;1;204.81;0;0;6;0;0;1;4;1;37;3;2268004653;0;0;0;63;0
34;9;1;26;9.9;2917;12:00:47.25;0;-27.87574;-8.59990;1;205.53;0;0;6;0;0;1;4;1;37;3;2268004725;0;0;0;63;0
219;10;1;38;10.5;1337;12:00:53.80;1;-12.75384;-4.03710;1;212.9;0;0;6;0;0;1;4;1;37;3;2268005380;0;0;0;63;0
144;10;1;33;10.6;1061;12:00:56.29;1;-5.57771;9.03281;1;214.57;0;0;6;0;0;0;4;1;36;3;2268005629;0;0;0;63;0
73;10;1;28;10.4;1518;12:00:58.01;1;-12.48090;-8.65785;1;216.30;0;0;6;0;0;1;4;1;37;3;2268005801;0;0;0;63;0
67;10;1;18;10.0;2711;12:01:03.50;0;11.21319;-24.68679;1;221.78;0;0;6;0;0;1;4;1;37;3;2268006350;0;0;0;63;0
79;10;1;16;10.1;2400;12:01:05.15;0;-23.58420;-4.49389;1;223.43;0;0;6;0;0;0;4;1;36;3;2268006515;0;0;0;63;0
85;10;1;39;10.3;1745;12:01:05.45;0;-16.40988;5.95340;1;223.74;0;0;6;0;0;1;4;1;37;3;2268006545;0;0;0;63;0
170;9;1;40;9.7;3391;12:01:08.38;0;-33.44450;-5.62037;1;226.67;0;0;6;0;0;1;4;1;37;3;2268006838;0;0;0;63;0
119;9;1;20;9.8;3278;12:01:10.08;0;27.73756;-17.47553;1;228.36;0;0;6;0;0;1;4;1;37;3;2268007008;0;0;0;63;0
66;8;1;24;8.0;7569;12:01:11.06;0;-53.58985;53.45443;1;229.35;0;0;6;0;0;1;4;1;37;3;2268007106;0;0;0;63;0
60;9;1;15;9.8;3052;12:01:15.03;0;22.16094;20.99897;1;233.30;0;0;6;0;0;1;4;1;37;3;2268007503;0;0;0;63;0
230;9;1;35;9.9;2843;12:01:18.60;0;-8.93627;26.99685;1;236.89;0;0;6;0;0;1;4;1;37;3;2268007860;0;0;0;63;0
213;10;1;31;10.3;1783;12:01:21.90;0;-11.62779;13.51830;1;240.19;0;0;6;0;0;1;4;1;37;3;2268008190;0;0;0;63;0
13;9;1;19;9.7;3301;12:01:25.87;0;-11.09137;31.09453;1;244.16;0;0;6;0;0;1;4;1;37;3;2268008587;0;0;0;63;0
103;10;1;14;10.5;1373;12:01:28.88;1;-1.29582;13.67501;1;247.16;0;0;6;0;0;1;4;1;37;3;2268008888;0;0;0;63;0
160;10;1;22;10.7;583;12:01:29.88;1;5.55277;1.79953;1;248.17;0;0;6;0;0;1;4;1;37;3;2268008988;0;0;0;63;0
207;9;1;34;9.9;2867;12:01:32.84;0;19.51496;21.00603;1;251.13;0;0;6;0;0;1;4;1;37;3;2268009284;0;0;0;63;0
144;10;1;33;10.4;1447;12:01:34.63;1;7.80288;-12.18948;1;252.91;0;0;6;0;0;1;4;1;37;3;2268009463;0;0;0;63;0
79;9;1;16;9.0;5075;12:01:36.50;0;-41.89259;-28.65625;1;254.78;0;0;6;0;0;1;4;1;37;3;2268009650;0;0;0;63;0
156;10;1;25;10.6;1063;12:01:45.51;1;-8.85829;-5.88279;1;263.80;0;0;6;0;0;1;4;1;37;3;2268010551;0;0;0;63;0
94;10;1;30;10.9;209;12:01:51.70;1;-1.77835;-1.10436;1;269.99;0;0;6;0;0;0;4;1;36;3;2268011170;0;0;0;63;0
222;10;1;23;10.9;197;12:01:55.04;1;1.06031;-1.67021;1;273.33;0;0;6;0;0;1;4;1;37;3;2268011504;0;0;0;63;0
119;9;1;20;9.7;3454;12:02:03.43;0;-6.40172;-33.94415;1;281.71;0;0;6;0;2;0;4;1;39;12;2268012343;0;0;0;63;0
94;9;1;30;9.2;4612;12:02:12.40;0;-45.89141;-4.67301;1;290.69;0;0;6;0;0;1;4;1;37;3;2268013240;0;0;0;63;0
79;10;1;16;10.2;2117;12:05:30.62;0;-20.18665;-6.39706;1;12.7;0;0;6;0;0;0;5;1;40;3;2268033062;0;0;0;63;0
230;9;1;35;9.5;3899;12:05:30.94;0;17.28086;-34.95415;1;12.40;0;0;6;0;0;0;5;1;40;3;2268033094;0;0;0;63;0
228;10;1;21;10.3;1885;12:05:32.10;0;10.18126;15.86428;1;13.56;0;0;6;0;0;0;5;1;40;3;2268033210;0;0;0;63;0
222;10;1;23;10.5;1265;12:05:32.13;1;-12.55533;-1.55456;1;13.59;0;0;6;0;0;0;5;1;40;3;2268033213;0;0;0;63;0
56;9;1;13;9.5;3899;12:05:33.85;0;-29.26177;25.77146;1;15.30;0;0;6;0;0;0;5;1;40;3;2268033385;0;0;0;63;0
66;10;1;24;10.9;236;12:05:34.58;1;2.17562;-0.92493;1;16.4;0;0;6;0;0;0;5;1;40;3;2268033458;0;0;0;63;0
3;10;1;32;10.0;2600;12:05:35.23;0;-24.41104;-8.97604;1;16.69;0;0;6;0;0;0;5;1;40;3;2268033523;0;0;0;63;0
34;10;1;26;10.5;1194;12:05:35.03;1;-11.93188;-0.55200;1;16.48;0;0;6;0;0;0;5;1;40;3;2268033503;0;0;0;63;0
60;10;1;15;10.3;1865;12:05:36.65;0;17.30897;6.96969;1;18.10;0;0;6;0;0;0;5;1;40;3;2268033665;0;0;0;63;0
170;10;1;40;10.5;1157;12:05:37.29;1;8.73115;7.59844;1;18.74;0;0;6;0;0;0;5;1;40;3;2268033729;0;0;0;63;0
103;10;1;14;10.3;1906;12:05:37.39;0;19.05853;0.35647;1;18.84;0;0;6;0;0;0;5;1;40;3;2268033739;0;0;0;63;0
207;10;1;34;10.3;1739;12:05:38.51;0;11.29154;-13.23712;1;19.97;0;0;6;0;0;0;5;1;40;3;2268033851;0;0;0;63;0
131;10;1;17;10.4;1662;12:05:40.09;0;-16.47185;-2.25495;1;21.54;0;0;6;0;0;0;5;1;40;3;2268034009;0;0;0;63;0
94;9;1;30;9.8;3246;12:05:41.87;0;-29.85837;-12.75269;1;23.33;0;0;6;0;0;0;5;1;40;3;2268034187;0;0;0;63;0
219;9;1;38;9.7;3299;12:05:48.23;0;21.60929;24.93482;1;29.69;0;0;6;0;0;0;5;1;40;3;2268034823;0;0;0;63;0
13;10;1;19;10.2;2169;12:05:48.19;0;-20.90806;-5.80862;1;29.64;0;0;6;0;0;0;5;1;40;3;2268034819;0;0;0;63;0
27;9;1;12;9.9;2857;12:05:53.25;0;9.71479;-26.87592;1;34.70;0;0;6;0;0;0;5;1;40;3;2268035325;0;0;0;63;0
85;9;1;39;9.6;3610;12:05:53.43;0;-13.52687;-33.47303;1;34.89;0;0;6;0;0;0;5;1;40;3;2268035343;0;0;0;63;0
42;10;1;27;10.8;554;12:05:53.80;1;-1.04989;-5.44283;1;35.26;0;0;6;0;0;0;5;1;40;3;2268035380;0;0;0;63;0
34;10;1;26;10.1;2234;12:06:00.24;0;10.99715;19.44658;1;41.69;0;0;6;0;0;0;5;1;41;3;2268036024;0;0;0;63;0
222;10;1;23;10.5;1229;12:06:00.85;1;0.17754;12.29156;1;42.31;0;0;6;0;0;0;5;1;41;3;2268036085;0;0;0;63;0
228;9;1;21;9.6;3746;12:06:01.54;0;16.10030;33.82880;1;43.0;0;0;6;0;0;0;5;1;41;3;2268036154;0;0;0;63;0
79;9;1;16;9.8;3168;12:06:02.93;0;28.52152;-13.79000;1;44.38;0;0;6;0;0;0;5;1;41;3;2268036293;0;0;0;63;0
73;8;1;28;8.9;5518;12:06:04.69;0;1.82244;-55.15641;1;46.15;0;0;6;0;0;0;5;1;40;3;2268036469;0;0;0;63;0
60;10;1;15;10.6;922;12:06:06.95;1;-8.90885;-2.38231;1;48.40;0;0;6;0;0;0;5;1;41;3;2268036695;0;0;0;63;0
213;9;1;31;9.6;3574;12:06:07.22;0;-35.37845;-5.09792;1;48.68;0;0;6;0;0;0;5;1;40;3;2268036722;0;0;0;63;0
144;9;1;33;9.9;3026;12:06:07.00;0;17.90092;24.40943;1;48.46;0;0;6;0;0;0;5;1;40;3;2268036700;0;0;0;63;0
3;10;1;32;10.5;1329;12:06:09.34;1;6.40404;11.65509;1;50.80;0;0;6;0;0;0;5;1;41;3;2268036934;0;0;0;63;0
170;9;1;40;9.7;3517;12:06:10.49;0;35.00451;3.44625;1;51.94;0;0;6;0;0;0;5;1;41;3;2268037049;0;0;0;63;0
119;10;1;20;10.1;2374;12:06:13.50;0;-19.21592;-13.94369;1;54.95;0;0;6;0;0;0;5;1;41;3;2268037350;0;0;0;63;0
131;10;1;17;10.4;1459;12:06:17.70;1;7.69101;12.39928;1;59.15;0;0;6;0;0;0;5;1;41;3;2268037770;0;0;0;63;0
13;10;1;19;10.0;2595;12:06:21.35;0;20.41953;16.02685;1;62.80;0;0;6;0;0;0;5;1;41;3;2268038135;0;0;0;63;0
156;10;1;25;10.3;1943;12:06:22.74;0;16.21362;-10.72215;1;64.19;0;0;6;0;0;0;5;1;40;3;2268038274;0;0;0;63;0
42;9;1;27;9.2;4641;12:06:23.32;0;4.98736;-46.15061;1;64.78;0;0;6;0;0;0;5;1;41;3;2268038332;0;0;0;63;0
27;9;1;12;9.6;3657;12:06:24.63;0;-34.20230;-12.95169;1;66.8;0;0;6;0;0;0;5;1;41;3;2268038463;0;0;0;63;0
94;10;1;30;10.1;2469;12:06:26.67;0;-23.12835;8.66691;1;68.13;0;0;6;0;0;0;5;1;41;3;2268038667;0;0;0;63;0
228;10;1;21;10.4;1412;12:06:27.03;1;8.67983;11.14053;1;68.49;0;0;6;0;0;0;5;1;42;3;2268038703;0;0;0;63;0
207;10;1;34;10.2;2157;12:06:27.14;0;20.84722;5.55892;1;68.60;0;0;6;0;0;0;5;1;41;3;2268038714;0;0;0;63;0
85;10;1;39;10.0;2610;12:06:28.92;0;8.85307;24.55479;1;70.38;0;0;6;0;0;0;5;1;41;3;2268038892;0;0;0;63;0
67;10;1;18;10.5;1297;12:06:30.80;1;-12.30054;-4.11381;1;72.24;0;0;6;0;0;0;5;1;40;3;2268039080;0;0;0;63;0
160;9;1;22;9.8;3198;12:06:31.31;0;-0.07967;-31.98966;1;72.77;0;0;6;0;0;0;5;1;40;3;2268039131;0;0;0;63;0
224;10;1;37;10.0;2707;12:06:34.16;0;20.79211;17.33552;1;75.61;0;0;6;0;0;0;5;1;40;3;2268039416;0;0;0;63;0
56;9;1;13;9.6;3697;12:06:38.56;0;-26.24268;-26.04640;1;80.1;0;0;6;0;0;0;5;1;41;3;2268039856;0;0;0;63;0
66;10;1;24;10.1;2382;12:06:39.06;0;-8.08189;22.41355;1;80.52;0;0;6;0;0;0;5;1;41;3;2268039906;0;0;0;63;0
79;10;1;16;10.0;2621;12:06:41.16;0;3.67898;25.95469;1;82.61;0;0;6;0;0;0;5;1;42;3;2268040116;0;0;0;63;0
213;9;1;31;9.0;5211;12:06:42.82;0;-14.33688;-50.10697;1;84.28;0;0;6;0;0;0;5;1;41;3;2268040282;0;0;0;63;0
144;9;1;33;9.9;2879;12:06:44.53;0;-11.95883;-26.19190;1;85.99;0;0;6;0;0;0;5;1;41;3;2268040453;0;0;0;63;0
73;10;1;28;10.0;2714;12:06:47.97;0;8.29980;-25.84380;1;89.43;0;0;6;0;0;0;5;1;41;3;2268040797;0;0;0;63;0
42;7;1;27;7.9;7819;12:06:53.12;0;-59.30679;-50.95690;1;94.58;0;0;6;0;0;0;5;1;42;3;2268041312;0;0;0;63;0
222;10;1;23;10.5;1192;12:06:55.01;1;-2.04276;11.74979;1;96.47;0;0;6;0;0;0;5;1;42;3;2268041501;0;0;0;63;0
156;10;1;25;10.4;1664;12:06:54.97;0;-0.88244;-16.61776;1;96.42;0;0;6;0;0;0;5;1;41;3;2268041497;0;0;0;63;0
27;8;1;12;8.5;6482;12:06:57.41;0;-36.25683;53.73492;1;98.86;0;0;6;0;0;0;5;1;42;3;2268041741;0;0;0;63;0
13;10;1;19;10.7;748;12:06:56.92;1;-1.11555;7.40638;1;98.37;0;0;6;0;0;0;5;1;42;3;2268041692;0;0;0;63;0
34;10;1;26;10.3;1842;12:06:57.77;0;8.48334;16.35231;1;99.22;0;0;6;0;0;0;5;1;42;3;2268041777;0;0;0;63;0
131;10;1;17;10.4;1431;12:06:58.97;1;6.48435;12.75661;1;100.42;0;0;6;0;0;0;5;1;42;3;2268041897;0;0;0;63;0
160;9;1;22;9.2;4762;12:06:59.39;0;25.20687;-40.40668;1;100.85;0;0;6;0;0;0;5;1;41;3;2268041939;0;0;0;63;0
94;9;1;30;9.3;4459;12:07:06.47;0;44.59199;-0.51733;1;107.93;0;0;6;0;0;0;5;1;42;3;2268042647;0;0;0;63;0
85;10;1;39;10.2;2180;12:07:07.03;0;2.64204;21.64401;1;108.49;0;0;6;0;0;0;5;1;42;3;2268042703;0;0;0;63;0
224;9;1;37;9.9;3006;12:07:08.12;0;-19.93864;-22.50266;1;109.57;0;0;6;0;0;0;5;1;41;3;2268042812;0;0;0;63;0
60;8;1;15;8.9;5310;12:07:10.27;0;-43.30778;-30.72773;1;111.72;0;0;6;0;0;0;5;1;42;3;2268043027;0;0;0;63;0
119;10;1;20;10.0;2598;12:07:11.06;0;-24.71652;-8.02991;1;112.51;0;0;6;0;0;0;5;1;42;3;2268043106;0;0;0;63;0
103;9;1;14;9.8;3190;12:07:13.33;0;12.11451;29.51946;1;114.78;0;0;6;0;0;0;5;1;41;3;2268043333;0;0;0;63;0
67;9;1;18;9.2;4662;12:07:15.49;0;45.45596;10.37337;1;116.93;0;0;6;0;0;0;5;1;41;3;2268043549;0;0;0;63;0
56;9;1;13;9.7;3526;12:07:16.50;0;11.57170;-33.30830;1;117.95;0;0;6;0;0;0;5;1;42;3;2268043650;0;0;0;63;0
42;9;1;27;9.3;4284;12:07:21.24;0;40.95180;12.60298;1;122.70;0;0;6;0;0;0;5;1;43;3;2268044124;0;0;0;63;0
79;9;1;16;9.4;4215;12:07:21.49;0;-37.29140;-19.65136;1;122.94;0;0;6;0;0;0;5;1;43;3;2268044149;0;0;0;63;0
170;10;1;40;10.3;1718;12:07:24.02;0;-15.58483;-7.23245;1;125.47;0;0;6;0;0;0;5;1;42;3;2268044402;0;0;0;63;0
3;9;1;32;9.5;3973;12:07:24.38;0;-15.88037;-36.41906;1;125.84;0;0;6;0;0;0;5;1;42;3;2268044438;0;0;0;63;0
222;10;1;23;10.1;2321;12:07:26.52;0;-23.03768;-2.88464;1;127.98;0;0;6;0;0;0;5;1;43;3;2268044652;0;0;0;63;0
27;10;1;12;10.5;1297;12:07:29.07;1;-12.41069;-3.79687;1;130.52;0;0;6;0;0;0;5;1;43;3;2268044907;0;0;0;63;0
144;10;1;33;10.2;2175;12:07:31.06;0;-18.92160;10.73925;1;132.52;0;0;6;0;0;0;5;1;42;3;2268045106;0;0;0;63;0
207;10;1;34;10.4;1615;12:07:31.29;0;16.15219;0.38971;1;132.75;0;0;6;0;0;0;5;1;42;3;2268045129;0;0;0;63;0
230;10;1;35;10.1;2255;12:07:33.08;0;21.59281;6.51285;1;134.54;0;0;6;0;0;0;5;1;41;3;2268045308;0;0;0;63;0
160;10;1;22;10.3;1708;12:07:35.01;0;-11.17870;-12.92318;1;136.47;0;0;6;0;0;0;5;1;42;3;2268045501;0;0;0;63;0
34;8;1;26;8.5;6359;12:07:35.26;0;-56.81739;-28.57717;1;136.71;0;0;6;0;0;0;5;1;43;3;2268045526;0;0;0;63;0
66;9;1;24;9.7;3295;12:07:41.60;0;-29.99399;-13.65312;1;143.6;0;0;6;0;0;0;5;1;42;3;2268046160;0;0;0;63;0
131;10;1;17;10.0;2778;12:07:43.18;0;-9.64095;-26.05508;1;144.63;0;0;6;0;0;0;5;1;43;3;2268046318;0;0;0;63;0
56;10;1;13;10.5;1283;12:07:44.65;1;12.27252;3.74834;1;146.10;0;0;6;0;0;0;5;1;43;3;2268046465;0;0;0;63;0
13;9;1;19;9.5;3946;12:07:45.35;0;-2.68506;-39.37754;1;146.80;0;0;6;0;0;0;5;1;43;3;2268046535;0;0;0;63;0
103;10;1;14;10.2;2092;12:07:45.64;0;-20.79552;-2.36811;1;147.9;0;0;6;0;0;0;5;1;42;3;2268046564;0;0;0;63;0
219;8;1;38;8.7;5898;12:07:48.01;0;-16.47435;-56.63640;1;149.47;0;0;6;0;0;0;5;1;41;3;2268046801;0;0;0;63;0
85;9;1;39;9.3;4480;12:07:48.18;0;42.76476;13.35100;1;149.64;0;0;6;0;0;0;5;1;43;3;2268046818;0;0;0;63;0
42;9;1;27;9.8;3064;12:07:49.63;0;17.03464;-25.47884;1;151.9;0;0;6;0;0;1;5;1;44;3;2268046963;0;0;0;63;0
224;10;1;37;10.4;1393;12:07:50.33;1;-3.73820;13.42521;1;151.78;0;0;6;0;0;0;5;1;42;3;2268047033;0;0;0;63;0
119;10;1;20;10.3;1881;12:07:52.04;0;-18.33044;-4.24510;1;153.49;0;0;6;0;0;0;5;1;43;3;2268047204;0;0;0;63;0
73;9;1;28;9.6;3564;12:07:53.83;0;3.40664;35.48453;1;155.29;0;0;6;0;0;0;5;1;42;3;2268047383;0;0;0;63;0
222;10;1;23;10.0;2556;12:07:57.66;0;-7.52508;24.43516;1;159.12;0;0;6;0;0;1;5;1;44;3;2268047766;0;0;0;63;0
156;10;1;25;10.0;2710;12:07:58.39;0;-22.19976;-15.54743;1;159.84;0;0;6;0;0;0;5;1;42;3;2268047839;0;0;0;63;0
213;9;1;31;9.9;3007;12:07:59.30;0;11.68008;-27.71922;1;160.76;0;0;6;0;0;0;5;1;42;3;2268047930;0;0;0;63;0
160;9;1;22;9.9;2912;12:08:00.83;0;-28.58547;-5.55428;1;162.29;0;0;6;0;0;0;5;1;43;3;2268048083;0;0;0;63;0
170;10;1;40;10.2;1949;12:08:01.57;0;5.72221;-18.63323;1;163.2;0;0;6;0;0;0;5;1;43;3;2268048157;0;0;0;63;0
67;10;1;18;10.5;1263;12:08:02.95;1;7.83157;9.90929;1;164.39;0;0;6;0;0;0;5;1;42;3;2268048295;0;0;0;63;0
94;9;1;30;9.9;2842;12:08:03.10;0;25.06440;13.40351;1;164.56;0;0;6;0;0;0;5;1;43;3;2268048310;0;0;0;63;0
3;9;1;32;9.3;4406;12:08:02.92;0;41.78318;13.99285;1;164.38;0;0;6;0;0;0;5;1;43;3;2268048292;0;0;0;63;0
228;10;1;21;10.1;2302;12:08:05.25;0;13.51704;-18.64547;1;166.71;0;0;6;0;0;0;5;1;43;3;2268048525;0;0;0;63;0
27;9;1;12;9.5;3792;12:08:05.66;0;-26.43494;-27.19782;1;167.11;0;0;6;0;0;1;5;1;44;3;2268048566;0;0;0;63;0
56;9;1;13;9.5;3867;12:08:08.88;0;26.74538;-27.93296;1;170.33;0;0;6;0;0;1;5;1;44;3;2268048888;0;0;0;63;0
144;10;1;33;10.6;997;12:08:11.10;1;-9.90269;-1.18740;1;172.56;0;0;6;0;0;0;5;1;43;3;2268049110;0;0;0;63;0
207;10;1;34;10.2;2124;12:08:11.49;0;20.84974;-4.08887;1;172.95;0;0;6;0;0;0;5;1;43;3;2268049149;0;0;0;63;0
66;9;1;24;9.3;4338;12:08:11.66;0;-31.17484;30.17845;1;173.12;0;0;6;0;0;0;5;1;43;3;2268049166;0;0;0;63;0
60;9;1;15;9.8;3160;12:08:15.89;0;-27.99479;-14.65887;1;177.34;0;0;6;0;0;0;5;1;43;3;2268049589;0;0;0;63;0
103;10;1;14;10.8;427;12:08:18.97;1;3.72242;-2.09422;1;180.42;0;0;6;0;0;0;5;1;43;3;2268049897;0;0;0;63;0
13;10;1;19;10.6;1019;12:08:27.37;1;-1.98165;-10.00450;1;188.82;0;0;6;0;0;1;5;1;44;3;2268050737;0;0;0;63;0
131;9;1;17;9.6;3532;12:08:29.97;0;-34.37779;8.11677;1;191.42;0;0;6;0;0;1;5;1;44;3;2268050997;0;0;0;63;0
79;10;1;16;10.0;2534;12:08:31.26;0;3.74550;-25.06718;1;192.71;0;0;6;0;0;1;5;1;44;3;2268051126;0;0;0;63;0
73;10;1;28;10.2;2094;12:08:31.09;0;-13.87134;15.69384;1;192.55;0;0;6;0;0;0;5;1;43;3;2268051109;0;0;0;63;0
224;10;1;37;10.2;2112;12:08:31.35;0;1.62087;21.06158;1;192.80;0;0;6;0;0;0;5;1;43;3;2268051135;0;0;0;63;0
230;9;1;35;9.9;2828;12:08:32.10;0;26.86510;-8.85324;1;193.56;0;0;6;0;0;0;5;1;42;3;2268051210;0;0;0;63;0
160;8;1;22;8.6;6213;12:08:33.83;0;-45.69976;-42.10166;1;195.29;0;0;6;0;0;1;5;1;44;3;2268051383;0;0;0;63;0
156;9;1;25;9.6;3628;12:08:36.55;0;-10.36147;-34.77553;1;198.0;0;0;6;0;0;0;5;1;43;3;2268051655;0;0;0;63;0
94;10;1;30;10.1;2237;12:08:38.19;0;-18.40393;-12.72449;1;199.65;0;0;6;0;0;1;5;1;44;3;2268051819;0;0;0;63;0
119;10;1;20;10.5;1253;12:08:39.64;1;-2.18968;12.33900;1;201.9;0;0;6;0;0;0;5;1;44;3;2268051964;0;0;0;63;0
219;10;1;38;10.1;2404;12:08:41.47;0;1.74700;-23.97803;1;202.93;0;0;6;0;0;0;5;1;42;3;2268052147;0;0;0;63;0
85;9;1;39;9.9;2924;12:08:42.24;0;-23.26073;17.72963;1;203.70;0;0;6;0;0;1;5;1;44;3;2268052224;0;0;0;63;0
67;10;1;18;10.2;2210;12:08:42.45;0;-0.83740;-22.08481;1;203.89;0;0;6;0;0;0;5;1;43;3;2268052245;0;0;0;63;0
66;10;1;24;10.5;1126;12:08:42.57;1;11.22283;-0.95040;1;204.3;0;0;6;0;0;1;5;1;44;3;2268052257;0;0;0;63;0
213;10;1;31;10.6;944;12:08:42.48;1;6.28613;-7.04939;1;203.94;0;0;6;0;0;0;5;1;43;3;2268052248;0;0;0;63;0
60;9;1;15;9.4;4072;12:08:54.33;0;24.25561;-32.71310;1;215.78;0;0;6;0;0;1;5;1;44;3;2268053433;0;0;0;63;0
103;10;1;14;10.2;2175;12:08:55.22;0;-12.76178;-17.61405;1;216.67;0;0;6;0;0;1;5;1;44;3;2268053522;0;0;0;63;0
230;9;1;35;9.7;3303;12:08:56.69;0;24.14919;-22.53642;1;218.15;0;0;6;0;0;0;5;1;43;3;2268053669;0;0;0;63;0
34;9;1;26;9.8;3174;12:09:00.24;0;14.74164;-28.11615;1;221.69;0;0;6;0;0;1;5;1;44;3;2268054024;0;0;0;63;0
219;9;1;38;9.3;4431;12:09:00.48;0;39.98721;-19.11106;1;221.94;0;0;6;0;0;0;5;1;43;3;2268054048;0;0;0;63;0
3;10;1;32;10.5;1276;12:09:04.55;1;6.23740;-11.13372;1;226.1;0;0;6;0;0;1;5;1;44;3;2268054455;0;0;0;63;0
207;8;1;34;8.7;5861;12:09:09.14;0;-4.27297;-58.46102;1;230.60;0;0;6;0;0;1;5;1;44;3;2268054914;0;0;0;63;0
224;10;1;37;10.6;1077;12:09:14.60;1;10.26939;3.25657;1;236.5;0;0;6;0;0;1;5;1;44;3;2268055460;0;0;0;63;0
73;10;1;28;10.5;1193;12:09:14.93;1;-7.34603;-9.40053;1;236.39;0;0;6;0;0;1;5;1;44;3;2268055493;0;0;0;63;0
170;9;1;40;9.9;2952;12:09:16.91;0;23.78628;-17.49485;1;238.36;0;0;6;0;0;1;5;1;44;3;2268055691;0;0;0;63;0
213;10;1;31;10.4;1665;12:09:17.72;0;-7.86188;14.67896;1;239.18;0;0;6;0;0;1;5;1;44;3;2268055772;0;0;0;63;0
156;10;1;25;10.4;1627;12:09:19.23;0;1.19555;-16.22869;1;240.68;0;0;6;0;0;1;5;1;44;3;2268055923;0;0;0;63;0
144;8;1;33;8.5;6450;12:09:23.77;0;-22.56764;60.42659;1;245.23;0;0;6;0;0;1;5;1;44;3;2268056377;0;0;0;63;0
219;8;1;38;8.6;6031;12:09:25.83;0;-27.08915;-53.89133;1;247.29;0;0;6;0;0;1;5;1;44;3;2268056583;0;0;0;63;0
67;10;1;18;10.2;2028;12:09:26.07;0;19.81281;-4.35524;1;247.51;0;0;6;0;0;1;5;1;44;3;2268056607;0;0;0;63;0
230;10;1;35;10.0;2755;12:09:28.54;0;25.17555;-11.19790;1;250.0;0;0;6;0;0;1;5;1;44;3;2268056854;0;0;0;63;0
119;10;1;20;10.4;1400;12:09:32.98;1;13.84003;-2.13745;1;254.43;0;0;6;0;0;1;5;1;45;3;2268057298;0;0;0;63;0
79;9;1;16;9.0;5171;12:13:24.97;0;-27.13154;-44.02718;1;8.49;0;0;6;0;0;0;6;1;47;3;2268080497;0;0;0;63;0
144;10;1;33;10.1;2306;12:13:26.29;0;-20.32821;10.90234;1;9.82;0;0;6;0;0;0;6;1;47;3;2268080629;0;0;0;63;0
224;9;1;37;9.9;2892;12:13:27.23;0;21.56445;19.28431;1;10.76;0;0;6;0;0;0;6;1;47;3;2268080723;0;0;0;63;0
56;9;1;13;9.5;3851;12:13:27.34;0;-0.41904;-38.50999;1;10.86;0;0;6;0;0;0;6;1;47;3;2268080734;0;0;0;63;0
170;10;1;40;10.5;1329;12:13:28.29;1;5.55190;-12.07557;1;11.82;0;0;6;0;0;0;6;1;47;3;2268080829;0;0;0;63;0
34;9;1;26;9.6;3768;12:13:28.95;0;-8.26548;-36.77101;1;12.48;0;0;6;0;0;0;6;1;47;3;2268080895;0;0;0;63;0
60;10;1;15;10.7;752;12:13:30.96;1;7.38084;1.48561;1;14.48;0;0;6;0;0;0;6;1;47;3;2268081096;0;0;0;63;0
222;9;1;23;9.8;3198;12:13:31.73;0;-31.70258;-4.21820;1;15.25;0;0;6;0;0;0;6;1;47;3;2268081173;0;0;0;63;0
73;10;1;28;10.3;1877;12:13:31.34;0;0.91749;-18.74918;1;14.86;0;0;6;0;0;0;6;1;47;3;2268081134;0;0;0;63;0
219;10;1;38;10.5;1145;12:13:32.87;1;3.93811;-10.75530;1;16.40;0;0;6;0;0;0;6;1;47;3;2268081287;0;0;0;63;0
42;10;1;27;10.4;1456;12:13:33.37;1;-1.44076;-14.49434;1;16.90;0;0;6;0;0;0;6;1;47;3;2268081337;0;0;0;63;0
213;9;1;31;9.9;2879;12:13:32.97;0;5.63423;28.23879;1;16.49;0;0;6;0;0;0;6;1;47;3;2268081297;0;0;0;63;0
3;9;1;32;9.9;2939;12:13:35.41;0;1.21267;-29.36564;1;18.94;0;0;6;0;0;0;6;1;47;3;2268081541;0;0;0;63;0
207;10;1;34;10.3;1727;12:13:36.63;0;3.12835;-16.98510;1;20.16;0;0;6;0;0;0;6;1;47;3;2268081663;0;0;0;63;0
85;10;1;39;10.3;1849;12:13:45.68;0;-17.53046;5.90202;1;29.21;0;0;6;0;0;0;6;1;47;3;2268082568;0;0;0;63;0
27;10;1;12;10.8;379;12:13:46.17;1;3.77147;0.39972;1;29.68;0;0;6;0;0;0;6;1;47;3;2268082617;0;0;0;63;0
160;10;1;22;10.3;1818;12:13:46.94;0;-5.17905;-17.42842;1;30.47;0;0;6;0;0;0;6;1;47;3;2268082694;0;0;0;63;0
131;9;1;17;9.4;4250;12:13:50.35;0;-42.26445;4.55972;1;33.86;0;0;6;0;0;0;6;1;47;3;2268083035;0;0;0;63;0
56;8;1;13;8.9;5304;12:13:52.43;0;4.42969;52.85518;1;35.95;0;0;6;0;0;0;6;1;48;3;2268083243;0;0;0;63;0
34;9;1;26;9.7;3497;12:13:54.58;0;-8.03742;34.03874;1;38.11;0;0;6;0;0;0;6;1;48;3;2268083458;0;0;0;63;0
230;9;1;35;9.8;3208;12:13:59.74;0;30.71808;9.26327;1;43.26;0;0;6;0;0;0;6;1;47;3;2268083974;0;0;0;63;0
42;10;1;27;10.7;709;12:14:05.20;1;-3.95208;5.89823;1;48.73;0;0;6;0;0;0;6;1;48;3;2268084520;0;0;0;63;0
73;10;1;28;10.6;839;12:14:04.98;1;2.05266;-8.13833;1;48.50;0;0;6;0;0;0;6;1;48;3;2268084498;0;0;0;63;0
170;10;1;40;10.1;2317;12:14:05.31;0;-23.16783;-0.70192;1;48.84;0;0;6;0;0;0;6;1;48;3;2268084531;0;0;0;63;0
3;9;1;32;9.7;3403;12:14:07.14;0;28.13263;19.16151;1;50.67;0;0;6;0;0;0;6;1;48;3;2268084714;0;0;0;63;0
144;9;1;33;9.8;3066;12:14:07.28;0;-3.32982;30.48143;1;50.81;0;0;6;0;0;0;6;1;48;3;2268084728;0;0;0;63;0
94;9;1;30;9.6;3768;12:14:10.81;0;31.56143;20.58543;1;54.33;0;0;6;0;0;0;6;1;47;3;2268085081;0;0;0;63;0
228;10;1;21;10.4;1657;12:14:12.71;0;-2.87724;16.32657;1;56.23;0;0;6;0;0;1;5;1;44;3;2268085271;0;0;0;63;0
156;10;1;25;10.2;2218;12:14:12.14;0;-8.15409;20.63690;1;55.66;0;0;6;0;0;0;6;1;47;3;2268085214;0;0;0;63;0
224;9;1;37;9.4;4144;12:14:16.59;0;-36.28884;20.02577;1;60.12;0;0;6;0;0;0;6;1;48;3;2268085659;0;0;0;63;0
160;10;1;22;10.0;2687;12:14:17.31;0;-26.45623;-4.75126;1;60.84;0;0;6;0;0;0;6;1;48;3;2268085731;0;0;0;63;0
27;10;1;12;10.0;2666;12:14:17.76;0;-18.42749;-19.27626;1;61.27;0;0;6;0;0;0;6;1;48;3;2268085776;0;0;0;63;0
222;10;1;23;10.1;2363;12:14:21.09;0;17.60999;15.77126;1;64.61;0;0;6;0;0;0;6;1;48;3;2268086109;0;0;0;63;0
56;10;1;13;10.2;1989;12:14:23.73;0;17.95794;-8.56363;1;67.25;0;0;6;0;0;0;6;1;49;3;2268086373;0;0;0;63;0
207;10;1;34;10.1;2267;12:14:24.16;0;21.83650;-6.12207;1;67.69;0;0;6;0;0;0;6;1;48;3;2268086416;0;0;0;63;0
79;10;1;16;10.3;1745;12:14:29.83;0;9.96287;-14.33668;1;73.35;0;0;6;0;0;0;6;1;48;3;2268086983;0;0;0;63;0
85;8;1;39;8.8;5594;12:14:31.41;0;54.16862;13.97922;1;74.94;0;0;6;0;0;0;6;1;48;3;2268087141;0;0;0;63;0
131;10;1;17;10.5;1319;12:14:32.51;1;-10.87905;-7.47054;1;76.2;0;0;6;0;0;0;6;1;48;3;2268087251;0;0;0;63;0
103;10;1;14;10.2;2216;12:14:32.18;0;0.74840;22.15480;1;75.69;0;0;6;0;0;0;6;1;47;3;2268087218;0;0;0;63;0
66;10;1;24;10.5;1163;12:14:32.59;1;-10.72683;-4.50115;1;76.11;0;0;6;0;0;0;6;1;47;3;2268087259;0;0;0;63;0
170;10;1;40;10.6;903;12:14:37.41;1;-6.74619;-6.00410;1;80.94;0;0;6;0;0;0;6;1;49;3;2268087741;0;0;0;63;0
60;10;1;15;10.4;1444;12:14:38.53;1;1.78052;-14.33568;1;82.5;0;0;6;0;0;0;6;1;48;3;2268087853;0;0;0;63;0
42;9;1;27;9.8;3206;12:14:38.92;0;-19.17879;25.69192;1;82.45;0;0;6;0;0;0;6;1;49;3;2268087892;0;0;0;63;0
119;10;1;20;10.0;2525;12:14:41.17;0;15.96045;19.57607;1;84.69;0;0;6;0;0;0;6;1;48;3;2268088117;0;0;0;63;0
213;10;1;31;10.3;1776;12:14:43.36;0;-2.25564;-17.62182;1;86.88;0;0;6;0;0;0;6;1;48;3;2268088336;0;0;0;63;0
156;9;1;25;9.8;3257;12:14:43.56;0;6.30371;31.96242;1;87.8;0;0;6;0;0;0;6;1;48;3;2268088356;0;0;0;63;0
34;9;1;26;9.4;4230;12:14:46.41;0;23.22379;35.36343;1;89.94;0;0;6;0;0;0;6;1;49;3;2268088641;0;0;0;63;0
73;8;1;28;8.8;5618;12:14:46.30;0;-1.36190;56.16568;1;89.82;0;0;6;0;0;0;6;1;49;3;2268088630;0;0;0;63;0
67;9;1;18;9.1;4955;12:14:47.19;0;10.34169;-48.46107;1;90.71;0;0;6;0;0;0;6;1;47;3;2268088719;0;0;0;63;0
13;9;1;19;9.7;3528;12:14:46.84;0;-34.60344;-6.89970;1;90.36;0;0;6;0;0;0;6;1;47;3;2268088684;0;0;0;63;0
160;10;1;22;10.5;1130;12:14:47.70;1;-1.91951;-11.13960;1;91.23;0;0;6;0;0;0;6;1;49;3;2268088770;0;0;0;63;0
94;10;1;30;10.2;2144;12:14:47.62;0;-11.49986;-18.10575;1;91.14;0;0;6;0;0;0;6;1;48;3;2268088762;0;0;0;63;0
144;9;1;33;9.6;3593;12:14:48.01;0;-2.52644;35.84364;1;91.54;0;0;6;0;0;0;6;1;49;3;2268088801;0;0;0;63;0
3;8;1;32;8.4;6730;12:14:48.97;0;19.46433;64.43218;1;92.50;0;0;6;0;0;0;6;1;49;3;2268088897;0;0;0;63;0
222;10;1;23;10.3;1813;12:14:52.70;0;-9.32420;15.55714;1;96.22;0;0;6;0;0;0;6;1;49;3;2268089270;0;0;0;63;0
66;10;1;24;10.2;1964;12:14:59.52;0;-15.58429;-11.96205;1;103.4;0;0;6;0;0;0;6;1;48;3;2268089952;0;0;0;63;0
103;10;1;14;10.0;2667;12:15:01.55;0;6.83134;-25.78895;1;105.6;0;0;6;0;0;0;6;1;48;3;2268090155;0;0;0;63;0
79;9;1;16;9.7;3421;12:15:05.79;0;-20.81903;-27.15834;1;109.31;0;0;6;0;0;0;6;1;49;3;2268090579;0;0;0;63;0
85;10;1;39;10.1;2357;12:15:06.64;0;-12.11773;20.22017;1;110.17;0;0;6;0;0;0;6;1;49;3;2268090664;0;0;0;63;0
230;9;1;35;9.7;3465;12:15:06.99;0;-33.63219;8.33940;1;110.51;0;0;6;0;0;0;6;1;48;3;2268090699;0;0;0;63;0
42;10;1;27;10.1;2304;12:15:09.04;0;-11.85352;19.76763;1;112.57;0;0;6;0;0;0;6;1;50;3;2268090904;0;0;0;63;0
60;10;1;15;10.0;2506;12:15:10.01;0;-7.90067;-23.79109;1;113.53;0;0;6;0;0;0;6;1;49;3;2268091001;0;0;0;63;0
131;10;1;17;10.0;2691;12:15:13.63;0;1.84767;-26.85378;1;117.14;0;0;6;0;0;0;6;1;49;3;2268091363;0;0;0;63;0
160;10;1;22;10.0;2567;12:15:15.70;0;-11.32167;-23.04618;1;119.23;0;0;6;0;0;0;6;1;50;3;2268091570;0;0;0;63;0
13;10;1;19;10.5;1133;12:15:20.22;1;-1.71782;-11.20203;1;123.74;0;0;6;0;0;0;6;1;48;3;2268092022;0;0;0;63;0
219;9;1;38;9.3;4290;12:15:20.26;0;8.61236;-42.02712;1;123.79;0;0;6;0;0;0;6;1;48;3;2268092026;0;0;0;63;0
27;10;1;12;10.6;888;12:15:20.47;1;3.25201;-8.26622;1;123.98;0;0;6;0;0;0;6;1;49;3;2268092047;0;0;0;63;0
119;9;1;20;9.3;4289;12:15:26.33;0;42.67278;4.39503;1;129.85;0;0;6;0;0;0;6;1;49;3;2268092633;0;0;0;63;0
56;7;1;13;7.7;8503;12:15:26.69;0;-52.79682;-66.66246;1;130.21;0;0;6;0;0;0;6;1;50;3;2268092669;0;0;0;63;0
94;10;1;30;10.7;676;12:15:29.01;1;-6.72828;-0.69482;1;132.53;0;0;6;0;0;0;6;1;49;3;2268092901;0;0;0;63;0
144;9;1;33;9.2;4586;12:15:29.09;0;-17.36740;-42.44715;1;132.62;0;0;6;0;0;0;6;1;50;3;2268092909;0;0;0;63;0
73;9;1;28;9.6;3570;12:15:30.63;0;-26.94185;23.43485;1;134.15;0;0;6;0;0;0;6;1;50;3;2268093063;0;0;0;63;0
67;10;1;18;10.0;2643;12:15:34.84;0;1.04304;-26.41250;1;138.36;0;0;6;0;0;0;6;1;48;3;2268093484;0;0;0;63;0
103;10;1;14;10.1;2342;12:15:37.84;0;-19.92669;12.31707;1;141.35;0;0;6;0;0;0;6;1;49;3;2268093784;0;0;0;63;0
60;9;1;15;9.5;3848;12:15:41.16;0;-33.65480;-18.67493;1;144.68;0;0;6;0;0;0;6;1;50;3;2268094116;0;0;0;63;0
224;10;1;37;10.5;1257;12:15:42.52;1;1.47989;-12.48293;1;146.5;0;0;6;0;0;0;6;1;49;3;2268094252;0;0;0;63;0
219;10;1;38;10.5;1206;12:15:45.03;1;-8.69676;8.35693;1;148.56;0;0;6;0;0;0;6;1;49;3;2268094503;0;0;0;63;0
230;10;1;35;10.5;1182;12:15:46.54;1;5.79833;10.30708;1;150.6;0;0;6;0;0;0;6;1;49;3;2268094654;0;0;0;63;0
156;10;1;25;10.2;2196;12:15:48.92;0;4.50803;-21.50114;1;152.44;0;0;6;0;0;0;6;1;49;3;2268094892;0;0;0;63;0
85;10;1;39;10.4;1556;12:15:50.15;0;9.79200;12.09670;1;153.68;0;0;6;0;0;0;6;1;50;3;2268095015;0;0;0;63;0
131;10;1;17;10.0;2583;12:15:52.52;0;6.70702;-24.95164;1;156.3;0;0;6;0;0;0;6;1;50;3;2268095252;0;0;0;63;0
3;10;1;32;10.7;640;12:15:52.30;1;-6.01175;-2.19965;1;155.83;0;0;6;0;0;0;6;1;50;3;2268095230;0;0;0;63;0
27;9;1;12;9.9;2860;12:15:53.79;0;-26.56287;10.62214;1;157.30;0;0;6;0;0;0;6;1;50;3;2268095379;0;0;0;63;0
56;9;1;13;9.9;2809;12:15:55.41;0;-21.17669;18.46980;1;158.93;0;0;6;0;0;7;6;1;51;3;2268095541;0;0;0;63;0
213;10;1;31;10.3;1779;12:15:59.43;0;-1.69483;17.71224;1;162.95;0;0;6;0;0;0;6;1;49;3;2268095943;0;0;0;63;0
34;10;1;26;10.7;797;12:15:59.85;1;-5.53616;5.73372;1;163.38;0;0;6;0;0;0;6;1;50;3;2268095985;0;0;0;63;0
207;9;1;34;9.1;4792;12:16:05.41;0;19.30642;-43.86356;1;168.94;0;0;6;0;0;0;6;1;49;3;2268096541;0;0;0;63;0
219;10;1;38;10.0;2658;12:16:10.01;0;24.95073;-9.18377;1;173.54;0;0;6;0;0;0;6;1;50;3;2268097001;0;0;0;63;0
144;10;1;33;10.0;2524;12:16:10.63;0;0.42526;-25.24268;1;174.16;0;0;6;0;0;7;6;1;51;3;2268097063;0;0;0;63;0
160;10;1;22;10.3;1815;12:16:12.85;0;-3.11124;-17.88932;1;176.38;0;0;6;0;0;7;6;1;51;3;2268097285;0;0;0;63;0
60;9;1;15;9.9;2973;12:16:15.99;0;-28.81540;-7.34249;1;179.51;0;0;6;0;0;7;6;1;51;3;2268097599;0;0;0;63;0
103;10;1;14;10.4;1631;12:16:17.24;0;-15.23662;-5.82855;1;180.75;0;0;6;0;0;0;6;1;50;3;2268097724;0;0;0;63;0
13;10;1;19;10.4;1392;12:16:17.56;1;0.92787;-13.89365;1;181.8;0;0;6;0;0;0;6;1;49;3;2268097756;0;0;0;63;0
27;10;1;12;10.4;1429;12:16:21.78;1;-11.79557;-8.07060;1;185.29;0;0;6;0;0;7;6;1;51;3;2268098178;0;0;0;63;0
170;9;1;40;9.9;2952;12:16:23.15;0;9.07822;-28.09540;1;186.68;0;0;6;0;0;0;6;1;50;3;2268098315;0;0;0;63;0
42;10;1;27;10.3;1940;12:16:25.66;0;9.35306;-17.00230;1;189.19;0;0;6;0;0;7;6;1;51;3;2268098566;0;0;0;63;0
66;10;1;24;10.2;2023;12:16:28.02;0;-8.26798;-18.46783;1;191.54;0;0;6;0;0;0;6;1;49;3;2268098802;0;0;0;63;0
3;9;1;32;9.6;3613;12:16:30.34;0;9.10772;34.96435;1;193.87;0;0;6;0;0;7;6;1;51;3;2268099034;0;0;0;63;0
222;10;1;23;10.6;1109;12:16:33.42;1;-5.98997;9.33866;1;196.94;0;0;6;0;0;0;6;1;50;3;2268099342;0;0;0;63;0
85;10;1;39;10.5;1288;12:16:37.53;1;-12.48442;3.19934;1;201.6;0;0;6;0;0;7;6;1;51;3;2268099753;0;0;0;63;0
213;9;1;31;9.2;4546;12:16:37.63;0;-43.40426;-13.51761;1;201.15;0;0;6;0;0;0;6;1;50;3;2268099763;0;0;0;63;0
207;9;1;34;9.9;2971;12:16:43.29;0;-6.55136;-28.98762;1;206.82;0;0;6;0;0;0;6;1;50;3;2268100329;0;0;0;63;0
103;10;1;14;10.5;1290;12:16:47.68;1;-9.35172;-8.89487;1;211.19;0;0;6;0;0;7;6;1;51;3;2268100768;0;0;0;63;0
219;10;1;38;10.7;667;12:16:47.77;1;-4.80420;-4.63116;1;211.30;0;0;6;0;0;7;6;1;51;3;2268100777;0;0;0;63;0
67;10;1;18;10.1;2233;12:16:49.03;0;-0.30625;-22.33758;1;212.55;0;0;6;0;0;0;6;1;49;3;2268100903;0;0;0;63;0
156;10;1;25;10.8;332;12:16:51.21;1;-0.44944;3.29361;1;214.73;0;0;6;0;0;0;6;1;50;3;2268101121;0;0;0;63;0
66;10;1;24;10.1;2359;12:16:54.57;0;-11.76416;-20.44864;1;218.9;0;0;6;0;0;0;6;1;50;3;2268101457;0;0;0;63;0
170;10;1;40;10.2;2152;12:16:55.01;0;21.33467;-2.84582;1;218.54;0;0;6;0;0;7;6;1;51;3;2268101501;0;0;0;63;0
230;10;1;35;10.5;1208;12:16:55.95;1;10.16121;6.53494;1;219.47;0;0;6;0;0;0;6;1;50;3;2268101595;0;0;0;63;0
224;10;1;37;10.5;1144;12:17:02.77;1;5.30128;-10.14364;1;226.30;0;0;6;0;0;0;6;1;50;3;2268102277;0;0;0;63;0
79;9;1;16;9.3;4427;12:17:03.18;0;-14.32085;-41.89509;1;226.70;0;0;6;0;0;0;6;1;50;3;2268102318;0;0;0;63;0
119;10;1;20;10.5;1241;12:17:03.99;1;-1.50579;12.32347;1;227.51;0;0;6;0;0;0;6;1;50;3;2268102399;0;0;0;63;0
94;10;1;30;10.0;2765;12:17:11.27;0;-16.51632;-22.18042;1;234.79;0;0;6;0;0;0;6;1;50;3;2268103127;0;0;0;63;0
67;10;1;18;10.4;1462;12:17:12.60;1;12.67493;7.29265;1;236.12;0;0;6;0;0;0;6;1;50;3;2268103260;0;0;0;63;0
13;10;1;19;10.2;2172;12:17:16.38;0;-11.58561;-18.37441;1;239.90;0;0;6;0;0;0;6;1;50;3;2268103638;0;0;0;63;0
73;10;1;28;10.0;2736;12:17:19.45;0;-20.74951;17.83937;1;242.97;0;0;6;0;0;7;6;1;51;3;2268103945;0;0;0;63;0
156;9;1;25;9.9;2801;12:17:22.05;0;9.00764;-26.52233;1;245.57;0;0;6;0;0;7;6;1;51;3;2268104205;0;0;0;63;0
34;9;1;26;9.7;3504;12:17:22.28;0;21.06235;28.01454;1;245.81;0;0;6;0;0;7;6;1;51;3;2268104228;0;0;0;63;0
131;10;1;17;10.3;1789;12:17:23.29;0;-13.50311;-11.74421;1;246.80;0;0;6;0;0;7;6;1;51;3;2268104329;0;0;0;63;0
222;10;1;23;10.3;1728;12:17:25.30;0;-8.29464;-15.15982;1;248.82;0;0;6;0;0;7;6;1;51;3;2268104530;0;0;0;63;0
207;9;1;34;9.6;3654;12:17:27.23;0;-4.25562;-36.30019;1;250.76;0;0;6;0;0;7;6;1;51;3;2268104723;0;0;0;63;0
79;9;1;16;9.8;3138;12:17:27.43;0;27.92316;14.31959;1;250.95;0;0;6;0;0;7;6;1;51;3;2268104743;0;0;0;63;0
66;9;1;24;9.1;4938;12:17:30.00;0;22.28595;-44.06532;1;253.52;0;0;6;0;0;7;6;1;51;3;2268105000;0;0;0;63;0
230;9;1;35;9.7;3391;12:17:30.33;0;10.04202;-32.39907;1;253.85;0;0;6;0;0;7;6;1;51;3;2268105033;0;0;0;63;0
119;8;1;20;8.9;5379;12:17:35.48;0;-31.06356;43.91716;1;259.0;0;0;6;0;0;0;6;1;51;3;2268105548;0;0;0;63;0
224;10;1;37;10.0;2634;12:17:36.50;0;-25.01066;8.27538;1;260.3;0;0;6;0;0;7;6;1;51;3;2268105650;0;0;0;63;0
67;9;1;18;9.9;2804;12:17:42.06;0;27.33652;6.27181;1;265.58;0;0;6;0;0;7;6;1;51;3;2268106206;0;0;0;63;0
213;8;1;31;8.4;6660;12:17:42.19;0;-26.00235;61.31819;1;265.71;0;0;6;0;0;7;6;1;51;3;2268106219;0;0;0;63;0
13;9;1;19;9.7;3416;12:17:42.95;0;33.75290;5.30839;1;266.47;0;0;6;0;0;7;6;1;51;3;2268106295;0;0;0;63;0
94;10;1;30;10.0;2614;12:17:45.68;0;-24.10362;10.13079;1;269.20;0;0;6;0;0;7;6;1;51;3;2268106568;0;0;0;63;0
119;10;1;20;10.5;1147;12:18:01.99;1;-10.57219;-4.46913;1;285.51;0;0;6;0;0;7;6;1;52;3;2268108199;0;0;0;63;0
228;10;1;21;10.6;1069;12:20:49.48;1;3.26009;10.18755;1;10.49;0;0;6;0;0;0;6;1;47;3;2268124948;0;0;0;63;0
228;10;1;21;10.4;1530;12:21:11.39;0;5.17754;-14.39928;1;32.40;0;0;6;0;0;0;6;1;48;3;2268127139;0;0;0;63;0
228;10;1;21;10.6;1097;12:21:33.97;1;-6.40822;8.91420;1;54.98;0;0;6;0;0;0;6;1;49;3;2268129397;0;0;0;63;0
228;10;1;21;10.1;2276;12:21:58.37;0;22.39345;4.07435;1;79.38;0;0;6;0;0;0;6;1;50;3;2268131837;0;0;0;63;0
228;10;1;21;10.1;2414;12:22:49.90;0;-19.14808;14.70809;1;130.91;0;0;6;0;0;7;6;1;51;3;2268136990;0;0;0;63;0
